"","ArrayTaskID","numTrials","n","K","num_strong","prob_cycle","trend_fraction","freq","sigma","probWeakCorr","numStrongCorr","strongSelf","corrLevel","corrChange","propChange","changeSize","changeTimeVar","nameID","RMSEaic","RMSEstan","TPRaic","TNRaic","TPRstan","TNRstan"
"1",1,50,100,50,5,0.5,0.5,1,0.5,0.8,3,TRUE,0.9,TRUE,0.75,0,0,"ACPtrial1",1.18942206746556,1.14930213058754,0.8,0.666666666666667,0.333333333333333,1
"2",1,50,100,50,5,0.5,0.5,1,0.5,0.8,3,TRUE,0.9,TRUE,0.75,0,0,"ACPtrial1",1.97563509827581,1.37263949591351,0.8,0.466666666666667,0.285714285714286,1
"3",1,50,100,50,5,0.5,0.5,1,0.5,0.8,3,TRUE,0.9,TRUE,0.75,0,0,"ACPtrial1",0.964752781916541,1.20506619132662,0.4,0.822222222222222,0.2,1
"4",1,50,100,50,5,0.5,0.5,1,0.5,0.8,3,TRUE,0.9,TRUE,0.75,0,0,"ACPtrial1",1.11710180616224,1.22304921675931,0.8,0.822222222222222,0.5,0.977272727272727
"5",1,50,100,50,5,0.5,0.5,1,0.5,0.8,3,TRUE,0.9,TRUE,0.75,0,0,"ACPtrial1",1.80865621739206,0.969097539649347,0.4,0.777777777777778,0.285714285714286,1
"6",1,50,100,50,5,0.5,0.5,1,0.5,0.8,3,TRUE,0.9,TRUE,0.75,0,0,"ACPtrial1",1.56188044101825,1.82886689889619,1,0.711111111111111,0.571428571428571,0.953488372093023
"7",1,50,100,50,5,0.5,0.5,1,0.5,0.8,3,TRUE,0.9,TRUE,0.75,0,0,"ACPtrial1",1.92829384532445,1.22983910221558,0.8,0.488888888888889,0.333333333333333,1
"8",1,50,100,50,5,0.5,0.5,1,0.5,0.8,3,TRUE,0.9,TRUE,0.75,0,0,"ACPtrial1",0.793693999487725,0.927014772343615,0.4,0.777777777777778,0.285714285714286,0.953488372093023
"9",1,50,100,50,5,0.5,0.5,1,0.5,0.8,3,TRUE,0.9,TRUE,0.75,0,0,"ACPtrial1",1.35092733360705,3.0001898723703,0.6,0.666666666666667,0.285714285714286,0.930232558139535
"10",1,50,100,50,5,0.5,0.5,1,0.5,0.8,3,TRUE,0.9,TRUE,0.75,0,0,"ACPtrial1",1.91538760292826,2.07989815593447,0.8,0.777777777777778,0.25,0.976190476190476
"11",1,50,100,50,5,0.5,0.5,1,0.5,0.8,3,TRUE,0.9,TRUE,0.75,0,0,"ACPtrial1",1.62136497126539,1.32382995118054,1,0.6,0.333333333333333,1
"12",1,50,100,50,5,0.5,0.5,1,0.5,0.8,3,TRUE,0.9,TRUE,0.75,0,0,"ACPtrial1",1.29240092521568,1.40844081309661,0.6,0.577777777777778,0.375,0.976190476190476
"13",1,50,100,50,5,0.5,0.5,1,0.5,0.8,3,TRUE,0.9,TRUE,0.75,0,0,"ACPtrial1",1.52058188934694,1.61879878080625,0.8,0.466666666666667,0.1,1
"14",1,50,100,50,5,0.5,0.5,1,0.5,0.8,3,TRUE,0.9,TRUE,0.75,0,0,"ACPtrial1",3.09213048709356,1.307522901949,1,0.177777777777778,0.8,0.822222222222222
"15",1,50,100,50,5,0.5,0.5,1,0.5,0.8,3,TRUE,0.9,TRUE,0.75,0,0,"ACPtrial1",2.65603996584615,2.26433499574868,1,0.755555555555556,0.8,0.977777777777778
"16",1,50,100,50,5,0.5,0.5,1,0.5,0.8,3,TRUE,0.9,TRUE,0.75,0,0,"ACPtrial1",1.46340229451298,1.11287193379186,1,0.688888888888889,0.571428571428571,1
"17",1,50,100,50,5,0.5,0.5,1,0.5,0.8,3,TRUE,0.9,TRUE,0.75,0,0,"ACPtrial1",1.04063748451509,1.11936211068096,0.6,0.711111111111111,0.4,0.977777777777778
"18",1,50,100,50,5,0.5,0.5,1,0.5,0.8,3,TRUE,0.9,TRUE,0.75,0,0,"ACPtrial1",3.08392985418097,1.50259910468084,1,0.377777777777778,0.333333333333333,0.954545454545455
"19",1,50,100,50,5,0.5,0.5,1,0.5,0.8,3,TRUE,0.9,TRUE,0.75,0,0,"ACPtrial1",1.04833527964407,1.24764692952107,0.6,0.688888888888889,0.375,0.976190476190476
"20",1,50,100,50,5,0.5,0.5,1,0.5,0.8,3,TRUE,0.9,TRUE,0.75,0,0,"ACPtrial1",1.40241595171618,1.14848093953769,0.6,0.466666666666667,0.25,1
"21",1,50,100,50,5,0.5,0.5,1,0.5,0.8,3,TRUE,0.9,TRUE,0.75,0,0,"ACPtrial1",1.11043043998102,1.4890886415894,0.8,0.622222222222222,0.25,1
"22",1,50,100,50,5,0.5,0.5,1,0.5,0.8,3,TRUE,0.9,TRUE,0.75,0,0,"ACPtrial1",1.04141220099248,1.19591853717584,1,0.755555555555556,0.8,0.977777777777778
"23",1,50,100,50,5,0.5,0.5,1,0.5,0.8,3,TRUE,0.9,TRUE,0.75,0,0,"ACPtrial1",2.9919379351955,2.006280418972,0.6,0.666666666666667,0.375,0.952380952380952
"24",1,50,100,50,5,0.5,0.5,1,0.5,0.8,3,TRUE,0.9,TRUE,0.75,0,0,"ACPtrial1",1.22166228725891,1.28620772518491,0.6,0.733333333333333,0.4,0.977777777777778
"25",1,50,100,50,5,0.5,0.5,1,0.5,0.8,3,TRUE,0.9,TRUE,0.75,0,0,"ACPtrial1",1.74567164711732,1.46598453304403,1,0.488888888888889,0.571428571428571,0.930232558139535
"26",1,50,100,50,5,0.5,0.5,1,0.5,0.8,3,TRUE,0.9,TRUE,0.75,0,0,"ACPtrial1",1.39940037732144,1.41260589931151,1,0.355555555555556,0.666666666666667,0.886363636363636
"27",1,50,100,50,5,0.5,0.5,1,0.5,0.8,3,TRUE,0.9,TRUE,0.75,0,0,"ACPtrial1",1.93572455024422,1.28736692653377,0.4,0.622222222222222,0.166666666666667,0.954545454545455
"28",1,50,100,50,5,0.5,0.5,1,0.5,0.8,3,TRUE,0.9,TRUE,0.75,0,0,"ACPtrial1",2.28909553684656,1.32192997247446,0.8,0.288888888888889,0.5,1
"29",1,50,100,50,5,0.5,0.5,1,0.5,0.8,3,TRUE,0.9,TRUE,0.75,0,0,"ACPtrial1",1.54022971765044,2.07944936044645,0.4,0.577777777777778,0.222222222222222,0.975609756097561
"30",1,50,100,50,5,0.5,0.5,1,0.5,0.8,3,TRUE,0.9,TRUE,0.75,0,0,"ACPtrial1",1.23722580605273,1.42963464425455,1,0.711111111111111,0.333333333333333,1
"31",1,50,100,50,5,0.5,0.5,1,0.5,0.8,3,TRUE,0.9,TRUE,0.75,0,0,"ACPtrial1",1.20922997908732,1.28717600580818,1,0.711111111111111,0.714285714285714,1
"32",1,50,100,50,5,0.5,0.5,1,0.5,0.8,3,TRUE,0.9,TRUE,0.75,0,0,"ACPtrial1",1.12887681756849,0.947392908334625,0.6,0.822222222222222,0.5,1
"33",1,50,100,50,5,0.5,0.5,1,0.5,0.8,3,TRUE,0.9,TRUE,0.75,0,0,"ACPtrial1",1.95388829457614,1.97255869093869,1,0.577777777777778,0.666666666666667,0.909090909090909
"34",1,50,100,50,5,0.5,0.5,1,0.5,0.8,3,TRUE,0.9,TRUE,0.75,0,0,"ACPtrial1",10.0475985835826,4.73853973231529,0.8,0.511111111111111,0.428571428571429,0.976744186046512
"35",1,50,100,50,5,0.5,0.5,1,0.5,0.8,3,TRUE,0.9,TRUE,0.75,0,0,"ACPtrial1",0.878401272925406,1.03969459523971,0.6,0.866666666666667,0.333333333333333,1
"36",1,50,100,50,5,0.5,0.5,1,0.5,0.8,3,TRUE,0.9,TRUE,0.75,0,0,"ACPtrial1",2.64278940717305,1.24026062671813,0.8,0.0666666666666667,0.142857142857143,1
"37",1,50,100,50,5,0.5,0.5,1,0.5,0.8,3,TRUE,0.9,TRUE,0.75,0,0,"ACPtrial1",1.10601528773108,1.55510443345675,1,0.644444444444444,0.4,0.95
"38",1,50,100,50,5,0.5,0.5,1,0.5,0.8,3,TRUE,0.9,TRUE,0.75,0,0,"ACPtrial1",1.16932666470572,1.25494380760702,0.4,0.733333333333333,0.2,0.975
"39",1,50,100,50,5,0.5,0.5,1,0.5,0.8,3,TRUE,0.9,TRUE,0.75,0,0,"ACPtrial1",1.9026912798937,1.60199054052403,0.8,0.444444444444444,0.5,0.952380952380952
"40",1,50,100,50,5,0.5,0.5,1,0.5,0.8,3,TRUE,0.9,TRUE,0.75,0,0,"ACPtrial1",1.77809293862468,2.38157963574153,0.8,0.466666666666667,0.5,1
"41",1,50,100,50,5,0.5,0.5,1,0.5,0.8,3,TRUE,0.9,TRUE,0.75,0,0,"ACPtrial1",3.65662067925709,1.36721706906829,1,0.6,0.666666666666667,0.977272727272727
"42",1,50,100,50,5,0.5,0.5,1,0.5,0.8,3,TRUE,0.9,TRUE,0.75,0,0,"ACPtrial1",1.07767213736407,1.59237385528227,1,0.688888888888889,0.428571428571429,1
"43",1,50,100,50,5,0.5,0.5,1,0.5,0.8,3,TRUE,0.9,TRUE,0.75,0,0,"ACPtrial1",3.29489796519004,1.64030082862844,1,0.577777777777778,0.666666666666667,0.977272727272727
"44",1,50,100,50,5,0.5,0.5,1,0.5,0.8,3,TRUE,0.9,TRUE,0.75,0,0,"ACPtrial1",1.61079104055675,1.32757610192268,1,0.444444444444444,0.833333333333333,0.977272727272727
"45",1,50,100,50,5,0.5,0.5,1,0.5,0.8,3,TRUE,0.9,TRUE,0.75,0,0,"ACPtrial1",1.83208510027283,1.58020722002635,0.8,0.6,0.571428571428571,0.976744186046512
"46",1,50,100,50,5,0.5,0.5,1,0.5,0.8,3,TRUE,0.9,TRUE,0.75,0,0,"ACPtrial1",2.61403778905015,1.52776374515279,0.8,0.6,0.333333333333333,0.878048780487805
"47",1,50,100,50,5,0.5,0.5,1,0.5,0.8,3,TRUE,0.9,TRUE,0.75,0,0,"ACPtrial1",3.09489128688176,2.19530268074129,0.6,0.488888888888889,0.4,1
"48",1,50,100,50,5,0.5,0.5,1,0.5,0.8,3,TRUE,0.9,TRUE,0.75,0,0,"ACPtrial1",1.19785543230449,1.23720447747318,0.8,0.6,0.285714285714286,0.930232558139535
"49",1,50,100,50,5,0.5,0.5,1,0.5,0.8,3,TRUE,0.9,TRUE,0.75,0,0,"ACPtrial1",4.45793582804227,1.58512253421456,1,0.488888888888889,0.25,0.976190476190476
"50",1,50,100,50,5,0.5,0.5,1,0.5,0.8,3,TRUE,0.9,TRUE,0.75,0,0,"ACPtrial1",1.02405726890807,1.21692428639133,1,0.777777777777778,0.25,1
"51",2,50,100,50,5,0.5,0.5,1,0.5,0.8,3,TRUE,0.9,TRUE,0.75,0,0,"ACPtrial2",1.18944888852498,1.75636802602218,1,0.666666666666667,0.285714285714286,0.976744186046512
"52",2,50,100,50,5,0.5,0.5,1,0.5,0.8,3,TRUE,0.9,TRUE,0.75,0,0,"ACPtrial2",1.10855002107113,1.62950702389097,0.8,0.644444444444444,0.428571428571429,0.953488372093023
"53",2,50,100,50,5,0.5,0.5,1,0.5,0.8,3,TRUE,0.9,TRUE,0.75,0,0,"ACPtrial2",1.08364099517846,1.13511513112606,0.8,0.422222222222222,0.5,0.909090909090909
"54",2,50,100,50,5,0.5,0.5,1,0.5,0.8,3,TRUE,0.9,TRUE,0.75,0,0,"ACPtrial2",2.94936642152993,1.74481140116425,0.8,0.666666666666667,0.222222222222222,0.951219512195122
"55",2,50,100,50,5,0.5,0.5,1,0.5,0.8,3,TRUE,0.9,TRUE,0.75,0,0,"ACPtrial2",3.23000298059477,1.62698477372156,0.6,0.4,0.285714285714286,0.976744186046512
"56",2,50,100,50,5,0.5,0.5,1,0.5,0.8,3,TRUE,0.9,TRUE,0.75,0,0,"ACPtrial2",2.6483175563516,1.60594401307269,0.4,0.644444444444444,0.375,0.976190476190476
"57",2,50,100,50,5,0.5,0.5,1,0.5,0.8,3,TRUE,0.9,TRUE,0.75,0,0,"ACPtrial2",3.64478864765447,1.08254533627895,1,0.444444444444444,0.333333333333333,0.977272727272727
"58",2,50,100,50,5,0.5,0.5,1,0.5,0.8,3,TRUE,0.9,TRUE,0.75,0,0,"ACPtrial2",2.39752584670528,1.37382028523317,1,0.422222222222222,0.375,0.976190476190476
"59",2,50,100,50,5,0.5,0.5,1,0.5,0.8,3,TRUE,0.9,TRUE,0.75,0,0,"ACPtrial2",2.33791526017445,1.90144440109648,1,0.711111111111111,0.666666666666667,0.977272727272727
"60",2,50,100,50,5,0.5,0.5,1,0.5,0.8,3,TRUE,0.9,TRUE,0.75,0,0,"ACPtrial2",1.30137723618924,1.49364541846377,0.6,0.688888888888889,0.333333333333333,0.909090909090909
"61",2,50,100,50,5,0.5,0.5,1,0.5,0.8,3,TRUE,0.9,TRUE,0.75,0,0,"ACPtrial2",0.877604319585973,1.56149197012026,0.6,0.777777777777778,0.222222222222222,0.951219512195122
"62",2,50,100,50,5,0.5,0.5,1,0.5,0.8,3,TRUE,0.9,TRUE,0.75,0,0,"ACPtrial2",1.27044915632858,1.36166711394319,0.8,0.511111111111111,0.375,0.952380952380952
"63",2,50,100,50,5,0.5,0.5,1,0.5,0.8,3,TRUE,0.9,TRUE,0.75,0,0,"ACPtrial2",1.41669664184053,1.0833067417964,1,0.6,0.5,0.976190476190476
"64",2,50,100,50,5,0.5,0.5,1,0.5,0.8,3,TRUE,0.9,TRUE,0.75,0,0,"ACPtrial2",1.87327226772503,1.96757782411545,1,0.688888888888889,0.25,0.976190476190476
"65",2,50,100,50,5,0.5,0.5,1,0.5,0.8,3,TRUE,0.9,TRUE,0.75,0,0,"ACPtrial2",1.5006911219144,1.73994737821976,1,0.488888888888889,0.625,0.952380952380952
"66",2,50,100,50,5,0.5,0.5,1,0.5,0.8,3,TRUE,0.9,TRUE,0.75,0,0,"ACPtrial2",1.03730817515863,1.08181185767076,0.4,0.8,0.333333333333333,0.954545454545455
"67",2,50,100,50,5,0.5,0.5,1,0.5,0.8,3,TRUE,0.9,TRUE,0.75,0,0,"ACPtrial2",2.47538991244053,2.05295844494913,0.8,0.377777777777778,0.333333333333333,0.931818181818182
"68",2,50,100,50,5,0.5,0.5,1,0.5,0.8,3,TRUE,0.9,TRUE,0.75,0,0,"ACPtrial2",1.57689750524347,1.12075186300688,1,0.644444444444444,0.5,1
"69",2,50,100,50,5,0.5,0.5,1,0.5,0.8,3,TRUE,0.9,TRUE,0.75,0,0,"ACPtrial2",2.25596349343343,1.17071322103479,0.6,0.511111111111111,0.0833333333333333,0.973684210526316
"70",2,50,100,50,5,0.5,0.5,1,0.5,0.8,3,TRUE,0.9,TRUE,0.75,0,0,"ACPtrial2",1.15960196661822,1.30980471752804,0.8,0.333333333333333,0.5,0.931818181818182
"71",2,50,100,50,5,0.5,0.5,1,0.5,0.8,3,TRUE,0.9,TRUE,0.75,0,0,"ACPtrial2",1.44505916509755,1.5399739745959,0.8,0.577777777777778,0.285714285714286,1
"72",2,50,100,50,5,0.5,0.5,1,0.5,0.8,3,TRUE,0.9,TRUE,0.75,0,0,"ACPtrial2",3.27786806897799,1.52231988457535,0.6,0.422222222222222,0.428571428571429,0.976744186046512
"73",2,50,100,50,5,0.5,0.5,1,0.5,0.8,3,TRUE,0.9,TRUE,0.75,0,0,"ACPtrial2",2.88578446012389,1.76609975299071,0.6,0.555555555555556,0.333333333333333,0.926829268292683
"74",2,50,100,50,5,0.5,0.5,1,0.5,0.8,3,TRUE,0.9,TRUE,0.75,0,0,"ACPtrial2",3.27904500581918,1.74481243725419,0.8,0.333333333333333,0.4,1
"75",2,50,100,50,5,0.5,0.5,1,0.5,0.8,3,TRUE,0.9,TRUE,0.75,0,0,"ACPtrial2",2.78384227186756,1.85693576940331,0.8,0.333333333333333,0.285714285714286,0.953488372093023
"76",2,50,100,50,5,0.5,0.5,1,0.5,0.8,3,TRUE,0.9,TRUE,0.75,0,0,"ACPtrial2",1.49897079391044,1.3589493683443,1,0.533333333333333,0.666666666666667,1
"77",2,50,100,50,5,0.5,0.5,1,0.5,0.8,3,TRUE,0.9,TRUE,0.75,0,0,"ACPtrial2",1.61177897909806,1.07744659350635,0.8,0.422222222222222,0.4,0.977777777777778
"78",2,50,100,50,5,0.5,0.5,1,0.5,0.8,3,TRUE,0.9,TRUE,0.75,0,0,"ACPtrial2",1.47253109744505,1.43576581080393,0.8,0.688888888888889,0.222222222222222,0.951219512195122
"79",2,50,100,50,5,0.5,0.5,1,0.5,0.8,3,TRUE,0.9,TRUE,0.75,0,0,"ACPtrial2",1.90769375028679,1.16344902870807,1,0.288888888888889,0.857142857142857,1
"80",2,50,100,50,5,0.5,0.5,1,0.5,0.8,3,TRUE,0.9,TRUE,0.75,0,0,"ACPtrial2",3.97498315150205,2.15037836453589,0.4,0.644444444444444,0.142857142857143,0.976744186046512
"81",2,50,100,50,5,0.5,0.5,1,0.5,0.8,3,TRUE,0.9,TRUE,0.75,0,0,"ACPtrial2",1.61398143587598,1.37680102450216,1,0.333333333333333,0.714285714285714,0.953488372093023
"82",2,50,100,50,5,0.5,0.5,1,0.5,0.8,3,TRUE,0.9,TRUE,0.75,0,0,"ACPtrial2",2.59601909809056,1.23581150347345,1,0.288888888888889,0.714285714285714,0.976744186046512
"83",2,50,100,50,5,0.5,0.5,1,0.5,0.8,3,TRUE,0.9,TRUE,0.75,0,0,"ACPtrial2",1.40540056045929,1.78581097678699,1,0.511111111111111,0.833333333333333,0.931818181818182
"84",2,50,100,50,5,0.5,0.5,1,0.5,0.8,3,TRUE,0.9,TRUE,0.75,0,0,"ACPtrial2",1.39319932668099,1.49519134919451,0.8,0.644444444444444,0.4,0.925
"85",2,50,100,50,5,0.5,0.5,1,0.5,0.8,3,TRUE,0.9,TRUE,0.75,0,0,"ACPtrial2",2.88170598923604,1.36104570180311,1,0.466666666666667,0.428571428571429,1
"86",2,50,100,50,5,0.5,0.5,1,0.5,0.8,3,TRUE,0.9,TRUE,0.75,0,0,"ACPtrial2",2.86843716467919,1.85735667177687,1,0.511111111111111,0.666666666666667,0.840909090909091
"87",2,50,100,50,5,0.5,0.5,1,0.5,0.8,3,TRUE,0.9,TRUE,0.75,0,0,"ACPtrial2",1.78965559877219,3.4233955743626,0.8,0.666666666666667,0.25,0.952380952380952
"88",2,50,100,50,5,0.5,0.5,1,0.5,0.8,3,TRUE,0.9,TRUE,0.75,0,0,"ACPtrial2",1.63434963539084,1.38100172764514,0.8,0.511111111111111,0.375,1
"89",2,50,100,50,5,0.5,0.5,1,0.5,0.8,3,TRUE,0.9,TRUE,0.75,0,0,"ACPtrial2",0.907813110867011,1.02397499966916,1,0.688888888888889,0.285714285714286,0.930232558139535
"90",2,50,100,50,5,0.5,0.5,1,0.5,0.8,3,TRUE,0.9,TRUE,0.75,0,0,"ACPtrial2",1.59932192432169,1.95023305741912,1,0.666666666666667,0.5,0.977272727272727
"91",2,50,100,50,5,0.5,0.5,1,0.5,0.8,3,TRUE,0.9,TRUE,0.75,0,0,"ACPtrial2",3.01408171206119,1.52739925009193,1,0.444444444444444,0.333333333333333,0.975609756097561
"92",2,50,100,50,5,0.5,0.5,1,0.5,0.8,3,TRUE,0.9,TRUE,0.75,0,0,"ACPtrial2",2.15241604566621,1.32685675824683,0.8,0.6,0.714285714285714,0.930232558139535
"93",2,50,100,50,5,0.5,0.5,1,0.5,0.8,3,TRUE,0.9,TRUE,0.75,0,0,"ACPtrial2",2.17147448106963,1.77776710947773,1,0.488888888888889,0.571428571428571,0.906976744186046
"94",2,50,100,50,5,0.5,0.5,1,0.5,0.8,3,TRUE,0.9,TRUE,0.75,0,0,"ACPtrial2",1.28414225183543,1.46591908060768,1,0.488888888888889,0.428571428571429,0.930232558139535
"95",2,50,100,50,5,0.5,0.5,1,0.5,0.8,3,TRUE,0.9,TRUE,0.75,0,0,"ACPtrial2",0.75975511981987,1.25514280255195,1,0.688888888888889,0.428571428571429,0.976744186046512
"96",2,50,100,50,5,0.5,0.5,1,0.5,0.8,3,TRUE,0.9,TRUE,0.75,0,0,"ACPtrial2",0.942817614052791,0.949905034974948,1,0.755555555555556,0.5,0.977272727272727
"97",2,50,100,50,5,0.5,0.5,1,0.5,0.8,3,TRUE,0.9,TRUE,0.75,0,0,"ACPtrial2",1.68593119460931,1.43586517384573,0.6,0.777777777777778,0.333333333333333,0.931818181818182
"98",2,50,100,50,5,0.5,0.5,1,0.5,0.8,3,TRUE,0.9,TRUE,0.75,0,0,"ACPtrial2",4.60976729582421,2.02651563452379,0.6,0.466666666666667,0.4,1
"99",2,50,100,50,5,0.5,0.5,1,0.5,0.8,3,TRUE,0.9,TRUE,0.75,0,0,"ACPtrial2",5.50119124060825,3.35278530647877,1,0.422222222222222,0.857142857142857,0.906976744186046
"100",2,50,100,50,5,0.5,0.5,1,0.5,0.8,3,TRUE,0.9,TRUE,0.75,0,0,"ACPtrial2",1.41449160234604,1.7983918892642,0.6,0.622222222222222,0.25,0.976190476190476
"101",3,50,100,50,5,0.5,0.5,1,0.5,0.8,3,TRUE,0.9,TRUE,0.75,0,0,"ACPtrial3",2.02066982229256,1.45373389445254,1,0.2,0.25,1
"102",3,50,100,50,5,0.5,0.5,1,0.5,0.8,3,TRUE,0.9,TRUE,0.75,0,0,"ACPtrial3",1.47605753489867,1.5399425837943,1,0.555555555555556,0.428571428571429,0.930232558139535
"103",3,50,100,50,5,0.5,0.5,1,0.5,0.8,3,TRUE,0.9,TRUE,0.75,0,0,"ACPtrial3",1.4367001573683,1.59511656365629,0.8,0.622222222222222,0.285714285714286,1
"104",3,50,100,50,5,0.5,0.5,1,0.5,0.8,3,TRUE,0.9,TRUE,0.75,0,0,"ACPtrial3",2.08979979148261,1.71540286335681,0.6,0.644444444444444,0.285714285714286,0.976744186046512
"105",3,50,100,50,5,0.5,0.5,1,0.5,0.8,3,TRUE,0.9,TRUE,0.75,0,0,"ACPtrial3",2.38886328035007,1.68843538859714,0.4,0.666666666666667,0.111111111111111,0.975609756097561
"106",3,50,100,50,5,0.5,0.5,1,0.5,0.8,3,TRUE,0.9,TRUE,0.75,0,0,"ACPtrial3",4.87655000317635,2.9976827892963,1,0.6,0.833333333333333,0.977272727272727
"107",3,50,100,50,5,0.5,0.5,1,0.5,0.8,3,TRUE,0.9,TRUE,0.75,0,0,"ACPtrial3",2.97898957104775,1.78615468688651,0.8,0.511111111111111,0.333333333333333,0.909090909090909
"108",3,50,100,50,5,0.5,0.5,1,0.5,0.8,3,TRUE,0.9,TRUE,0.75,0,0,"ACPtrial3",6.59343818997302,1.68209209216306,1,0.355555555555556,0.3,1
"109",3,50,100,50,5,0.5,0.5,1,0.5,0.8,3,TRUE,0.9,TRUE,0.75,0,0,"ACPtrial3",1.6028515513209,1.22601121514109,0.8,0.4,0.285714285714286,1
"110",3,50,100,50,5,0.5,0.5,1,0.5,0.8,3,TRUE,0.9,TRUE,0.75,0,0,"ACPtrial3",2.30392693816895,2.22286399362441,1,0.711111111111111,0.333333333333333,0.975609756097561
"111",3,50,100,50,5,0.5,0.5,1,0.5,0.8,3,TRUE,0.9,TRUE,0.75,0,0,"ACPtrial3",2.05425480855656,2.76519984126535,1,0.355555555555556,0.25,0.976190476190476
"112",3,50,100,50,5,0.5,0.5,1,0.5,0.8,3,TRUE,0.9,TRUE,0.75,0,0,"ACPtrial3",1.80187895202438,3.73112962379675,1,0.688888888888889,0.571428571428571,0.953488372093023
"113",3,50,100,50,5,0.5,0.5,1,0.5,0.8,3,TRUE,0.9,TRUE,0.75,0,0,"ACPtrial3",1.43980763043621,1.46867245580678,0.6,0.6,0.5,0.976190476190476
"114",3,50,100,50,5,0.5,0.5,1,0.5,0.8,3,TRUE,0.9,TRUE,0.75,0,0,"ACPtrial3",1.96078158339494,1.44982205402175,1,0.644444444444444,0.666666666666667,0.909090909090909
"115",3,50,100,50,5,0.5,0.5,1,0.5,0.8,3,TRUE,0.9,TRUE,0.75,0,0,"ACPtrial3",1.60205419136515,1.28712244825079,0.8,0.733333333333333,0.375,0.976190476190476
"116",3,50,100,50,5,0.5,0.5,1,0.5,0.8,3,TRUE,0.9,TRUE,0.75,0,0,"ACPtrial3",1.00617586278782,1.14392837320665,0.4,0.844444444444444,0.285714285714286,1
"117",3,50,100,50,5,0.5,0.5,1,0.5,0.8,3,TRUE,0.9,TRUE,0.75,0,0,"ACPtrial3",0.957468533674543,1.01840786908273,0.8,0.822222222222222,0.6,0.955555555555556
"118",3,50,100,50,5,0.5,0.5,1,0.5,0.8,3,TRUE,0.9,TRUE,0.75,0,0,"ACPtrial3",2.77016103631216,1.43867688125543,0.6,0.6,0.333333333333333,0.931818181818182
"119",3,50,100,50,5,0.5,0.5,1,0.5,0.8,3,TRUE,0.9,TRUE,0.75,0,0,"ACPtrial3",1.68096998339503,1.67907302656467,0.8,0.444444444444444,0.25,0.976190476190476
"120",3,50,100,50,5,0.5,0.5,1,0.5,0.8,3,TRUE,0.9,TRUE,0.75,0,0,"ACPtrial3",3.21046598438911,1.50777691616458,1,0.4,0.4,0.888888888888889
"121",3,50,100,50,5,0.5,0.5,1,0.5,0.8,3,TRUE,0.9,TRUE,0.75,0,0,"ACPtrial3",1.19217702550586,1.01565091038316,0.4,0.666666666666667,0.285714285714286,1
"122",3,50,100,50,5,0.5,0.5,1,0.5,0.8,3,TRUE,0.9,TRUE,0.75,0,0,"ACPtrial3",1.55457721127193,1.15574699068932,0.8,0.333333333333333,0.375,0.952380952380952
"123",3,50,100,50,5,0.5,0.5,1,0.5,0.8,3,TRUE,0.9,TRUE,0.75,0,0,"ACPtrial3",1.57578347504135,1.38508809613706,1,0.4,0.666666666666667,0.977272727272727
"124",3,50,100,50,5,0.5,0.5,1,0.5,0.8,3,TRUE,0.9,TRUE,0.75,0,0,"ACPtrial3",1.88341687137159,1.95915412433144,0.8,0.555555555555556,0.375,0.976190476190476
"125",3,50,100,50,5,0.5,0.5,1,0.5,0.8,3,TRUE,0.9,TRUE,0.75,0,0,"ACPtrial3",1.76563938513311,1.5427304839844,1,0.488888888888889,0.5,0.954545454545455
"126",3,50,100,50,5,0.5,0.5,1,0.5,0.8,3,TRUE,0.9,TRUE,0.75,0,0,"ACPtrial3",1.29146749153307,1.13690546388857,0.6,0.688888888888889,0.25,1
"127",3,50,100,50,5,0.5,0.5,1,0.5,0.8,3,TRUE,0.9,TRUE,0.75,0,0,"ACPtrial3",2.10573739270353,1.23377851684624,1,0.511111111111111,0.428571428571429,1
"128",3,50,100,50,5,0.5,0.5,1,0.5,0.8,3,TRUE,0.9,TRUE,0.75,0,0,"ACPtrial3",1.91414799370919,1.51613134169209,0.8,0.822222222222222,0.5,1
"129",3,50,100,50,5,0.5,0.5,1,0.5,0.8,3,TRUE,0.9,TRUE,0.75,0,0,"ACPtrial3",2.03935015391673,1.84439665380577,0.4,0.577777777777778,0.285714285714286,1
"130",3,50,100,50,5,0.5,0.5,1,0.5,0.8,3,TRUE,0.9,TRUE,0.75,0,0,"ACPtrial3",4.38360008869798,1.4718987430243,0.6,0.555555555555556,0.5,0.954545454545455
"131",3,50,100,50,5,0.5,0.5,1,0.5,0.8,3,TRUE,0.9,TRUE,0.75,0,0,"ACPtrial3",1.27622637822354,1.24827371463927,0.6,0.688888888888889,0.285714285714286,0.930232558139535
"132",3,50,100,50,5,0.5,0.5,1,0.5,0.8,3,TRUE,0.9,TRUE,0.75,0,0,"ACPtrial3",1.7423521331499,1.52844363086089,1,0.488888888888889,0.272727272727273,0.974358974358974
"133",3,50,100,50,5,0.5,0.5,1,0.5,0.8,3,TRUE,0.9,TRUE,0.75,0,0,"ACPtrial3",0.812253114011588,1.4611807797674,0.6,0.777777777777778,0.363636363636364,0.974358974358974
"134",3,50,100,50,5,0.5,0.5,1,0.5,0.8,3,TRUE,0.9,TRUE,0.75,0,0,"ACPtrial3",4.71380770657537,2.35429977014718,0.8,0.755555555555556,0.428571428571429,0.953488372093023
"135",3,50,100,50,5,0.5,0.5,1,0.5,0.8,3,TRUE,0.9,TRUE,0.75,0,0,"ACPtrial3",1.53504704073047,1.39741719800719,1,0.555555555555556,0.5,1
"136",3,50,100,50,5,0.5,0.5,1,0.5,0.8,3,TRUE,0.9,TRUE,0.75,0,0,"ACPtrial3",6.85791754601225,1.85785107997564,0.6,0.488888888888889,0.285714285714286,0.976744186046512
"137",3,50,100,50,5,0.5,0.5,1,0.5,0.8,3,TRUE,0.9,TRUE,0.75,0,0,"ACPtrial3",1.36794657351486,2.1584972328384,0.8,0.533333333333333,0.333333333333333,1
"138",3,50,100,50,5,0.5,0.5,1,0.5,0.8,3,TRUE,0.9,TRUE,0.75,0,0,"ACPtrial3",2.41129294166246,1.66598492650825,0.8,0.555555555555556,0.714285714285714,1
"139",3,50,100,50,5,0.5,0.5,1,0.5,0.8,3,TRUE,0.9,TRUE,0.75,0,0,"ACPtrial3",1.23513280580022,2.47308167339422,1,0.711111111111111,0.363636363636364,0.974358974358974
"140",3,50,100,50,5,0.5,0.5,1,0.5,0.8,3,TRUE,0.9,TRUE,0.75,0,0,"ACPtrial3",2.73537713584264,2.08979486515389,1,0.622222222222222,0.5,0.95
"141",3,50,100,50,5,0.5,0.5,1,0.5,0.8,3,TRUE,0.9,TRUE,0.75,0,0,"ACPtrial3",1.78918142914704,1.53388790665374,1,0.444444444444444,0.333333333333333,0.951219512195122
"142",3,50,100,50,5,0.5,0.5,1,0.5,0.8,3,TRUE,0.9,TRUE,0.75,0,0,"ACPtrial3",1.69635791209006,1.62090955291486,0.6,0.355555555555556,0.714285714285714,0.953488372093023
"143",3,50,100,50,5,0.5,0.5,1,0.5,0.8,3,TRUE,0.9,TRUE,0.75,0,0,"ACPtrial3",3.3137032540661,1.93818012171113,0.6,0.733333333333333,0.333333333333333,1
"144",3,50,100,50,5,0.5,0.5,1,0.5,0.8,3,TRUE,0.9,TRUE,0.75,0,0,"ACPtrial3",1.54891273440518,1.41915346652773,1,0.555555555555556,0.625,0.976190476190476
"145",3,50,100,50,5,0.5,0.5,1,0.5,0.8,3,TRUE,0.9,TRUE,0.75,0,0,"ACPtrial3",1.39656076676596,1.36148557853623,0.6,0.666666666666667,0.2,0.925
"146",3,50,100,50,5,0.5,0.5,1,0.5,0.8,3,TRUE,0.9,TRUE,0.75,0,0,"ACPtrial3",1.59692051091248,0.975321679324239,0.4,0.377777777777778,0.333333333333333,0.931818181818182
"147",3,50,100,50,5,0.5,0.5,1,0.5,0.8,3,TRUE,0.9,TRUE,0.75,0,0,"ACPtrial3",1.56740198325815,1.69177910588945,1,0.311111111111111,0.5,0.977272727272727
"148",3,50,100,50,5,0.5,0.5,1,0.5,0.8,3,TRUE,0.9,TRUE,0.75,0,0,"ACPtrial3",4.6030622766313,1.12035114462421,0.8,0.422222222222222,0.25,0.952380952380952
"149",3,50,100,50,5,0.5,0.5,1,0.5,0.8,3,TRUE,0.9,TRUE,0.75,0,0,"ACPtrial3",1.67701410521768,2.04186841245851,1,0.644444444444444,0.444444444444444,0.951219512195122
"150",3,50,100,50,5,0.5,0.5,1,0.5,0.8,3,TRUE,0.9,TRUE,0.75,0,0,"ACPtrial3",1.57282832242373,1.24755849131879,0.6,0.266666666666667,0.428571428571429,1
"151",4,50,100,50,5,0.5,0.5,1,0.5,0.8,3,TRUE,0.9,TRUE,0.75,0,0,"ACPtrial4",1.17121040716425,1.12913376382584,0.4,0.644444444444444,0.4,0.933333333333333
"152",4,50,100,50,5,0.5,0.5,1,0.5,0.8,3,TRUE,0.9,TRUE,0.75,0,0,"ACPtrial4",0.932973960926824,1.12725152880848,1,0.844444444444444,0.375,0.976190476190476
"153",4,50,100,50,5,0.5,0.5,1,0.5,0.8,3,TRUE,0.9,TRUE,0.75,0,0,"ACPtrial4",2.365496013698,1.59755649600577,1,0.333333333333333,0.444444444444444,0.926829268292683
"154",4,50,100,50,5,0.5,0.5,1,0.5,0.8,3,TRUE,0.9,TRUE,0.75,0,0,"ACPtrial4",2.18949177902091,1.50725408006096,0.8,0.622222222222222,0.3,0.95
"155",4,50,100,50,5,0.5,0.5,1,0.5,0.8,3,TRUE,0.9,TRUE,0.75,0,0,"ACPtrial4",1.23343472851104,1.20333571291121,0.4,0.755555555555556,0.5,1
"156",4,50,100,50,5,0.5,0.5,1,0.5,0.8,3,TRUE,0.9,TRUE,0.75,0,0,"ACPtrial4",1.32955547467817,1.3519021567327,0.6,0.688888888888889,0.25,0.952380952380952
"157",4,50,100,50,5,0.5,0.5,1,0.5,0.8,3,TRUE,0.9,TRUE,0.75,0,0,"ACPtrial4",1.93433577856797,1.41363272749945,0.8,0.688888888888889,0.375,0.952380952380952
"158",4,50,100,50,5,0.5,0.5,1,0.5,0.8,3,TRUE,0.9,TRUE,0.75,0,0,"ACPtrial4",1.13582077421662,1.44113840279848,0.8,0.711111111111111,0.666666666666667,0.977272727272727
"159",4,50,100,50,5,0.5,0.5,1,0.5,0.8,3,TRUE,0.9,TRUE,0.75,0,0,"ACPtrial4",1.31110797178397,1.39806256148619,0.6,0.555555555555556,0.4,0.977777777777778
"160",4,50,100,50,5,0.5,0.5,1,0.5,0.8,3,TRUE,0.9,TRUE,0.75,0,0,"ACPtrial4",1.71830894025797,1.78886473642886,1,0.4,0.444444444444444,0.951219512195122
"161",4,50,100,50,5,0.5,0.5,1,0.5,0.8,3,TRUE,0.9,TRUE,0.75,0,0,"ACPtrial4",2.49305863160472,1.31489258205204,0.8,0.622222222222222,0.5,0.976190476190476
"162",4,50,100,50,5,0.5,0.5,1,0.5,0.8,3,TRUE,0.9,TRUE,0.75,0,0,"ACPtrial4",1.54575142386007,1.66106573101947,1,0.6,0.5,0.904761904761905
"163",4,50,100,50,5,0.5,0.5,1,0.5,0.8,3,TRUE,0.9,TRUE,0.75,0,0,"ACPtrial4",2.09435514447011,1.41871932455171,1,0.222222222222222,0.666666666666667,0.954545454545455
"164",4,50,100,50,5,0.5,0.5,1,0.5,0.8,3,TRUE,0.9,TRUE,0.75,0,0,"ACPtrial4",1.08879115731217,1.03923837770587,0.6,0.555555555555556,0.333333333333333,0.954545454545455
"165",4,50,100,50,5,0.5,0.5,1,0.5,0.8,3,TRUE,0.9,TRUE,0.75,0,0,"ACPtrial4",1.60648318156751,1.75723157161827,1,0.422222222222222,0.714285714285714,0.930232558139535
"166",4,50,100,50,5,0.5,0.5,1,0.5,0.8,3,TRUE,0.9,TRUE,0.75,0,0,"ACPtrial4",1.79672888279581,1.24179043068956,0.6,0.555555555555556,0.444444444444444,0.951219512195122
"167",4,50,100,50,5,0.5,0.5,1,0.5,0.8,3,TRUE,0.9,TRUE,0.75,0,0,"ACPtrial4",2.87525064305027,1.34195559520035,0.6,0.644444444444444,0.375,0.952380952380952
"168",4,50,100,50,5,0.5,0.5,1,0.5,0.8,3,TRUE,0.9,TRUE,0.75,0,0,"ACPtrial4",1.39803518413434,1.29202947534182,0.8,0.533333333333333,0.375,0.952380952380952
"169",4,50,100,50,5,0.5,0.5,1,0.5,0.8,3,TRUE,0.9,TRUE,0.75,0,0,"ACPtrial4",1.46437349915899,1.0468164804798,0.4,0.533333333333333,0.285714285714286,1
"170",4,50,100,50,5,0.5,0.5,1,0.5,0.8,3,TRUE,0.9,TRUE,0.75,0,0,"ACPtrial4",1.34849111766756,2.1950658851907,1,0.711111111111111,0.444444444444444,0.951219512195122
"171",4,50,100,50,5,0.5,0.5,1,0.5,0.8,3,TRUE,0.9,TRUE,0.75,0,0,"ACPtrial4",1.20799678518039,2.65411479351077,0.6,0.777777777777778,0.25,1
"172",4,50,100,50,5,0.5,0.5,1,0.5,0.8,3,TRUE,0.9,TRUE,0.75,0,0,"ACPtrial4",1.03195687098443,1.13309347437105,1,0.688888888888889,0.571428571428571,1
"173",4,50,100,50,5,0.5,0.5,1,0.5,0.8,3,TRUE,0.9,TRUE,0.75,0,0,"ACPtrial4",1.28526498350123,0.850264502431564,0.8,0.311111111111111,0.285714285714286,0.86046511627907
"174",4,50,100,50,5,0.5,0.5,1,0.5,0.8,3,TRUE,0.9,TRUE,0.75,0,0,"ACPtrial4",1.64457901886938,1.22130063541377,0.4,0.511111111111111,0.5,0.977272727272727
"175",4,50,100,50,5,0.5,0.5,1,0.5,0.8,3,TRUE,0.9,TRUE,0.75,0,0,"ACPtrial4",1.39866077296573,1.271395660572,1,0.222222222222222,0.428571428571429,0.906976744186046
"176",4,50,100,50,5,0.5,0.5,1,0.5,0.8,3,TRUE,0.9,TRUE,0.75,0,0,"ACPtrial4",1.01296489194171,1.30877292827014,0.6,0.822222222222222,0.142857142857143,0.976744186046512
"177",4,50,100,50,5,0.5,0.5,1,0.5,0.8,3,TRUE,0.9,TRUE,0.75,0,0,"ACPtrial4",1.75980938737119,0.962274120052544,1,0.288888888888889,0.333333333333333,1
"178",4,50,100,50,5,0.5,0.5,1,0.5,0.8,3,TRUE,0.9,TRUE,0.75,0,0,"ACPtrial4",1.97829744705022,1.69309818015011,0.6,0.8,0.222222222222222,0.975609756097561
"179",4,50,100,50,5,0.5,0.5,1,0.5,0.8,3,TRUE,0.9,TRUE,0.75,0,0,"ACPtrial4",4.83361554871555,1.62583076389079,0.8,0.355555555555556,0.333333333333333,1
"180",4,50,100,50,5,0.5,0.5,1,0.5,0.8,3,TRUE,0.9,TRUE,0.75,0,0,"ACPtrial4",2.60558803346562,1.45411479601595,0.8,0.266666666666667,0.333333333333333,0.931818181818182
"181",4,50,100,50,5,0.5,0.5,1,0.5,0.8,3,TRUE,0.9,TRUE,0.75,0,0,"ACPtrial4",0.711285614114426,1.44891594306288,0.8,0.733333333333333,0.571428571428571,0.953488372093023
"182",4,50,100,50,5,0.5,0.5,1,0.5,0.8,3,TRUE,0.9,TRUE,0.75,0,0,"ACPtrial4",1.59555801646819,1.17925845886494,0.8,0.755555555555556,0.25,1
"183",4,50,100,50,5,0.5,0.5,1,0.5,0.8,3,TRUE,0.9,TRUE,0.75,0,0,"ACPtrial4",2.04049466787143,1.70138652288668,1,0.355555555555556,0.428571428571429,1
"184",4,50,100,50,5,0.5,0.5,1,0.5,0.8,3,TRUE,0.9,TRUE,0.75,0,0,"ACPtrial4",3.04600004133554,2.97641206986642,0.4,0.577777777777778,0.428571428571429,0.976744186046512
"185",4,50,100,50,5,0.5,0.5,1,0.5,0.8,3,TRUE,0.9,TRUE,0.75,0,0,"ACPtrial4",7.0002697293669,1.60042067286861,0.8,0.155555555555556,0.25,0.976190476190476
"186",4,50,100,50,5,0.5,0.5,1,0.5,0.8,3,TRUE,0.9,TRUE,0.75,0,0,"ACPtrial4",1.07093643909177,1.18475808514941,0.6,0.6,0.428571428571429,1
"187",4,50,100,50,5,0.5,0.5,1,0.5,0.8,3,TRUE,0.9,TRUE,0.75,0,0,"ACPtrial4",1.13143460174297,1.24050661441384,1,0.666666666666667,0.5,1
"188",4,50,100,50,5,0.5,0.5,1,0.5,0.8,3,TRUE,0.9,TRUE,0.75,0,0,"ACPtrial4",1.78672209584748,1.51536101077667,0.6,0.533333333333333,0.333333333333333,0.954545454545455
"189",4,50,100,50,5,0.5,0.5,1,0.5,0.8,3,TRUE,0.9,TRUE,0.75,0,0,"ACPtrial4",1.68647729661799,1.23226289190847,0.6,0.422222222222222,0.375,0.976190476190476
"190",4,50,100,50,5,0.5,0.5,1,0.5,0.8,3,TRUE,0.9,TRUE,0.75,0,0,"ACPtrial4",2.09363013633052,1.23540420299232,1,0.488888888888889,0.666666666666667,0.977272727272727
"191",4,50,100,50,5,0.5,0.5,1,0.5,0.8,3,TRUE,0.9,TRUE,0.75,0,0,"ACPtrial4",2.61023688998774,2.54645595204733,0.8,0.4,0.444444444444444,0.951219512195122
"192",4,50,100,50,5,0.5,0.5,1,0.5,0.8,3,TRUE,0.9,TRUE,0.75,0,0,"ACPtrial4",1.48101133471836,1.95701993674772,0.6,0.511111111111111,0.3,0.975
"193",4,50,100,50,5,0.5,0.5,1,0.5,0.8,3,TRUE,0.9,TRUE,0.75,0,0,"ACPtrial4",1.81099866384422,1.63297945593562,0.8,0.622222222222222,0.571428571428571,0.953488372093023
"194",4,50,100,50,5,0.5,0.5,1,0.5,0.8,3,TRUE,0.9,TRUE,0.75,0,0,"ACPtrial4",2.71948714700919,2.23288673392585,1,0.622222222222222,0.4,0.955555555555556
"195",4,50,100,50,5,0.5,0.5,1,0.5,0.8,3,TRUE,0.9,TRUE,0.75,0,0,"ACPtrial4",2.31995178230979,2.83652848033657,0.4,0.577777777777778,0.2,1
"196",4,50,100,50,5,0.5,0.5,1,0.5,0.8,3,TRUE,0.9,TRUE,0.75,0,0,"ACPtrial4",3.51268429634553,2.84240321547416,0.6,0.777777777777778,0.3,0.95
"197",4,50,100,50,5,0.5,0.5,1,0.5,0.8,3,TRUE,0.9,TRUE,0.75,0,0,"ACPtrial4",1.46374474733442,1.76244571740079,1,0.488888888888889,0.666666666666667,0.954545454545455
"198",4,50,100,50,5,0.5,0.5,1,0.5,0.8,3,TRUE,0.9,TRUE,0.75,0,0,"ACPtrial4",2.61163284170431,2.47967340633706,0.8,0.711111111111111,0.444444444444444,0.975609756097561
"199",4,50,100,50,5,0.5,0.5,1,0.5,0.8,3,TRUE,0.9,TRUE,0.75,0,0,"ACPtrial4",1.5770491052943,2.43308911201555,1,0.533333333333333,0.4,0.888888888888889
"200",4,50,100,50,5,0.5,0.5,1,0.5,0.8,3,TRUE,0.9,TRUE,0.75,0,0,"ACPtrial4",2.2677027246589,1.88054582923978,0.6,0.711111111111111,0.375,0.952380952380952
"201",5,50,100,50,5,0.5,0.5,1,0.5,0.8,3,TRUE,0.9,TRUE,0.75,0,0,"ACPtrial5",1.40584427567121,1.26528130680785,1,0.555555555555556,0.857142857142857,0.976744186046512
"202",5,50,100,50,5,0.5,0.5,1,0.5,0.8,3,TRUE,0.9,TRUE,0.75,0,0,"ACPtrial5",1.50987586190558,1.32053612207564,0.8,0.4,0.333333333333333,1
"203",5,50,100,50,5,0.5,0.5,1,0.5,0.8,3,TRUE,0.9,TRUE,0.75,0,0,"ACPtrial5",5.78646993701516,1.37035487723519,1,0.0222222222222222,0.5,0.977272727272727
"204",5,50,100,50,5,0.5,0.5,1,0.5,0.8,3,TRUE,0.9,TRUE,0.75,0,0,"ACPtrial5",1.25995784024683,1.44212814679818,0.8,0.733333333333333,0.272727272727273,0.948717948717949
"205",5,50,100,50,5,0.5,0.5,1,0.5,0.8,3,TRUE,0.9,TRUE,0.75,0,0,"ACPtrial5",2.1484188426201,1.42212813925031,1,0.466666666666667,0.571428571428571,0.976744186046512
"206",5,50,100,50,5,0.5,0.5,1,0.5,0.8,3,TRUE,0.9,TRUE,0.75,0,0,"ACPtrial5",0.961901609046744,2.41111627009622,0.6,0.822222222222222,0.333333333333333,0.977272727272727
"207",5,50,100,50,5,0.5,0.5,1,0.5,0.8,3,TRUE,0.9,TRUE,0.75,0,0,"ACPtrial5",1.24493550432785,1.2304016323597,1,0.711111111111111,0.5,0.977272727272727
"208",5,50,100,50,5,0.5,0.5,1,0.5,0.8,3,TRUE,0.9,TRUE,0.75,0,0,"ACPtrial5",1.51265320404483,1.96884842999626,1,0.533333333333333,0.5,1
"209",5,50,100,50,5,0.5,0.5,1,0.5,0.8,3,TRUE,0.9,TRUE,0.75,0,0,"ACPtrial5",1.24313562682915,2.14636531469141,1,0.666666666666667,0.428571428571429,0.930232558139535
"210",5,50,100,50,5,0.5,0.5,1,0.5,0.8,3,TRUE,0.9,TRUE,0.75,0,0,"ACPtrial5",1.62705111104184,1.55202332770378,0.8,0.688888888888889,0.333333333333333,0.977272727272727
"211",5,50,100,50,5,0.5,0.5,1,0.5,0.8,3,TRUE,0.9,TRUE,0.75,0,0,"ACPtrial5",2.56059631423163,1.68334087814048,1,0.422222222222222,0.8,0.866666666666667
"212",5,50,100,50,5,0.5,0.5,1,0.5,0.8,3,TRUE,0.9,TRUE,0.75,0,0,"ACPtrial5",1.11834750316069,1.5442017349111,0.6,0.666666666666667,0.333333333333333,1
"213",5,50,100,50,5,0.5,0.5,1,0.5,0.8,3,TRUE,0.9,TRUE,0.75,0,0,"ACPtrial5",1.35080704366317,1.62361137650744,0.8,0.577777777777778,0.545454545454545,1
"214",5,50,100,50,5,0.5,0.5,1,0.5,0.8,3,TRUE,0.9,TRUE,0.75,0,0,"ACPtrial5",1.77723322821466,1.32853529066102,0.8,0.6,0.375,1
"215",5,50,100,50,5,0.5,0.5,1,0.5,0.8,3,TRUE,0.9,TRUE,0.75,0,0,"ACPtrial5",1.08809122520557,1.31774514856769,1,0.533333333333333,1,0.933333333333333
"216",5,50,100,50,5,0.5,0.5,1,0.5,0.8,3,TRUE,0.9,TRUE,0.75,0,0,"ACPtrial5",1.64207890900842,1.00154532133595,0.8,0.466666666666667,0.666666666666667,1
"217",5,50,100,50,5,0.5,0.5,1,0.5,0.8,3,TRUE,0.9,TRUE,0.75,0,0,"ACPtrial5",3.3284792701955,3.10788864419431,0.6,0.555555555555556,0.285714285714286,0.976744186046512
"218",5,50,100,50,5,0.5,0.5,1,0.5,0.8,3,TRUE,0.9,TRUE,0.75,0,0,"ACPtrial5",7.12722078296875,2.05035765855592,0.8,0.266666666666667,0.285714285714286,0.976744186046512
"219",5,50,100,50,5,0.5,0.5,1,0.5,0.8,3,TRUE,0.9,TRUE,0.75,0,0,"ACPtrial5",1.93427637376942,1.70569242523195,0.6,0.733333333333333,0.4,0.977777777777778
"220",5,50,100,50,5,0.5,0.5,1,0.5,0.8,3,TRUE,0.9,TRUE,0.75,0,0,"ACPtrial5",1.3589618576749,1.15058609817244,1,0.4,0.428571428571429,0.976744186046512
"221",5,50,100,50,5,0.5,0.5,1,0.5,0.8,3,TRUE,0.9,TRUE,0.75,0,0,"ACPtrial5",1.30640395925226,1.11292197767697,1,0.488888888888889,1,0.977272727272727
"222",5,50,100,50,5,0.5,0.5,1,0.5,0.8,3,TRUE,0.9,TRUE,0.75,0,0,"ACPtrial5",1.35314404240176,1.17387007074241,1,0.555555555555556,0.375,0.976190476190476
"223",5,50,100,50,5,0.5,0.5,1,0.5,0.8,3,TRUE,0.9,TRUE,0.75,0,0,"ACPtrial5",1.68388211954036,1.90216018888807,0.4,0.755555555555556,0.2,1
"224",5,50,100,50,5,0.5,0.5,1,0.5,0.8,3,TRUE,0.9,TRUE,0.75,0,0,"ACPtrial5",2.25823425423411,1.95978692744286,1,0.577777777777778,0.666666666666667,0.909090909090909
"225",5,50,100,50,5,0.5,0.5,1,0.5,0.8,3,TRUE,0.9,TRUE,0.75,0,0,"ACPtrial5",2.53803147278791,1.63237209564535,0.6,0.422222222222222,0.333333333333333,1
"226",5,50,100,50,5,0.5,0.5,1,0.5,0.8,3,TRUE,0.9,TRUE,0.75,0,0,"ACPtrial5",2.3670568470511,2.99846062825722,0.8,0.355555555555556,0.3,0.875
"227",5,50,100,50,5,0.5,0.5,1,0.5,0.8,3,TRUE,0.9,TRUE,0.75,0,0,"ACPtrial5",1.3686313454341,0.854006122035651,1,0.222222222222222,0.428571428571429,0.953488372093023
"228",5,50,100,50,5,0.5,0.5,1,0.5,0.8,3,TRUE,0.9,TRUE,0.75,0,0,"ACPtrial5",2.83384833906898,2.1595442835928,0.6,0.6,0.333333333333333,1
"229",5,50,100,50,5,0.5,0.5,1,0.5,0.8,3,TRUE,0.9,TRUE,0.75,0,0,"ACPtrial5",2.06575093501876,1.46796282439083,0.6,0.355555555555556,0.285714285714286,0.976744186046512
"230",5,50,100,50,5,0.5,0.5,1,0.5,0.8,3,TRUE,0.9,TRUE,0.75,0,0,"ACPtrial5",1.45915796421917,1.3602649644061,0.8,0.666666666666667,0.3,0.975
"231",5,50,100,50,5,0.5,0.5,1,0.5,0.8,3,TRUE,0.9,TRUE,0.75,0,0,"ACPtrial5",1.83619949217929,1.44065195050638,0.8,0.377777777777778,0.4,0.977777777777778
"232",5,50,100,50,5,0.5,0.5,1,0.5,0.8,3,TRUE,0.9,TRUE,0.75,0,0,"ACPtrial5",1.92061086244018,1.40274599283271,1,0.533333333333333,0.833333333333333,0.954545454545455
"233",5,50,100,50,5,0.5,0.5,1,0.5,0.8,3,TRUE,0.9,TRUE,0.75,0,0,"ACPtrial5",2.79392141711217,1.00127564634403,1,0.288888888888889,0.222222222222222,0.975609756097561
"234",5,50,100,50,5,0.5,0.5,1,0.5,0.8,3,TRUE,0.9,TRUE,0.75,0,0,"ACPtrial5",2.63239158528038,2.69317263151051,1,0.444444444444444,0.333333333333333,0.931818181818182
"235",5,50,100,50,5,0.5,0.5,1,0.5,0.8,3,TRUE,0.9,TRUE,0.75,0,0,"ACPtrial5",1.93706090140807,2.66932958467453,1,0.222222222222222,0.363636363636364,0.846153846153846
"236",5,50,100,50,5,0.5,0.5,1,0.5,0.8,3,TRUE,0.9,TRUE,0.75,0,0,"ACPtrial5",1.44282678083151,1.51161180067561,1,0.488888888888889,0.375,1
"237",5,50,100,50,5,0.5,0.5,1,0.5,0.8,3,TRUE,0.9,TRUE,0.75,0,0,"ACPtrial5",1.91003414277069,1.82822670813057,1,0.666666666666667,0.8,0.955555555555556
"238",5,50,100,50,5,0.5,0.5,1,0.5,0.8,3,TRUE,0.9,TRUE,0.75,0,0,"ACPtrial5",3.56337712032274,1.94816418402069,0.8,0.577777777777778,0.333333333333333,0.951219512195122
"239",5,50,100,50,5,0.5,0.5,1,0.5,0.8,3,TRUE,0.9,TRUE,0.75,0,0,"ACPtrial5",1.70846178916676,1.77025692680969,0.8,0.688888888888889,0.375,0.952380952380952
"240",5,50,100,50,5,0.5,0.5,1,0.5,0.8,3,TRUE,0.9,TRUE,0.75,0,0,"ACPtrial5",4.41162979880346,2.0748987562379,0.6,0.533333333333333,0.363636363636364,0.974358974358974
"241",5,50,100,50,5,0.5,0.5,1,0.5,0.8,3,TRUE,0.9,TRUE,0.75,0,0,"ACPtrial5",1.77728581921757,1.46697876969215,1,0.377777777777778,0.428571428571429,0.976744186046512
"242",5,50,100,50,5,0.5,0.5,1,0.5,0.8,3,TRUE,0.9,TRUE,0.75,0,0,"ACPtrial5",1.44793436997994,1.20111575092079,0.8,0.533333333333333,0.6,0.977777777777778
"243",5,50,100,50,5,0.5,0.5,1,0.5,0.8,3,TRUE,0.9,TRUE,0.75,0,0,"ACPtrial5",4.1425502844193,1.12438251521116,1,0.488888888888889,0.125,1
"244",5,50,100,50,5,0.5,0.5,1,0.5,0.8,3,TRUE,0.9,TRUE,0.75,0,0,"ACPtrial5",1.49980052506519,1.38179487569283,0.8,0.444444444444444,0.428571428571429,0.906976744186046
"245",5,50,100,50,5,0.5,0.5,1,0.5,0.8,3,TRUE,0.9,TRUE,0.75,0,0,"ACPtrial5",1.79732080590817,1.49696444765206,0.8,0.555555555555556,0.666666666666667,0.909090909090909
"246",5,50,100,50,5,0.5,0.5,1,0.5,0.8,3,TRUE,0.9,TRUE,0.75,0,0,"ACPtrial5",1.61248606651502,1.92310250684514,0.6,0.511111111111111,0.285714285714286,0.930232558139535
"247",5,50,100,50,5,0.5,0.5,1,0.5,0.8,3,TRUE,0.9,TRUE,0.75,0,0,"ACPtrial5",1.71583929331695,1.40324707102048,1,0.4,0.857142857142857,1
"248",5,50,100,50,5,0.5,0.5,1,0.5,0.8,3,TRUE,0.9,TRUE,0.75,0,0,"ACPtrial5",2.31013549377676,1.57407057659002,0.8,0.8,0.333333333333333,1
"249",5,50,100,50,5,0.5,0.5,1,0.5,0.8,3,TRUE,0.9,TRUE,0.75,0,0,"ACPtrial5",7.305831993678,1.80469257261857,1,0.177777777777778,0.333333333333333,0.975609756097561
"250",5,50,100,50,5,0.5,0.5,1,0.5,0.8,3,TRUE,0.9,TRUE,0.75,0,0,"ACPtrial5",3.36425454243451,1.51891543465319,0.4,0.777777777777778,0.25,1
"251",6,50,100,50,5,0.5,0.5,1,0.5,0.8,3,TRUE,0.9,TRUE,0.75,0,0,"ACPtrial6",1.1603111617495,1.12090296958723,0.4,0.733333333333333,0.4,0.977777777777778
"252",6,50,100,50,5,0.5,0.5,1,0.5,0.8,3,TRUE,0.9,TRUE,0.75,0,0,"ACPtrial6",4.8072388521757,1.17078893452466,0.8,0.4,0.285714285714286,0.953488372093023
"253",6,50,100,50,5,0.5,0.5,1,0.5,0.8,3,TRUE,0.9,TRUE,0.75,0,0,"ACPtrial6",1.26132805084381,1.57816013849671,1,0.444444444444444,0.666666666666667,0.954545454545455
"254",6,50,100,50,5,0.5,0.5,1,0.5,0.8,3,TRUE,0.9,TRUE,0.75,0,0,"ACPtrial6",1.31097362635737,1.60426636758673,1,0.622222222222222,0.4,0.933333333333333
"255",6,50,100,50,5,0.5,0.5,1,0.5,0.8,3,TRUE,0.9,TRUE,0.75,0,0,"ACPtrial6",4.37290804772081,2.2179210628912,0.8,0.688888888888889,0.428571428571429,0.953488372093023
"256",6,50,100,50,5,0.5,0.5,1,0.5,0.8,3,TRUE,0.9,TRUE,0.75,0,0,"ACPtrial6",1.14466648734806,1.53146033802579,0.8,0.755555555555556,0.428571428571429,1
"257",6,50,100,50,5,0.5,0.5,1,0.5,0.8,3,TRUE,0.9,TRUE,0.75,0,0,"ACPtrial6",1.65777224929311,2.23110372057908,0.6,0.6,0.428571428571429,0.953488372093023
"258",6,50,100,50,5,0.5,0.5,1,0.5,0.8,3,TRUE,0.9,TRUE,0.75,0,0,"ACPtrial6",2.05003757170861,1.390440462099,1,0.311111111111111,0.8,0.866666666666667
"259",6,50,100,50,5,0.5,0.5,1,0.5,0.8,3,TRUE,0.9,TRUE,0.75,0,0,"ACPtrial6",1.87586776375686,1.617691683604,1,0.266666666666667,0.285714285714286,0.976744186046512
"260",6,50,100,50,5,0.5,0.5,1,0.5,0.8,3,TRUE,0.9,TRUE,0.75,0,0,"ACPtrial6",2.56019964248224,1.56562019203311,1,0.244444444444444,0.666666666666667,1
"261",6,50,100,50,5,0.5,0.5,1,0.5,0.8,3,TRUE,0.9,TRUE,0.75,0,0,"ACPtrial6",0.787953967983253,1.19761415862294,0.8,0.8,0.2,1
"262",6,50,100,50,5,0.5,0.5,1,0.5,0.8,3,TRUE,0.9,TRUE,0.75,0,0,"ACPtrial6",0.872769685231832,1.49604719598091,1,0.8,0.5,0.977272727272727
"263",6,50,100,50,5,0.5,0.5,1,0.5,0.8,3,TRUE,0.9,TRUE,0.75,0,0,"ACPtrial6",1.07221524502167,1.27060875575573,1,0.644444444444444,0.25,0.976190476190476
"264",6,50,100,50,5,0.5,0.5,1,0.5,0.8,3,TRUE,0.9,TRUE,0.75,0,0,"ACPtrial6",1.82659365174632,1.11680493748826,0.8,0.266666666666667,0.4,0.888888888888889
"265",6,50,100,50,5,0.5,0.5,1,0.5,0.8,3,TRUE,0.9,TRUE,0.75,0,0,"ACPtrial6",1.56435209091164,1.24520304257769,0.8,0.6,0.333333333333333,1
"266",6,50,100,50,5,0.5,0.5,1,0.5,0.8,3,TRUE,0.9,TRUE,0.75,0,0,"ACPtrial6",2.11001271149394,1.82570410679758,1,0.333333333333333,0.571428571428571,0.976744186046512
"267",6,50,100,50,5,0.5,0.5,1,0.5,0.8,3,TRUE,0.9,TRUE,0.75,0,0,"ACPtrial6",1.51137220769029,1.36601220076594,1,0.666666666666667,0.375,0.928571428571429
"268",6,50,100,50,5,0.5,0.5,1,0.5,0.8,3,TRUE,0.9,TRUE,0.75,0,0,"ACPtrial6",2.20049086820287,1.49123436112872,1,0.111111111111111,0.333333333333333,0.951219512195122
"269",6,50,100,50,5,0.5,0.5,1,0.5,0.8,3,TRUE,0.9,TRUE,0.75,0,0,"ACPtrial6",0.868452193349718,1.13246447270996,0.6,0.777777777777778,0.25,1
"270",6,50,100,50,5,0.5,0.5,1,0.5,0.8,3,TRUE,0.9,TRUE,0.75,0,0,"ACPtrial6",1.27338375814665,1.18545246996918,1,0.688888888888889,0.7,0.95
"271",6,50,100,50,5,0.5,0.5,1,0.5,0.8,3,TRUE,0.9,TRUE,0.75,0,0,"ACPtrial6",1.17658077238072,1.20200854594838,1,0.666666666666667,0.428571428571429,1
"272",6,50,100,50,5,0.5,0.5,1,0.5,0.8,3,TRUE,0.9,TRUE,0.75,0,0,"ACPtrial6",2.02761324901264,1.5928183194603,1,0.288888888888889,0.375,0.976190476190476
"273",6,50,100,50,5,0.5,0.5,1,0.5,0.8,3,TRUE,0.9,TRUE,0.75,0,0,"ACPtrial6",3.3870549953838,1.19462244525608,0.6,0.4,0.25,0.904761904761905
"274",6,50,100,50,5,0.5,0.5,1,0.5,0.8,3,TRUE,0.9,TRUE,0.75,0,0,"ACPtrial6",4.40947288685595,1.5759428460982,0.8,0.377777777777778,0.6,0.933333333333333
"275",6,50,100,50,5,0.5,0.5,1,0.5,0.8,3,TRUE,0.9,TRUE,0.75,0,0,"ACPtrial6",1.40791095835082,1.83045903780391,1,0.622222222222222,0.285714285714286,1
"276",6,50,100,50,5,0.5,0.5,1,0.5,0.8,3,TRUE,0.9,TRUE,0.75,0,0,"ACPtrial6",1.62613589212545,1.07933382167174,0.4,0.688888888888889,0.285714285714286,0.953488372093023
"277",6,50,100,50,5,0.5,0.5,1,0.5,0.8,3,TRUE,0.9,TRUE,0.75,0,0,"ACPtrial6",3.17599859038654,1.55281657445192,1,0.0888888888888889,0.333333333333333,0.951219512195122
"278",6,50,100,50,5,0.5,0.5,1,0.5,0.8,3,TRUE,0.9,TRUE,0.75,0,0,"ACPtrial6",1.72224921030171,1.63715905163463,1,0.6,0.571428571428571,0.953488372093023
"279",6,50,100,50,5,0.5,0.5,1,0.5,0.8,3,TRUE,0.9,TRUE,0.75,0,0,"ACPtrial6",0.994560539052933,1.04716604265375,0.6,0.755555555555556,0.4,0.977777777777778
"280",6,50,100,50,5,0.5,0.5,1,0.5,0.8,3,TRUE,0.9,TRUE,0.75,0,0,"ACPtrial6",2.10825681371457,1.18180275167531,1,0.222222222222222,0.5,0.954545454545455
"281",6,50,100,50,5,0.5,0.5,1,0.5,0.8,3,TRUE,0.9,TRUE,0.75,0,0,"ACPtrial6",2.47747980418626,2.18175551003612,1,0.355555555555556,0.444444444444444,0.951219512195122
"282",6,50,100,50,5,0.5,0.5,1,0.5,0.8,3,TRUE,0.9,TRUE,0.75,0,0,"ACPtrial6",1.74348400560344,1.36374718007108,0.8,0.511111111111111,0.571428571428571,1
"283",6,50,100,50,5,0.5,0.5,1,0.5,0.8,3,TRUE,0.9,TRUE,0.75,0,0,"ACPtrial6",1.95773986813026,1.603370613448,1,0.355555555555556,0.5,0.977272727272727
"284",6,50,100,50,5,0.5,0.5,1,0.5,0.8,3,TRUE,0.9,TRUE,0.75,0,0,"ACPtrial6",1.03148104246344,1.4011605775819,1,0.755555555555556,0.5,0.975
"285",6,50,100,50,5,0.5,0.5,1,0.5,0.8,3,TRUE,0.9,TRUE,0.75,0,0,"ACPtrial6",3.22200295697499,1.81951991079629,1,0.377777777777778,0.375,0.904761904761905
"286",6,50,100,50,5,0.5,0.5,1,0.5,0.8,3,TRUE,0.9,TRUE,0.75,0,0,"ACPtrial6",2.0498078616314,1.65172743815933,0.6,0.488888888888889,0.333333333333333,0.975609756097561
"287",6,50,100,50,5,0.5,0.5,1,0.5,0.8,3,TRUE,0.9,TRUE,0.75,0,0,"ACPtrial6",2.80978148625338,2.3406170911295,0.8,0.466666666666667,0.571428571428571,0.976744186046512
"288",6,50,100,50,5,0.5,0.5,1,0.5,0.8,3,TRUE,0.9,TRUE,0.75,0,0,"ACPtrial6",1.33361669072266,1.44266756883539,1,0.644444444444444,0.666666666666667,0.954545454545455
"289",6,50,100,50,5,0.5,0.5,1,0.5,0.8,3,TRUE,0.9,TRUE,0.75,0,0,"ACPtrial6",1.82915668434727,1.66410973857712,1,0.644444444444444,0.428571428571429,1
"290",6,50,100,50,5,0.5,0.5,1,0.5,0.8,3,TRUE,0.9,TRUE,0.75,0,0,"ACPtrial6",1.53573856989585,1.33009460669782,1,0.488888888888889,0.857142857142857,0.976744186046512
"291",6,50,100,50,5,0.5,0.5,1,0.5,0.8,3,TRUE,0.9,TRUE,0.75,0,0,"ACPtrial6",1.42482626114406,1.2083317045078,0.8,0.422222222222222,0.428571428571429,0.953488372093023
"292",6,50,100,50,5,0.5,0.5,1,0.5,0.8,3,TRUE,0.9,TRUE,0.75,0,0,"ACPtrial6",2.23150505005671,2.36731935049063,1,0.644444444444444,0.4,0.977777777777778
"293",6,50,100,50,5,0.5,0.5,1,0.5,0.8,3,TRUE,0.9,TRUE,0.75,0,0,"ACPtrial6",2.26013534218961,1.57933142416774,1,0.266666666666667,0.428571428571429,0.953488372093023
"294",6,50,100,50,5,0.5,0.5,1,0.5,0.8,3,TRUE,0.9,TRUE,0.75,0,0,"ACPtrial6",1.09383626457895,1.58557278184528,0.6,0.644444444444444,0.2,0.95
"295",6,50,100,50,5,0.5,0.5,1,0.5,0.8,3,TRUE,0.9,TRUE,0.75,0,0,"ACPtrial6",2.33581251127205,1.70364182244888,0.8,0.222222222222222,0.2,0.975
"296",6,50,100,50,5,0.5,0.5,1,0.5,0.8,3,TRUE,0.9,TRUE,0.75,0,0,"ACPtrial6",1.67251314218816,1.1264043324297,1,0.666666666666667,0.4,1
"297",6,50,100,50,5,0.5,0.5,1,0.5,0.8,3,TRUE,0.9,TRUE,0.75,0,0,"ACPtrial6",1.31702179864442,1.34291233817229,0.6,0.511111111111111,0.333333333333333,1
"298",6,50,100,50,5,0.5,0.5,1,0.5,0.8,3,TRUE,0.9,TRUE,0.75,0,0,"ACPtrial6",1.18096133918421,2.2458962359743,0.8,0.555555555555556,0.428571428571429,0.976744186046512
"299",6,50,100,50,5,0.5,0.5,1,0.5,0.8,3,TRUE,0.9,TRUE,0.75,0,0,"ACPtrial6",1.61641841028531,1.43318220810495,0.6,0.666666666666667,0.6,1
"300",6,50,100,50,5,0.5,0.5,1,0.5,0.8,3,TRUE,0.9,TRUE,0.75,0,0,"ACPtrial6",9.15923829764673,2.33505420224577,0.6,0.488888888888889,0.222222222222222,0.951219512195122
"301",7,50,100,50,5,0.5,0.5,1,0.5,0.8,3,TRUE,0.9,TRUE,0.75,0,0,"ACPtrial7",2.22162736834629,2.04622591191756,1,0.533333333333333,0.666666666666667,0.886363636363636
"302",7,50,100,50,5,0.5,0.5,1,0.5,0.8,3,TRUE,0.9,TRUE,0.75,0,0,"ACPtrial7",1.47548602602872,1.33304340741619,1,0.755555555555556,0.428571428571429,1
"303",7,50,100,50,5,0.5,0.5,1,0.5,0.8,3,TRUE,0.9,TRUE,0.75,0,0,"ACPtrial7",1.86346972697979,2.1051344147153,1,0.555555555555556,0.571428571428571,0.953488372093023
"304",7,50,100,50,5,0.5,0.5,1,0.5,0.8,3,TRUE,0.9,TRUE,0.75,0,0,"ACPtrial7",1.71906012660515,1.35765879439578,0.8,0.555555555555556,0.545454545454545,0.974358974358974
"305",7,50,100,50,5,0.5,0.5,1,0.5,0.8,3,TRUE,0.9,TRUE,0.75,0,0,"ACPtrial7",1.09022099742166,1.23807145482529,1,0.688888888888889,0.625,1
"306",7,50,100,50,5,0.5,0.5,1,0.5,0.8,3,TRUE,0.9,TRUE,0.75,0,0,"ACPtrial7",1.92152050185365,1.26940972890955,0.6,0.4,0.428571428571429,0.976744186046512
"307",7,50,100,50,5,0.5,0.5,1,0.5,0.8,3,TRUE,0.9,TRUE,0.75,0,0,"ACPtrial7",1.4512306644451,1.0686094047935,0.6,0.6,0.333333333333333,1
"308",7,50,100,50,5,0.5,0.5,1,0.5,0.8,3,TRUE,0.9,TRUE,0.75,0,0,"ACPtrial7",0.90882928718325,0.965659104710398,0.6,0.666666666666667,0.25,1
"309",7,50,100,50,5,0.5,0.5,1,0.5,0.8,3,TRUE,0.9,TRUE,0.75,0,0,"ACPtrial7",2.29618124539906,1.17883711303531,0.6,0.622222222222222,0.2,0.975
"310",7,50,100,50,5,0.5,0.5,1,0.5,0.8,3,TRUE,0.9,TRUE,0.75,0,0,"ACPtrial7",1.53247996574258,1.99122190056117,1,0.644444444444444,0.4,1
"311",7,50,100,50,5,0.5,0.5,1,0.5,0.8,3,TRUE,0.9,TRUE,0.75,0,0,"ACPtrial7",1.84163655279982,1.3613037513117,1,0.666666666666667,0.428571428571429,0.976744186046512
"312",7,50,100,50,5,0.5,0.5,1,0.5,0.8,3,TRUE,0.9,TRUE,0.75,0,0,"ACPtrial7",2.97420598588515,1.52272093286641,1,0.133333333333333,0.5,0.931818181818182
"313",7,50,100,50,5,0.5,0.5,1,0.5,0.8,3,TRUE,0.9,TRUE,0.75,0,0,"ACPtrial7",0.988492112813415,1.07011917880432,1,0.488888888888889,0.5,0.931818181818182
"314",7,50,100,50,5,0.5,0.5,1,0.5,0.8,3,TRUE,0.9,TRUE,0.75,0,0,"ACPtrial7",1.5684342984544,1.87678149782897,0.8,0.688888888888889,0.375,0.928571428571429
"315",7,50,100,50,5,0.5,0.5,1,0.5,0.8,3,TRUE,0.9,TRUE,0.75,0,0,"ACPtrial7",1.98340420764753,1.32831377665439,1,0.377777777777778,0.666666666666667,0.954545454545455
"316",7,50,100,50,5,0.5,0.5,1,0.5,0.8,3,TRUE,0.9,TRUE,0.75,0,0,"ACPtrial7",1.22314172904931,1.32113337371902,0.8,0.777777777777778,0.5,0.977272727272727
"317",7,50,100,50,5,0.5,0.5,1,0.5,0.8,3,TRUE,0.9,TRUE,0.75,0,0,"ACPtrial7",3.33726769334341,2.26433968329831,1,0.711111111111111,0.285714285714286,0.976744186046512
"318",7,50,100,50,5,0.5,0.5,1,0.5,0.8,3,TRUE,0.9,TRUE,0.75,0,0,"ACPtrial7",3.54077038257625,1.46232973151794,0.8,0.244444444444444,0.285714285714286,0.976744186046512
"319",7,50,100,50,5,0.5,0.5,1,0.5,0.8,3,TRUE,0.9,TRUE,0.75,0,0,"ACPtrial7",1.13424630874447,1.24867735590647,0.8,0.488888888888889,0.714285714285714,0.930232558139535
"320",7,50,100,50,5,0.5,0.5,1,0.5,0.8,3,TRUE,0.9,TRUE,0.75,0,0,"ACPtrial7",2.9105068783048,1.89420116384761,0.8,0.688888888888889,0.285714285714286,0.976744186046512
"321",7,50,100,50,5,0.5,0.5,1,0.5,0.8,3,TRUE,0.9,TRUE,0.75,0,0,"ACPtrial7",1.25738768232648,1.70543060750672,0.8,0.711111111111111,0.333333333333333,0.931818181818182
"322",7,50,100,50,5,0.5,0.5,1,0.5,0.8,3,TRUE,0.9,TRUE,0.75,0,0,"ACPtrial7",1.5663673780511,1.55691464874084,1,0.533333333333333,0.571428571428571,1
"323",7,50,100,50,5,0.5,0.5,1,0.5,0.8,3,TRUE,0.9,TRUE,0.75,0,0,"ACPtrial7",1.17703340781415,1.69863592916979,1,0.733333333333333,0.4,0.955555555555556
"324",7,50,100,50,5,0.5,0.5,1,0.5,0.8,3,TRUE,0.9,TRUE,0.75,0,0,"ACPtrial7",2.9860297607219,2.3019844054629,1,0.488888888888889,0.5,0.954545454545455
"325",7,50,100,50,5,0.5,0.5,1,0.5,0.8,3,TRUE,0.9,TRUE,0.75,0,0,"ACPtrial7",1.87240403090485,1.68901661971459,0.6,0.733333333333333,0.3,0.95
"326",7,50,100,50,5,0.5,0.5,1,0.5,0.8,3,TRUE,0.9,TRUE,0.75,0,0,"ACPtrial7",1.5326377068351,1.19789475332823,1,0.355555555555556,0.666666666666667,0.909090909090909
"327",7,50,100,50,5,0.5,0.5,1,0.5,0.8,3,TRUE,0.9,TRUE,0.75,0,0,"ACPtrial7",4.03338276922806,1.68762457926611,0.6,0.644444444444444,0.428571428571429,1
"328",7,50,100,50,5,0.5,0.5,1,0.5,0.8,3,TRUE,0.9,TRUE,0.75,0,0,"ACPtrial7",1.8897387925155,1.49748550231617,1,0.311111111111111,0.5,0.954545454545455
"329",7,50,100,50,5,0.5,0.5,1,0.5,0.8,3,TRUE,0.9,TRUE,0.75,0,0,"ACPtrial7",1.87051740910645,1.24782203632657,0.8,0.622222222222222,0.222222222222222,1
"330",7,50,100,50,5,0.5,0.5,1,0.5,0.8,3,TRUE,0.9,TRUE,0.75,0,0,"ACPtrial7",1.76912636702453,1.17293790820964,0.8,0.511111111111111,0.666666666666667,0.977272727272727
"331",7,50,100,50,5,0.5,0.5,1,0.5,0.8,3,TRUE,0.9,TRUE,0.75,0,0,"ACPtrial7",2.73129789311754,1.68005593053623,0.8,0.622222222222222,0.285714285714286,1
"332",7,50,100,50,5,0.5,0.5,1,0.5,0.8,3,TRUE,0.9,TRUE,0.75,0,0,"ACPtrial7",1.25072285153952,1.36351501351654,0.6,0.688888888888889,0.555555555555556,0.951219512195122
"333",7,50,100,50,5,0.5,0.5,1,0.5,0.8,3,TRUE,0.9,TRUE,0.75,0,0,"ACPtrial7",1.8115847423315,1.63762669831679,1,0.244444444444444,0.428571428571429,0.976744186046512
"334",7,50,100,50,5,0.5,0.5,1,0.5,0.8,3,TRUE,0.9,TRUE,0.75,0,0,"ACPtrial7",1.82209398095691,1.97388538474706,0.8,0.622222222222222,0.272727272727273,1
"335",7,50,100,50,5,0.5,0.5,1,0.5,0.8,3,TRUE,0.9,TRUE,0.75,0,0,"ACPtrial7",12.3815264562913,4.59681898418574,0.8,0.288888888888889,0.4,0.955555555555556
"336",7,50,100,50,5,0.5,0.5,1,0.5,0.8,3,TRUE,0.9,TRUE,0.75,0,0,"ACPtrial7",1.6687724322247,1.46584169945246,0.4,0.644444444444444,0.222222222222222,0.926829268292683
"337",7,50,100,50,5,0.5,0.5,1,0.5,0.8,3,TRUE,0.9,TRUE,0.75,0,0,"ACPtrial7",1.22931717918995,1.75863239517225,0.8,0.733333333333333,0.222222222222222,1
"338",7,50,100,50,5,0.5,0.5,1,0.5,0.8,3,TRUE,0.9,TRUE,0.75,0,0,"ACPtrial7",2.44953070041041,1.90220779022077,0.6,0.644444444444444,0.333333333333333,0.977272727272727
"339",7,50,100,50,5,0.5,0.5,1,0.5,0.8,3,TRUE,0.9,TRUE,0.75,0,0,"ACPtrial7",1.19670499500399,1.0712454647173,0.8,0.644444444444444,0.4,0.977777777777778
"340",7,50,100,50,5,0.5,0.5,1,0.5,0.8,3,TRUE,0.9,TRUE,0.75,0,0,"ACPtrial7",2.15789241890826,2.14350019735624,1,0.666666666666667,0.666666666666667,0.931818181818182
"341",7,50,100,50,5,0.5,0.5,1,0.5,0.8,3,TRUE,0.9,TRUE,0.75,0,0,"ACPtrial7",3.00405487316437,1.488765682422,0.8,0.466666666666667,0.25,0.976190476190476
"342",7,50,100,50,5,0.5,0.5,1,0.5,0.8,3,TRUE,0.9,TRUE,0.75,0,0,"ACPtrial7",2.6315886346215,1.86793868536113,1,0.733333333333333,0.5,0.976190476190476
"343",7,50,100,50,5,0.5,0.5,1,0.5,0.8,3,TRUE,0.9,TRUE,0.75,0,0,"ACPtrial7",1.96740190575845,1.23466281823187,0.4,0.755555555555556,0.333333333333333,1
"344",7,50,100,50,5,0.5,0.5,1,0.5,0.8,3,TRUE,0.9,TRUE,0.75,0,0,"ACPtrial7",1.35870246349904,1.44995008231287,1,0.688888888888889,0.714285714285714,0.976744186046512
"345",7,50,100,50,5,0.5,0.5,1,0.5,0.8,3,TRUE,0.9,TRUE,0.75,0,0,"ACPtrial7",1.0796952906842,1.29215534740166,0.4,0.8,0.375,1
"346",7,50,100,50,5,0.5,0.5,1,0.5,0.8,3,TRUE,0.9,TRUE,0.75,0,0,"ACPtrial7",2.56879097437641,1.40830183293373,0.8,0.111111111111111,0.25,0.921052631578947
"347",7,50,100,50,5,0.5,0.5,1,0.5,0.8,3,TRUE,0.9,TRUE,0.75,0,0,"ACPtrial7",0.769868435696816,1.19719414073866,1,0.711111111111111,0.8,0.977777777777778
"348",7,50,100,50,5,0.5,0.5,1,0.5,0.8,3,TRUE,0.9,TRUE,0.75,0,0,"ACPtrial7",1.126540772996,1.71731733538743,1,0.666666666666667,0.222222222222222,0.926829268292683
"349",7,50,100,50,5,0.5,0.5,1,0.5,0.8,3,TRUE,0.9,TRUE,0.75,0,0,"ACPtrial7",1.25429606480427,1.14454082961191,0.8,0.866666666666667,0.5,0.928571428571429
"350",7,50,100,50,5,0.5,0.5,1,0.5,0.8,3,TRUE,0.9,TRUE,0.75,0,0,"ACPtrial7",1.5805015730864,1.5495481428708,1,0.622222222222222,0.4,0.975
"351",8,50,100,50,5,0.5,0.5,1,0.5,0.8,3,TRUE,0.9,TRUE,0.75,0,0,"ACPtrial8",3.48491876059916,1.67364200555088,1,0.4,0.333333333333333,0.975609756097561
"352",8,50,100,50,5,0.5,0.5,1,0.5,0.8,3,TRUE,0.9,TRUE,0.75,0,0,"ACPtrial8",2.14862449363556,1.67888911206598,0.8,0.622222222222222,0.6,0.955555555555556
"353",8,50,100,50,5,0.5,0.5,1,0.5,0.8,3,TRUE,0.9,TRUE,0.75,0,0,"ACPtrial8",1.11185109876379,1.11694661879781,0.6,0.777777777777778,0.4,0.977777777777778
"354",8,50,100,50,5,0.5,0.5,1,0.5,0.8,3,TRUE,0.9,TRUE,0.75,0,0,"ACPtrial8",6.0974841337843,2.18826814644576,0.4,0.711111111111111,0.285714285714286,1
"355",8,50,100,50,5,0.5,0.5,1,0.5,0.8,3,TRUE,0.9,TRUE,0.75,0,0,"ACPtrial8",1.21749047870395,1.19939487313139,0.8,0.711111111111111,0.285714285714286,1
"356",8,50,100,50,5,0.5,0.5,1,0.5,0.8,3,TRUE,0.9,TRUE,0.75,0,0,"ACPtrial8",1.22432475525834,1.19615301494409,0.8,0.533333333333333,0.333333333333333,1
"357",8,50,100,50,5,0.5,0.5,1,0.5,0.8,3,TRUE,0.9,TRUE,0.75,0,0,"ACPtrial8",1.17185539400271,1.65628065449425,0.8,0.644444444444444,0.428571428571429,1
"358",8,50,100,50,5,0.5,0.5,1,0.5,0.8,3,TRUE,0.9,TRUE,0.75,0,0,"ACPtrial8",2.05688172234354,1.63260368183681,1,0.422222222222222,0.555555555555556,0.926829268292683
"359",8,50,100,50,5,0.5,0.5,1,0.5,0.8,3,TRUE,0.9,TRUE,0.75,0,0,"ACPtrial8",1.19563860541096,1.32802554339201,1,0.644444444444444,0.5,0.954545454545455
"360",8,50,100,50,5,0.5,0.5,1,0.5,0.8,3,TRUE,0.9,TRUE,0.75,0,0,"ACPtrial8",2.64642916836869,1.63049208403042,0.4,0.533333333333333,0.142857142857143,1
"361",8,50,100,50,5,0.5,0.5,1,0.5,0.8,3,TRUE,0.9,TRUE,0.75,0,0,"ACPtrial8",2.43279765764237,1.14988955748833,0.4,0.666666666666667,0.25,1
"362",8,50,100,50,5,0.5,0.5,1,0.5,0.8,3,TRUE,0.9,TRUE,0.75,0,0,"ACPtrial8",3.48333678711424,1.48785056712874,0.6,0.6,0.333333333333333,0.975609756097561
"363",8,50,100,50,5,0.5,0.5,1,0.5,0.8,3,TRUE,0.9,TRUE,0.75,0,0,"ACPtrial8",3.64376467372043,2.39852093507199,0.8,0.622222222222222,0.333333333333333,0.977272727272727
"364",8,50,100,50,5,0.5,0.5,1,0.5,0.8,3,TRUE,0.9,TRUE,0.75,0,0,"ACPtrial8",1.57762518683263,1.22896989549123,0.6,0.466666666666667,0.25,0.928571428571429
"365",8,50,100,50,5,0.5,0.5,1,0.5,0.8,3,TRUE,0.9,TRUE,0.75,0,0,"ACPtrial8",2.37755285804445,2.51728201185832,0.8,0.4,0.333333333333333,0.931818181818182
"366",8,50,100,50,5,0.5,0.5,1,0.5,0.8,3,TRUE,0.9,TRUE,0.75,0,0,"ACPtrial8",0.96914055154632,0.913810944381411,0.4,0.711111111111111,0.6,1
"367",8,50,100,50,5,0.5,0.5,1,0.5,0.8,3,TRUE,0.9,TRUE,0.75,0,0,"ACPtrial8",1.49885858487882,0.9388880299979,0.6,0.6,0.25,0.952380952380952
"368",8,50,100,50,5,0.5,0.5,1,0.5,0.8,3,TRUE,0.9,TRUE,0.75,0,0,"ACPtrial8",1.33998469105736,1.18330776863895,0.4,0.577777777777778,0.25,1
"369",8,50,100,50,5,0.5,0.5,1,0.5,0.8,3,TRUE,0.9,TRUE,0.75,0,0,"ACPtrial8",4.27668756250182,1.24414799243274,1,0.333333333333333,0.5,0.976190476190476
"370",8,50,100,50,5,0.5,0.5,1,0.5,0.8,3,TRUE,0.9,TRUE,0.75,0,0,"ACPtrial8",8.44690417703289,1.4103851214861,0.8,0.333333333333333,0.111111111111111,0.975609756097561
"371",8,50,100,50,5,0.5,0.5,1,0.5,0.8,3,TRUE,0.9,TRUE,0.75,0,0,"ACPtrial8",0.913399045418427,1.21636915865088,0.8,0.8,0.285714285714286,0.953488372093023
"372",8,50,100,50,5,0.5,0.5,1,0.5,0.8,3,TRUE,0.9,TRUE,0.75,0,0,"ACPtrial8",2.26740165575452,1.40389852175272,1,0.266666666666667,0.625,0.952380952380952
"373",8,50,100,50,5,0.5,0.5,1,0.5,0.8,3,TRUE,0.9,TRUE,0.75,0,0,"ACPtrial8",4.38386861124515,1.53879353758745,1,0.222222222222222,0.222222222222222,0.975609756097561
"374",8,50,100,50,5,0.5,0.5,1,0.5,0.8,3,TRUE,0.9,TRUE,0.75,0,0,"ACPtrial8",1.3583697803849,1.0832797037894,1,0.333333333333333,0.571428571428571,0.976744186046512
"375",8,50,100,50,5,0.5,0.5,1,0.5,0.8,3,TRUE,0.9,TRUE,0.75,0,0,"ACPtrial8",1.34624516683899,1.05132150966591,0.6,0.777777777777778,0.4,0.933333333333333
"376",8,50,100,50,5,0.5,0.5,1,0.5,0.8,3,TRUE,0.9,TRUE,0.75,0,0,"ACPtrial8",1.42941195208806,1.23327588015843,0.8,0.8,0.666666666666667,1
"377",8,50,100,50,5,0.5,0.5,1,0.5,0.8,3,TRUE,0.9,TRUE,0.75,0,0,"ACPtrial8",1.93026269310034,1.64602271800722,0.8,0.622222222222222,0.3,1
"378",8,50,100,50,5,0.5,0.5,1,0.5,0.8,3,TRUE,0.9,TRUE,0.75,0,0,"ACPtrial8",2.09877084753904,1.14904268545,0.6,0.422222222222222,0.333333333333333,0.977272727272727
"379",8,50,100,50,5,0.5,0.5,1,0.5,0.8,3,TRUE,0.9,TRUE,0.75,0,0,"ACPtrial8",1.41894306757221,1.299072904692,0.8,0.466666666666667,0.375,0.976190476190476
"380",8,50,100,50,5,0.5,0.5,1,0.5,0.8,3,TRUE,0.9,TRUE,0.75,0,0,"ACPtrial8",1.54700928426049,1.41007405768728,0.8,0.6,0.4,0.95
"381",8,50,100,50,5,0.5,0.5,1,0.5,0.8,3,TRUE,0.9,TRUE,0.75,0,0,"ACPtrial8",1.67780205412112,1.63213282963615,1,0.377777777777778,0.6,0.977777777777778
"382",8,50,100,50,5,0.5,0.5,1,0.5,0.8,3,TRUE,0.9,TRUE,0.75,0,0,"ACPtrial8",2.23382972778313,1.45737885256267,1,0.466666666666667,0.428571428571429,0.976744186046512
"383",8,50,100,50,5,0.5,0.5,1,0.5,0.8,3,TRUE,0.9,TRUE,0.75,0,0,"ACPtrial8",2.45309738293728,1.99827385899592,1,0.2,0.714285714285714,0.930232558139535
"384",8,50,100,50,5,0.5,0.5,1,0.5,0.8,3,TRUE,0.9,TRUE,0.75,0,0,"ACPtrial8",1.23726399367114,1.09855468959876,1,0.466666666666667,0.428571428571429,1
"385",8,50,100,50,5,0.5,0.5,1,0.5,0.8,3,TRUE,0.9,TRUE,0.75,0,0,"ACPtrial8",3.19346914066212,1.70909811090183,0.6,0.711111111111111,0.222222222222222,1
"386",8,50,100,50,5,0.5,0.5,1,0.5,0.8,3,TRUE,0.9,TRUE,0.75,0,0,"ACPtrial8",4.75378127400625,1.17192955325615,0.8,0.422222222222222,0.222222222222222,1
"387",8,50,100,50,5,0.5,0.5,1,0.5,0.8,3,TRUE,0.9,TRUE,0.75,0,0,"ACPtrial8",7.96316053281339,3.12287898642796,0.8,0.333333333333333,0.5,0.954545454545455
"388",8,50,100,50,5,0.5,0.5,1,0.5,0.8,3,TRUE,0.9,TRUE,0.75,0,0,"ACPtrial8",1.32806001055044,1.01233500155837,0.6,0.511111111111111,0.285714285714286,0.953488372093023
"389",8,50,100,50,5,0.5,0.5,1,0.5,0.8,3,TRUE,0.9,TRUE,0.75,0,0,"ACPtrial8",2.2187798263376,0.842554654457447,0.4,0.4,0.25,0.976190476190476
"390",8,50,100,50,5,0.5,0.5,1,0.5,0.8,3,TRUE,0.9,TRUE,0.75,0,0,"ACPtrial8",0.89860214490003,0.941793536696618,0.4,0.688888888888889,0.333333333333333,1
"391",8,50,100,50,5,0.5,0.5,1,0.5,0.8,3,TRUE,0.9,TRUE,0.75,0,0,"ACPtrial8",1.26648671903395,1.46547489225093,1,0.644444444444444,0.666666666666667,0.954545454545455
"392",8,50,100,50,5,0.5,0.5,1,0.5,0.8,3,TRUE,0.9,TRUE,0.75,0,0,"ACPtrial8",1.88631671475587,1.62172457149597,0.6,0.6,0.428571428571429,0.976744186046512
"393",8,50,100,50,5,0.5,0.5,1,0.5,0.8,3,TRUE,0.9,TRUE,0.75,0,0,"ACPtrial8",2.43049458145517,2.10885339265677,0.6,0.733333333333333,0.428571428571429,0.976744186046512
"394",8,50,100,50,5,0.5,0.5,1,0.5,0.8,3,TRUE,0.9,TRUE,0.75,0,0,"ACPtrial8",1.47856385946949,1.32651157042043,0.8,0.8,0.4,0.977777777777778
"395",8,50,100,50,5,0.5,0.5,1,0.5,0.8,3,TRUE,0.9,TRUE,0.75,0,0,"ACPtrial8",0.924846565050584,1.16081487070877,1,0.755555555555556,0.625,0.976190476190476
"396",8,50,100,50,5,0.5,0.5,1,0.5,0.8,3,TRUE,0.9,TRUE,0.75,0,0,"ACPtrial8",2.25387398977842,2.02793725978727,0.8,0.555555555555556,0.5,0.977272727272727
"397",8,50,100,50,5,0.5,0.5,1,0.5,0.8,3,TRUE,0.9,TRUE,0.75,0,0,"ACPtrial8",10.6040726317029,2.08606940335686,0.8,0.377777777777778,0.285714285714286,0.906976744186046
"398",8,50,100,50,5,0.5,0.5,1,0.5,0.8,3,TRUE,0.9,TRUE,0.75,0,0,"ACPtrial8",2.19773896582488,1.54443391683912,0.8,0.533333333333333,0.4,1
"399",8,50,100,50,5,0.5,0.5,1,0.5,0.8,3,TRUE,0.9,TRUE,0.75,0,0,"ACPtrial8",1.16280914690645,0.790879433892374,0.4,0.555555555555556,0.285714285714286,1
"400",8,50,100,50,5,0.5,0.5,1,0.5,0.8,3,TRUE,0.9,TRUE,0.75,0,0,"ACPtrial8",1.34851712558865,1.53730646570414,1,0.333333333333333,0.333333333333333,0.878048780487805
"401",9,50,100,50,5,0.5,0.5,1,0.5,0.8,3,TRUE,0.9,TRUE,0.75,0,0,"ACPtrial9",3.09776227590622,1.76434667812496,0.8,0.644444444444444,0.428571428571429,0.976744186046512
"402",9,50,100,50,5,0.5,0.5,1,0.5,0.8,3,TRUE,0.9,TRUE,0.75,0,0,"ACPtrial9",0.969695597455666,1.16825237180814,0.6,0.688888888888889,0.363636363636364,0.948717948717949
"403",9,50,100,50,5,0.5,0.5,1,0.5,0.8,3,TRUE,0.9,TRUE,0.75,0,0,"ACPtrial9",3.81736047220564,1.7207301016347,0.4,0.511111111111111,0.333333333333333,0.977272727272727
"404",9,50,100,50,5,0.5,0.5,1,0.5,0.8,3,TRUE,0.9,TRUE,0.75,0,0,"ACPtrial9",1.77207056780346,1.20477199718287,0.6,0.444444444444444,0.25,0.976190476190476
"405",9,50,100,50,5,0.5,0.5,1,0.5,0.8,3,TRUE,0.9,TRUE,0.75,0,0,"ACPtrial9",1.16383449833681,1.29210521554189,0.6,0.711111111111111,0.444444444444444,0.975609756097561
"406",9,50,100,50,5,0.5,0.5,1,0.5,0.8,3,TRUE,0.9,TRUE,0.75,0,0,"ACPtrial9",1.40620765926054,1.67437707938042,0.8,0.6,0.375,0.952380952380952
"407",9,50,100,50,5,0.5,0.5,1,0.5,0.8,3,TRUE,0.9,TRUE,0.75,0,0,"ACPtrial9",4.04491241820354,1.82429107710575,0.4,0.644444444444444,0.428571428571429,0.976744186046512
"408",9,50,100,50,5,0.5,0.5,1,0.5,0.8,3,TRUE,0.9,TRUE,0.75,0,0,"ACPtrial9",2.15859957715347,1.40439730562672,1,0.533333333333333,0.428571428571429,1
"409",9,50,100,50,5,0.5,0.5,1,0.5,0.8,3,TRUE,0.9,TRUE,0.75,0,0,"ACPtrial9",1.15807515800173,1.50623642603902,0.8,0.644444444444444,0.428571428571429,1
"410",9,50,100,50,5,0.5,0.5,1,0.5,0.8,3,TRUE,0.9,TRUE,0.75,0,0,"ACPtrial9",4.79878454720505,1.87110303873728,0.8,0.155555555555556,0.333333333333333,0.977272727272727
"411",9,50,100,50,5,0.5,0.5,1,0.5,0.8,3,TRUE,0.9,TRUE,0.75,0,0,"ACPtrial9",1.70186968066808,1.04680522268892,0.6,0.711111111111111,0.222222222222222,1
"412",9,50,100,50,5,0.5,0.5,1,0.5,0.8,3,TRUE,0.9,TRUE,0.75,0,0,"ACPtrial9",1.74376233748663,1.58621690583447,0.4,0.755555555555556,0.4,0.977777777777778
"413",9,50,100,50,5,0.5,0.5,1,0.5,0.8,3,TRUE,0.9,TRUE,0.75,0,0,"ACPtrial9",2.09686783795613,1.80516471254151,0.4,0.444444444444444,0.333333333333333,0.954545454545455
"414",9,50,100,50,5,0.5,0.5,1,0.5,0.8,3,TRUE,0.9,TRUE,0.75,0,0,"ACPtrial9",2.0587478856899,1.62501811068637,0.8,0.4,0.666666666666667,0.977272727272727
"415",9,50,100,50,5,0.5,0.5,1,0.5,0.8,3,TRUE,0.9,TRUE,0.75,0,0,"ACPtrial9",3.35909449350749,1.53067953789913,0.6,0.777777777777778,0.6,1
"416",9,50,100,50,5,0.5,0.5,1,0.5,0.8,3,TRUE,0.9,TRUE,0.75,0,0,"ACPtrial9",2.01777709894199,1.32552744673361,0.6,0.711111111111111,0.285714285714286,1
"417",9,50,100,50,5,0.5,0.5,1,0.5,0.8,3,TRUE,0.9,TRUE,0.75,0,0,"ACPtrial9",0.721624744268279,1.1391739458806,1,0.844444444444444,0.2,0.925
"418",9,50,100,50,5,0.5,0.5,1,0.5,0.8,3,TRUE,0.9,TRUE,0.75,0,0,"ACPtrial9",4.30658134877674,2.11403888567526,0.8,0.488888888888889,0.333333333333333,1
"419",9,50,100,50,5,0.5,0.5,1,0.5,0.8,3,TRUE,0.9,TRUE,0.75,0,0,"ACPtrial9",1.38735216146627,1.80224030310021,1,0.777777777777778,0.428571428571429,1
"420",9,50,100,50,5,0.5,0.5,1,0.5,0.8,3,TRUE,0.9,TRUE,0.75,0,0,"ACPtrial9",0.800184126877524,1.21375444600035,0.8,0.8,0.285714285714286,0.953488372093023
"421",9,50,100,50,5,0.5,0.5,1,0.5,0.8,3,TRUE,0.9,TRUE,0.75,0,0,"ACPtrial9",2.0707895943141,1.21453885952413,0.4,0.488888888888889,0.25,1
"422",9,50,100,50,5,0.5,0.5,1,0.5,0.8,3,TRUE,0.9,TRUE,0.75,0,0,"ACPtrial9",1.72782643762576,1.9115055211329,0.8,0.666666666666667,0.428571428571429,0.953488372093023
"423",9,50,100,50,5,0.5,0.5,1,0.5,0.8,3,TRUE,0.9,TRUE,0.75,0,0,"ACPtrial9",1.07245720479968,1.4569610305654,0.8,0.688888888888889,0.5,0.977272727272727
"424",9,50,100,50,5,0.5,0.5,1,0.5,0.8,3,TRUE,0.9,TRUE,0.75,0,0,"ACPtrial9",1.92745958122411,1.21684077491742,1,0.533333333333333,0.333333333333333,0.975609756097561
"425",9,50,100,50,5,0.5,0.5,1,0.5,0.8,3,TRUE,0.9,TRUE,0.75,0,0,"ACPtrial9",1.17520799837761,1.38834685564411,1,0.622222222222222,0.625,0.952380952380952
"426",9,50,100,50,5,0.5,0.5,1,0.5,0.8,3,TRUE,0.9,TRUE,0.75,0,0,"ACPtrial9",3.16721920196063,1.99023324137483,1,0.111111111111111,0.5,0.952380952380952
"427",9,50,100,50,5,0.5,0.5,1,0.5,0.8,3,TRUE,0.9,TRUE,0.75,0,0,"ACPtrial9",1.15649345451448,0.996993196328845,0.4,0.6,0.333333333333333,0.977272727272727
"428",9,50,100,50,5,0.5,0.5,1,0.5,0.8,3,TRUE,0.9,TRUE,0.75,0,0,"ACPtrial9",1.7763622373458,1.3341207950338,1,0.511111111111111,0.363636363636364,0.974358974358974
"429",9,50,100,50,5,0.5,0.5,1,0.5,0.8,3,TRUE,0.9,TRUE,0.75,0,0,"ACPtrial9",1.85341289430488,1.72674237647315,1,0.822222222222222,0.555555555555556,0.975609756097561
"430",9,50,100,50,5,0.5,0.5,1,0.5,0.8,3,TRUE,0.9,TRUE,0.75,0,0,"ACPtrial9",1.2821308574587,1.0052604326247,0.4,0.688888888888889,0.285714285714286,1
"431",9,50,100,50,5,0.5,0.5,1,0.5,0.8,3,TRUE,0.9,TRUE,0.75,0,0,"ACPtrial9",1.25700804234165,1.47129240394634,0.8,0.622222222222222,0.25,1
"432",9,50,100,50,5,0.5,0.5,1,0.5,0.8,3,TRUE,0.9,TRUE,0.75,0,0,"ACPtrial9",1.39771769426829,1.1550688407792,0.6,0.755555555555556,0.25,0.976190476190476
"433",9,50,100,50,5,0.5,0.5,1,0.5,0.8,3,TRUE,0.9,TRUE,0.75,0,0,"ACPtrial9",1.68892566433565,1.41852136205779,0.6,0.533333333333333,0.333333333333333,1
"434",9,50,100,50,5,0.5,0.5,1,0.5,0.8,3,TRUE,0.9,TRUE,0.75,0,0,"ACPtrial9",1.73909299655215,1.36867194366203,0.8,0.711111111111111,0.222222222222222,1
"435",9,50,100,50,5,0.5,0.5,1,0.5,0.8,3,TRUE,0.9,TRUE,0.75,0,0,"ACPtrial9",1.05989576350628,1.37216508198666,0.8,0.711111111111111,0.428571428571429,0.930232558139535
"436",9,50,100,50,5,0.5,0.5,1,0.5,0.8,3,TRUE,0.9,TRUE,0.75,0,0,"ACPtrial9",1.5578894507885,2.99841214896979,1,0.177777777777778,0.8,0.955555555555556
"437",9,50,100,50,5,0.5,0.5,1,0.5,0.8,3,TRUE,0.9,TRUE,0.75,0,0,"ACPtrial9",3.33772173494905,1.52072377408924,1,0.488888888888889,0.285714285714286,0.953488372093023
"438",9,50,100,50,5,0.5,0.5,1,0.5,0.8,3,TRUE,0.9,TRUE,0.75,0,0,"ACPtrial9",1.0521383531679,1.26109561960392,0.4,0.777777777777778,0.6,0.977777777777778
"439",9,50,100,50,5,0.5,0.5,1,0.5,0.8,3,TRUE,0.9,TRUE,0.75,0,0,"ACPtrial9",1.34273739914178,1.1222741558638,0.8,0.666666666666667,0.333333333333333,0.977272727272727
"440",9,50,100,50,5,0.5,0.5,1,0.5,0.8,3,TRUE,0.9,TRUE,0.75,0,0,"ACPtrial9",1.09628804966615,2.07860037504184,1,0.6,0.5,0.952380952380952
"441",9,50,100,50,5,0.5,0.5,1,0.5,0.8,3,TRUE,0.9,TRUE,0.75,0,0,"ACPtrial9",1.84482792289157,1.17647588517931,1,0.644444444444444,0.714285714285714,0.953488372093023
"442",9,50,100,50,5,0.5,0.5,1,0.5,0.8,3,TRUE,0.9,TRUE,0.75,0,0,"ACPtrial9",2.16915738206881,1.65876742677128,0.8,0.644444444444444,0.375,0.928571428571429
"443",9,50,100,50,5,0.5,0.5,1,0.5,0.8,3,TRUE,0.9,TRUE,0.75,0,0,"ACPtrial9",1.44780387607071,1.7610633587051,0.8,0.688888888888889,0.4,0.955555555555556
"444",9,50,100,50,5,0.5,0.5,1,0.5,0.8,3,TRUE,0.9,TRUE,0.75,0,0,"ACPtrial9",1.45334364591708,2.65773139280419,0.6,0.8,0.375,0.904761904761905
"445",9,50,100,50,5,0.5,0.5,1,0.5,0.8,3,TRUE,0.9,TRUE,0.75,0,0,"ACPtrial9",1.89537412716546,1.23748971616497,1,0.333333333333333,0.571428571428571,0.930232558139535
"446",9,50,100,50,5,0.5,0.5,1,0.5,0.8,3,TRUE,0.9,TRUE,0.75,0,0,"ACPtrial9",1.88279824007473,1.53219197450466,0.4,0.644444444444444,0.428571428571429,0.976744186046512
"447",9,50,100,50,5,0.5,0.5,1,0.5,0.8,3,TRUE,0.9,TRUE,0.75,0,0,"ACPtrial9",3.33171672578409,0.837850554497997,0.8,0.266666666666667,0.2,0.975
"448",9,50,100,50,5,0.5,0.5,1,0.5,0.8,3,TRUE,0.9,TRUE,0.75,0,0,"ACPtrial9",0.931701254773162,0.913770576630409,0.6,0.822222222222222,0.3,0.975
"449",9,50,100,50,5,0.5,0.5,1,0.5,0.8,3,TRUE,0.9,TRUE,0.75,0,0,"ACPtrial9",2.6952723722592,1.24903534690584,0.8,0.622222222222222,0.285714285714286,1
"450",9,50,100,50,5,0.5,0.5,1,0.5,0.8,3,TRUE,0.9,TRUE,0.75,0,0,"ACPtrial9",2.71715101517165,1.20771878132662,0.8,0.511111111111111,0.444444444444444,0.975609756097561
"451",10,50,100,50,5,0.5,0.5,1,0.5,0.8,3,TRUE,0.9,TRUE,0.75,0,0,"ACPtrial10",4.37835654446896,2.02865464211885,0.8,0.577777777777778,0.5,1
"452",10,50,100,50,5,0.5,0.5,1,0.5,0.8,3,TRUE,0.9,TRUE,0.75,0,0,"ACPtrial10",1.25250085734786,1.07636002483368,0.8,0.644444444444444,0.571428571428571,1
"453",10,50,100,50,5,0.5,0.5,1,0.5,0.8,3,TRUE,0.9,TRUE,0.75,0,0,"ACPtrial10",1.40900955785652,1.77702668050414,0.6,0.755555555555556,0.222222222222222,0.975609756097561
"454",10,50,100,50,5,0.5,0.5,1,0.5,0.8,3,TRUE,0.9,TRUE,0.75,0,0,"ACPtrial10",1.67405881006432,2.42104178541863,1,0.577777777777778,0.285714285714286,0.906976744186046
"455",10,50,100,50,5,0.5,0.5,1,0.5,0.8,3,TRUE,0.9,TRUE,0.75,0,0,"ACPtrial10",1.93032128288752,2.07502187698531,0.6,0.755555555555556,0.666666666666667,0.954545454545455
"456",10,50,100,50,5,0.5,0.5,1,0.5,0.8,3,TRUE,0.9,TRUE,0.75,0,0,"ACPtrial10",1.68026657780641,1.99869715867938,0.8,0.644444444444444,0.25,1
"457",10,50,100,50,5,0.5,0.5,1,0.5,0.8,3,TRUE,0.9,TRUE,0.75,0,0,"ACPtrial10",1.37277001443122,1.04467232974979,0.6,0.555555555555556,0.375,0.952380952380952
"458",10,50,100,50,5,0.5,0.5,1,0.5,0.8,3,TRUE,0.9,TRUE,0.75,0,0,"ACPtrial10",3.11903251861356,1.60751853368067,0.8,0.577777777777778,0.6,0.955555555555556
"459",10,50,100,50,5,0.5,0.5,1,0.5,0.8,3,TRUE,0.9,TRUE,0.75,0,0,"ACPtrial10",1.68509272348652,1.50535310756986,0.6,0.755555555555556,0.375,0.976190476190476
"460",10,50,100,50,5,0.5,0.5,1,0.5,0.8,3,TRUE,0.9,TRUE,0.75,0,0,"ACPtrial10",1.5148978848217,1.24300936094297,1,0.4,0.833333333333333,0.886363636363636
"461",10,50,100,50,5,0.5,0.5,1,0.5,0.8,3,TRUE,0.9,TRUE,0.75,0,0,"ACPtrial10",1.24024113854383,1.18242369522969,1,0.488888888888889,0.5,0.976190476190476
"462",10,50,100,50,5,0.5,0.5,1,0.5,0.8,3,TRUE,0.9,TRUE,0.75,0,0,"ACPtrial10",1.92163735085028,1.32266076205402,1,0.177777777777778,0.666666666666667,0.954545454545455
"463",10,50,100,50,5,0.5,0.5,1,0.5,0.8,3,TRUE,0.9,TRUE,0.75,0,0,"ACPtrial10",3.72787142458949,2.6265222022379,0.8,0.377777777777778,0.142857142857143,0.906976744186046
"464",10,50,100,50,5,0.5,0.5,1,0.5,0.8,3,TRUE,0.9,TRUE,0.75,0,0,"ACPtrial10",2.15865305148086,1.58150655104387,0.8,0.355555555555556,0.428571428571429,0.953488372093023
"465",10,50,100,50,5,0.5,0.5,1,0.5,0.8,3,TRUE,0.9,TRUE,0.75,0,0,"ACPtrial10",2.2885189131155,1.5397421472229,1,0.177777777777778,0.545454545454545,0.974358974358974
"466",10,50,100,50,5,0.5,0.5,1,0.5,0.8,3,TRUE,0.9,TRUE,0.75,0,0,"ACPtrial10",4.11711929896676,2.26397339242653,0.8,0.688888888888889,0.333333333333333,0.954545454545455
"467",10,50,100,50,5,0.5,0.5,1,0.5,0.8,3,TRUE,0.9,TRUE,0.75,0,0,"ACPtrial10",1.5953900315325,1.24442877955141,0.8,0.444444444444444,0.333333333333333,0.977272727272727
"468",10,50,100,50,5,0.5,0.5,1,0.5,0.8,3,TRUE,0.9,TRUE,0.75,0,0,"ACPtrial10",1.6615235820086,1.50029732745622,1,0.644444444444444,0.6,0.955555555555556
"469",10,50,100,50,5,0.5,0.5,1,0.5,0.8,3,TRUE,0.9,TRUE,0.75,0,0,"ACPtrial10",2.99049932848845,1.28747710293601,0.8,0.311111111111111,0.285714285714286,0.976744186046512
"470",10,50,100,50,5,0.5,0.5,1,0.5,0.8,3,TRUE,0.9,TRUE,0.75,0,0,"ACPtrial10",7.78996350052413,1.5632513421192,1,0.488888888888889,0.285714285714286,1
"471",10,50,100,50,5,0.5,0.5,1,0.5,0.8,3,TRUE,0.9,TRUE,0.75,0,0,"ACPtrial10",3.76682770498546,1.26813232782361,1,0.422222222222222,0.5,1
"472",10,50,100,50,5,0.5,0.5,1,0.5,0.8,3,TRUE,0.9,TRUE,0.75,0,0,"ACPtrial10",1.40233676592235,1.07908145809541,0.8,0.422222222222222,0.333333333333333,0.975609756097561
"473",10,50,100,50,5,0.5,0.5,1,0.5,0.8,3,TRUE,0.9,TRUE,0.75,0,0,"ACPtrial10",2.53657158634125,1.67376553143671,1,0.0444444444444444,0.833333333333333,0.931818181818182
"474",10,50,100,50,5,0.5,0.5,1,0.5,0.8,3,TRUE,0.9,TRUE,0.75,0,0,"ACPtrial10",1.24699329741022,1.48323823355851,0.8,0.666666666666667,0.8,0.955555555555556
"475",10,50,100,50,5,0.5,0.5,1,0.5,0.8,3,TRUE,0.9,TRUE,0.75,0,0,"ACPtrial10",2.8185404017314,1.8950873736834,0.6,0.355555555555556,0.428571428571429,0.976744186046512
"476",10,50,100,50,5,0.5,0.5,1,0.5,0.8,3,TRUE,0.9,TRUE,0.75,0,0,"ACPtrial10",2.41158671683326,1.57185383646294,1,0.533333333333333,0.285714285714286,0.930232558139535
"477",10,50,100,50,5,0.5,0.5,1,0.5,0.8,3,TRUE,0.9,TRUE,0.75,0,0,"ACPtrial10",2.97569776200095,1.37404844977489,1,0.2,0.428571428571429,0.953488372093023
"478",10,50,100,50,5,0.5,0.5,1,0.5,0.8,3,TRUE,0.9,TRUE,0.75,0,0,"ACPtrial10",1.48577255557894,1.39219006447328,1,0.377777777777778,1,0.886363636363636
"479",10,50,100,50,5,0.5,0.5,1,0.5,0.8,3,TRUE,0.9,TRUE,0.75,0,0,"ACPtrial10",6.43466749396832,2.01067536762152,0.4,0.555555555555556,0.428571428571429,1
"480",10,50,100,50,5,0.5,0.5,1,0.5,0.8,3,TRUE,0.9,TRUE,0.75,0,0,"ACPtrial10",1.3502412913023,1.29455542298435,0.8,0.866666666666667,0.285714285714286,1
"481",10,50,100,50,5,0.5,0.5,1,0.5,0.8,3,TRUE,0.9,TRUE,0.75,0,0,"ACPtrial10",1.1541960043998,1.27270088845544,0.4,0.644444444444444,0.428571428571429,0.953488372093023
"482",10,50,100,50,5,0.5,0.5,1,0.5,0.8,3,TRUE,0.9,TRUE,0.75,0,0,"ACPtrial10",1.94776563699319,1.76483864164176,0.8,0.711111111111111,0.285714285714286,0.976744186046512
"483",10,50,100,50,5,0.5,0.5,1,0.5,0.8,3,TRUE,0.9,TRUE,0.75,0,0,"ACPtrial10",1.22255307958549,1.31774284360308,1,0.555555555555556,0.833333333333333,1
"484",10,50,100,50,5,0.5,0.5,1,0.5,0.8,3,TRUE,0.9,TRUE,0.75,0,0,"ACPtrial10",2.15830147470833,1.49156051717844,0.8,0.666666666666667,0.5,0.976190476190476
"485",10,50,100,50,5,0.5,0.5,1,0.5,0.8,3,TRUE,0.9,TRUE,0.75,0,0,"ACPtrial10",2.34471092145002,1.89265730611223,0.8,0.533333333333333,0.333333333333333,0.931818181818182
"486",10,50,100,50,5,0.5,0.5,1,0.5,0.8,3,TRUE,0.9,TRUE,0.75,0,0,"ACPtrial10",1.75958510070447,1.18797229356007,0.6,0.6,0.375,0.976190476190476
"487",10,50,100,50,5,0.5,0.5,1,0.5,0.8,3,TRUE,0.9,TRUE,0.75,0,0,"ACPtrial10",1.29521889038884,1.56138563938254,1,0.466666666666667,0.833333333333333,0.954545454545455
"488",10,50,100,50,5,0.5,0.5,1,0.5,0.8,3,TRUE,0.9,TRUE,0.75,0,0,"ACPtrial10",4.07281204292117,1.35632453500759,1,0.177777777777778,0.714285714285714,1
"489",10,50,100,50,5,0.5,0.5,1,0.5,0.8,3,TRUE,0.9,TRUE,0.75,0,0,"ACPtrial10",1.36771028478321,1.60170872988929,0.8,0.733333333333333,0.833333333333333,0.954545454545455
"490",10,50,100,50,5,0.5,0.5,1,0.5,0.8,3,TRUE,0.9,TRUE,0.75,0,0,"ACPtrial10",1.99686589125742,0.9807395168331,0.6,0.377777777777778,0.2,0.977777777777778
"491",10,50,100,50,5,0.5,0.5,1,0.5,0.8,3,TRUE,0.9,TRUE,0.75,0,0,"ACPtrial10",1.26193680475496,1.34692360216122,0.8,0.511111111111111,0.333333333333333,0.977272727272727
"492",10,50,100,50,5,0.5,0.5,1,0.5,0.8,3,TRUE,0.9,TRUE,0.75,0,0,"ACPtrial10",2.27541656800557,1.32948047092476,1,0.755555555555556,0.714285714285714,1
"493",10,50,100,50,5,0.5,0.5,1,0.5,0.8,3,TRUE,0.9,TRUE,0.75,0,0,"ACPtrial10",1.22919625072339,1.14540265206855,0.8,0.511111111111111,0.8,0.955555555555556
"494",10,50,100,50,5,0.5,0.5,1,0.5,0.8,3,TRUE,0.9,TRUE,0.75,0,0,"ACPtrial10",1.35114110160444,1.11087133277735,0.8,0.422222222222222,0.6,0.955555555555556
"495",10,50,100,50,5,0.5,0.5,1,0.5,0.8,3,TRUE,0.9,TRUE,0.75,0,0,"ACPtrial10",1.26129148486559,1.74484539759683,1,0.755555555555556,0.833333333333333,0.931818181818182
"496",10,50,100,50,5,0.5,0.5,1,0.5,0.8,3,TRUE,0.9,TRUE,0.75,0,0,"ACPtrial10",1.0703863622498,0.99635067967812,0.8,0.622222222222222,0.5,0.954545454545455
"497",10,50,100,50,5,0.5,0.5,1,0.5,0.8,3,TRUE,0.9,TRUE,0.75,0,0,"ACPtrial10",2.4720445718835,0.963178745527551,0.6,0.355555555555556,0.25,0.904761904761905
"498",10,50,100,50,5,0.5,0.5,1,0.5,0.8,3,TRUE,0.9,TRUE,0.75,0,0,"ACPtrial10",1.62394132639447,2.79583993203825,1,0.622222222222222,0.571428571428571,0.930232558139535
"499",10,50,100,50,5,0.5,0.5,1,0.5,0.8,3,TRUE,0.9,TRUE,0.75,0,0,"ACPtrial10",1.30644035736266,1.02047328496858,0.6,0.622222222222222,0.222222222222222,0.951219512195122
"500",10,50,100,50,5,0.5,0.5,1,0.5,0.8,3,TRUE,0.9,TRUE,0.75,0,0,"ACPtrial10",2.3534077203146,1.39994515139148,0.6,0.6,0.6,0.955555555555556
"501",11,50,100,50,5,0.5,0.5,1,0.5,0.8,3,TRUE,0.9,TRUE,0.75,0,0,"ACPtrial11",2.15168237778076,1.46136056321139,1,0.911111111111111,0.6,0.977777777777778
"502",11,50,100,50,5,0.5,0.5,1,0.5,0.8,3,TRUE,0.9,TRUE,0.75,0,0,"ACPtrial11",1.33260547257389,1.34169970874065,1,0.644444444444444,0.5,0.952380952380952
"503",11,50,100,50,5,0.5,0.5,1,0.5,0.8,3,TRUE,0.9,TRUE,0.75,0,0,"ACPtrial11",1.81614944756423,1.30615519605996,1,0.733333333333333,0.8,1
"504",11,50,100,50,5,0.5,0.5,1,0.5,0.8,3,TRUE,0.9,TRUE,0.75,0,0,"ACPtrial11",2.41558153561917,1.80909624932052,1,0.711111111111111,0.714285714285714,0.906976744186046
"505",11,50,100,50,5,0.5,0.5,1,0.5,0.8,3,TRUE,0.9,TRUE,0.75,0,0,"ACPtrial11",1.0281641769239,1.16883255021487,0.6,0.711111111111111,0.142857142857143,1
"506",11,50,100,50,5,0.5,0.5,1,0.5,0.8,3,TRUE,0.9,TRUE,0.75,0,0,"ACPtrial11",1.22672242776906,1.10495594148654,1,0.555555555555556,0.833333333333333,0.931818181818182
"507",11,50,100,50,5,0.5,0.5,1,0.5,0.8,3,TRUE,0.9,TRUE,0.75,0,0,"ACPtrial11",3.11752413578002,1.45157276484431,0.8,0.288888888888889,0.222222222222222,0.975609756097561
"508",11,50,100,50,5,0.5,0.5,1,0.5,0.8,3,TRUE,0.9,TRUE,0.75,0,0,"ACPtrial11",2.39146268087638,1.93555397768331,1,0.266666666666667,0.5,0.977272727272727
"509",11,50,100,50,5,0.5,0.5,1,0.5,0.8,3,TRUE,0.9,TRUE,0.75,0,0,"ACPtrial11",2.7325576324707,2.52815610424034,0.6,0.844444444444444,0.285714285714286,0.976744186046512
"510",11,50,100,50,5,0.5,0.5,1,0.5,0.8,3,TRUE,0.9,TRUE,0.75,0,0,"ACPtrial11",1.14140514094614,1.22728977078827,0.6,0.622222222222222,0.333333333333333,0.954545454545455
"511",11,50,100,50,5,0.5,0.5,1,0.5,0.8,3,TRUE,0.9,TRUE,0.75,0,0,"ACPtrial11",0.897103172524164,1.240199056247,0.6,0.688888888888889,0.5,0.976190476190476
"512",11,50,100,50,5,0.5,0.5,1,0.5,0.8,3,TRUE,0.9,TRUE,0.75,0,0,"ACPtrial11",1.67349590082848,1.26902143734628,1,0.733333333333333,0.571428571428571,0.930232558139535
"513",11,50,100,50,5,0.5,0.5,1,0.5,0.8,3,TRUE,0.9,TRUE,0.75,0,0,"ACPtrial11",2.69070417078286,1.48857599384792,1,0.577777777777778,0.571428571428571,0.883720930232558
"514",11,50,100,50,5,0.5,0.5,1,0.5,0.8,3,TRUE,0.9,TRUE,0.75,0,0,"ACPtrial11",2.0643833050714,1.16973080987328,0.8,0.533333333333333,0.25,1
"515",11,50,100,50,5,0.5,0.5,1,0.5,0.8,3,TRUE,0.9,TRUE,0.75,0,0,"ACPtrial11",2.5997258018669,1.70805666574866,1,0.311111111111111,0.375,0.952380952380952
"516",11,50,100,50,5,0.5,0.5,1,0.5,0.8,3,TRUE,0.9,TRUE,0.75,0,0,"ACPtrial11",1.86852060583579,1.50190687437913,0.8,0.733333333333333,0.333333333333333,0.977272727272727
"517",11,50,100,50,5,0.5,0.5,1,0.5,0.8,3,TRUE,0.9,TRUE,0.75,0,0,"ACPtrial11",1.25802247176747,1.06241362145917,1,0.488888888888889,0.666666666666667,1
"518",11,50,100,50,5,0.5,0.5,1,0.5,0.8,3,TRUE,0.9,TRUE,0.75,0,0,"ACPtrial11",1.54405967952766,1.8300143302837,1,0.488888888888889,0.571428571428571,1
"519",11,50,100,50,5,0.5,0.5,1,0.5,0.8,3,TRUE,0.9,TRUE,0.75,0,0,"ACPtrial11",2.55172438256936,1.79673947180344,0.8,0.355555555555556,0.571428571428571,0.953488372093023
"520",11,50,100,50,5,0.5,0.5,1,0.5,0.8,3,TRUE,0.9,TRUE,0.75,0,0,"ACPtrial11",1.61154156505037,1.94541968996791,0.8,0.644444444444444,0.5,0.880952380952381
"521",11,50,100,50,5,0.5,0.5,1,0.5,0.8,3,TRUE,0.9,TRUE,0.75,0,0,"ACPtrial11",0.928217669488769,1.31283344710112,0.8,0.688888888888889,0.333333333333333,0.931818181818182
"522",11,50,100,50,5,0.5,0.5,1,0.5,0.8,3,TRUE,0.9,TRUE,0.75,0,0,"ACPtrial11",1.6791248257458,1.57875002597062,0.8,0.644444444444444,0.5,0.977272727272727
"523",11,50,100,50,5,0.5,0.5,1,0.5,0.8,3,TRUE,0.9,TRUE,0.75,0,0,"ACPtrial11",3.44913056446488,3.14075995275193,0.8,0.422222222222222,0.222222222222222,0.975609756097561
"524",11,50,100,50,5,0.5,0.5,1,0.5,0.8,3,TRUE,0.9,TRUE,0.75,0,0,"ACPtrial11",3.42615209640366,1.53008640776203,1,0.177777777777778,0.555555555555556,0.975609756097561
"525",11,50,100,50,5,0.5,0.5,1,0.5,0.8,3,TRUE,0.9,TRUE,0.75,0,0,"ACPtrial11",2.22610144155942,1.30172157713687,1,0.444444444444444,0.285714285714286,0.976744186046512
"526",11,50,100,50,5,0.5,0.5,1,0.5,0.8,3,TRUE,0.9,TRUE,0.75,0,0,"ACPtrial11",2.28207407277563,1.69002619863169,1,0.422222222222222,0.5,1
"527",11,50,100,50,5,0.5,0.5,1,0.5,0.8,3,TRUE,0.9,TRUE,0.75,0,0,"ACPtrial11",2.50336473614731,1.47358321202371,1,0.288888888888889,0.2,1
"528",11,50,100,50,5,0.5,0.5,1,0.5,0.8,3,TRUE,0.9,TRUE,0.75,0,0,"ACPtrial11",1.29343158387978,1.37600774100292,0.6,0.488888888888889,0.375,0.928571428571429
"529",11,50,100,50,5,0.5,0.5,1,0.5,0.8,3,TRUE,0.9,TRUE,0.75,0,0,"ACPtrial11",1.38019224297631,1.4327378658706,1,0.422222222222222,0.666666666666667,0.886363636363636
"530",11,50,100,50,5,0.5,0.5,1,0.5,0.8,3,TRUE,0.9,TRUE,0.75,0,0,"ACPtrial11",1.6195004254462,1.2330508876954,0.8,0.466666666666667,0.375,0.976190476190476
"531",11,50,100,50,5,0.5,0.5,1,0.5,0.8,3,TRUE,0.9,TRUE,0.75,0,0,"ACPtrial11",1.85560833569826,0.996817104196267,1,0.511111111111111,0.4,1
"532",11,50,100,50,5,0.5,0.5,1,0.5,0.8,3,TRUE,0.9,TRUE,0.75,0,0,"ACPtrial11",1.5898802812087,1.38266077297674,0.6,0.711111111111111,0.333333333333333,0.975609756097561
"533",11,50,100,50,5,0.5,0.5,1,0.5,0.8,3,TRUE,0.9,TRUE,0.75,0,0,"ACPtrial11",2.18594821459496,2.38784952660141,0.6,0.666666666666667,0.222222222222222,0.951219512195122
"534",11,50,100,50,5,0.5,0.5,1,0.5,0.8,3,TRUE,0.9,TRUE,0.75,0,0,"ACPtrial11",1.43623685639409,1.81120934250032,1,0.622222222222222,0.571428571428571,1
"535",11,50,100,50,5,0.5,0.5,1,0.5,0.8,3,TRUE,0.9,TRUE,0.75,0,0,"ACPtrial11",1.35897906373114,1.11077681096876,0.6,0.711111111111111,0.333333333333333,1
"536",11,50,100,50,5,0.5,0.5,1,0.5,0.8,3,TRUE,0.9,TRUE,0.75,0,0,"ACPtrial11",2.12340649022076,1.55872283518463,0.8,0.422222222222222,0.333333333333333,0.926829268292683
"537",11,50,100,50,5,0.5,0.5,1,0.5,0.8,3,TRUE,0.9,TRUE,0.75,0,0,"ACPtrial11",1.25101725846699,1.02040757054105,0.4,0.688888888888889,0.111111111111111,0.951219512195122
"538",11,50,100,50,5,0.5,0.5,1,0.5,0.8,3,TRUE,0.9,TRUE,0.75,0,0,"ACPtrial11",2.10778647994992,1.22353287638134,1,0.533333333333333,0.571428571428571,0.953488372093023
"539",11,50,100,50,5,0.5,0.5,1,0.5,0.8,3,TRUE,0.9,TRUE,0.75,0,0,"ACPtrial11",1.28410025848544,1.410630182008,0.6,0.377777777777778,0.285714285714286,1
"540",11,50,100,50,5,0.5,0.5,1,0.5,0.8,3,TRUE,0.9,TRUE,0.75,0,0,"ACPtrial11",0.921682010488046,1.03692573914675,1,0.755555555555556,0.333333333333333,1
"541",11,50,100,50,5,0.5,0.5,1,0.5,0.8,3,TRUE,0.9,TRUE,0.75,0,0,"ACPtrial11",1.52517114480935,0.995758057670753,0.8,0.355555555555556,0.285714285714286,1
"542",11,50,100,50,5,0.5,0.5,1,0.5,0.8,3,TRUE,0.9,TRUE,0.75,0,0,"ACPtrial11",1.87244343367137,1.32504570514134,1,0.466666666666667,0.666666666666667,0.863636363636364
"543",11,50,100,50,5,0.5,0.5,1,0.5,0.8,3,TRUE,0.9,TRUE,0.75,0,0,"ACPtrial11",1.27618543633681,1.30434234787151,1,0.755555555555556,0.666666666666667,1
"544",11,50,100,50,5,0.5,0.5,1,0.5,0.8,3,TRUE,0.9,TRUE,0.75,0,0,"ACPtrial11",2.22248885809349,1.35832699457565,1,0.266666666666667,0.25,0.904761904761905
"545",11,50,100,50,5,0.5,0.5,1,0.5,0.8,3,TRUE,0.9,TRUE,0.75,0,0,"ACPtrial11",1.96853932096414,1.35749691774456,1,0.444444444444444,0.75,0.952380952380952
"546",11,50,100,50,5,0.5,0.5,1,0.5,0.8,3,TRUE,0.9,TRUE,0.75,0,0,"ACPtrial11",1.24716984959836,1.45692884987025,1,0.577777777777778,0.25,0.976190476190476
"547",11,50,100,50,5,0.5,0.5,1,0.5,0.8,3,TRUE,0.9,TRUE,0.75,0,0,"ACPtrial11",1.06584414798859,1.27729638034385,1,0.422222222222222,0.833333333333333,0.795454545454545
"548",11,50,100,50,5,0.5,0.5,1,0.5,0.8,3,TRUE,0.9,TRUE,0.75,0,0,"ACPtrial11",1.93778491887029,1.38527919479164,1,0.311111111111111,0.5,1
"549",11,50,100,50,5,0.5,0.5,1,0.5,0.8,3,TRUE,0.9,TRUE,0.75,0,0,"ACPtrial11",1.00235545982027,1.96807853542778,1,0.622222222222222,0.5,0.976190476190476
"550",11,50,100,50,5,0.5,0.5,1,0.5,0.8,3,TRUE,0.9,TRUE,0.75,0,0,"ACPtrial11",1.6135360808669,1.19150141136379,0.8,0.644444444444444,0.5,1
"551",12,50,100,50,5,0.5,0.5,1,0.5,0.8,3,TRUE,0.9,TRUE,0.75,0,0,"ACPtrial12",1.16984028124088,1.16583261463613,0.6,0.622222222222222,0.25,0.976190476190476
"552",12,50,100,50,5,0.5,0.5,1,0.5,0.8,3,TRUE,0.9,TRUE,0.75,0,0,"ACPtrial12",1.63374228410626,1.13472056924376,0.4,0.688888888888889,0.25,0.976190476190476
"553",12,50,100,50,5,0.5,0.5,1,0.5,0.8,3,TRUE,0.9,TRUE,0.75,0,0,"ACPtrial12",1.7076180549591,1.62319787875211,1,0.533333333333333,0.25,0.904761904761905
"554",12,50,100,50,5,0.5,0.5,1,0.5,0.8,3,TRUE,0.9,TRUE,0.75,0,0,"ACPtrial12",1.46430640232916,1.49546923562863,0.8,0.755555555555556,0.5,0.977272727272727
"555",12,50,100,50,5,0.5,0.5,1,0.5,0.8,3,TRUE,0.9,TRUE,0.75,0,0,"ACPtrial12",1.0299735875985,1.44705138083876,0.4,0.755555555555556,0.25,0.976190476190476
"556",12,50,100,50,5,0.5,0.5,1,0.5,0.8,3,TRUE,0.9,TRUE,0.75,0,0,"ACPtrial12",2.06898794618808,1.62515917837243,1,0.422222222222222,0.571428571428571,0.976744186046512
"557",12,50,100,50,5,0.5,0.5,1,0.5,0.8,3,TRUE,0.9,TRUE,0.75,0,0,"ACPtrial12",1.31544480275116,1.28981109244353,0.8,0.666666666666667,0.285714285714286,0.953488372093023
"558",12,50,100,50,5,0.5,0.5,1,0.5,0.8,3,TRUE,0.9,TRUE,0.75,0,0,"ACPtrial12",1.8115193752023,0.966049573350529,0.4,0.466666666666667,0.333333333333333,0.977272727272727
"559",12,50,100,50,5,0.5,0.5,1,0.5,0.8,3,TRUE,0.9,TRUE,0.75,0,0,"ACPtrial12",4.09694715496845,1.85473069388026,1,0.555555555555556,0.6,0.933333333333333
"560",12,50,100,50,5,0.5,0.5,1,0.5,0.8,3,TRUE,0.9,TRUE,0.75,0,0,"ACPtrial12",1.1201687814649,1.34653519662918,0.8,0.866666666666667,0.428571428571429,0.976744186046512
"561",12,50,100,50,5,0.5,0.5,1,0.5,0.8,3,TRUE,0.9,TRUE,0.75,0,0,"ACPtrial12",1.24794480756084,1.27739254716491,0.6,0.733333333333333,0.285714285714286,0.953488372093023
"562",12,50,100,50,5,0.5,0.5,1,0.5,0.8,3,TRUE,0.9,TRUE,0.75,0,0,"ACPtrial12",2.30053416490766,1.42235627954843,1,0.355555555555556,0.444444444444444,1
"563",12,50,100,50,5,0.5,0.5,1,0.5,0.8,3,TRUE,0.9,TRUE,0.75,0,0,"ACPtrial12",3.40118488171818,3.3558821281903,1,0.444444444444444,0.333333333333333,0.975609756097561
"564",12,50,100,50,5,0.5,0.5,1,0.5,0.8,3,TRUE,0.9,TRUE,0.75,0,0,"ACPtrial12",1.88282957816607,1.37079251828198,0.8,0.488888888888889,0.428571428571429,0.976744186046512
"565",12,50,100,50,5,0.5,0.5,1,0.5,0.8,3,TRUE,0.9,TRUE,0.75,0,0,"ACPtrial12",1.89399944578815,1.1082361744997,0.6,0.377777777777778,0.375,0.904761904761905
"566",12,50,100,50,5,0.5,0.5,1,0.5,0.8,3,TRUE,0.9,TRUE,0.75,0,0,"ACPtrial12",1.72082613164187,1.09136746054361,0.6,0.422222222222222,0.285714285714286,1
"567",12,50,100,50,5,0.5,0.5,1,0.5,0.8,3,TRUE,0.9,TRUE,0.75,0,0,"ACPtrial12",1.61107584907715,1.41480244189726,1,0.666666666666667,0.375,0.976190476190476
"568",12,50,100,50,5,0.5,0.5,1,0.5,0.8,3,TRUE,0.9,TRUE,0.75,0,0,"ACPtrial12",1.70687605747786,1.34132823690828,1,0.377777777777778,0.833333333333333,0.909090909090909
"569",12,50,100,50,5,0.5,0.5,1,0.5,0.8,3,TRUE,0.9,TRUE,0.75,0,0,"ACPtrial12",1.94923779880119,1.3314744903579,1,0.4,0.625,0.976190476190476
"570",12,50,100,50,5,0.5,0.5,1,0.5,0.8,3,TRUE,0.9,TRUE,0.75,0,0,"ACPtrial12",2.47055641058088,1.50881796485034,0.4,0.444444444444444,0.333333333333333,0.931818181818182
"571",12,50,100,50,5,0.5,0.5,1,0.5,0.8,3,TRUE,0.9,TRUE,0.75,0,0,"ACPtrial12",0.738670297686079,1.36761812249019,0.4,0.866666666666667,0.2,1
"572",12,50,100,50,5,0.5,0.5,1,0.5,0.8,3,TRUE,0.9,TRUE,0.75,0,0,"ACPtrial12",2.66800258092857,1.9242182630999,0.8,0.733333333333333,0.6,1
"573",12,50,100,50,5,0.5,0.5,1,0.5,0.8,3,TRUE,0.9,TRUE,0.75,0,0,"ACPtrial12",4.3554004663564,2.12388056055595,1,0.466666666666667,0.714285714285714,1
"574",12,50,100,50,5,0.5,0.5,1,0.5,0.8,3,TRUE,0.9,TRUE,0.75,0,0,"ACPtrial12",2.13383673167521,1.56854674954598,1,0.511111111111111,0.428571428571429,0.953488372093023
"575",12,50,100,50,5,0.5,0.5,1,0.5,0.8,3,TRUE,0.9,TRUE,0.75,0,0,"ACPtrial12",2.31328756555534,1.13848215243547,0.8,0.666666666666667,0.333333333333333,1
"576",12,50,100,50,5,0.5,0.5,1,0.5,0.8,3,TRUE,0.9,TRUE,0.75,0,0,"ACPtrial12",1.89079861570029,2.46433871538778,1,0.533333333333333,0.222222222222222,0.951219512195122
"577",12,50,100,50,5,0.5,0.5,1,0.5,0.8,3,TRUE,0.9,TRUE,0.75,0,0,"ACPtrial12",3.43264132289012,1.9297371819386,0.8,0.155555555555556,0.333333333333333,0.926829268292683
"578",12,50,100,50,5,0.5,0.5,1,0.5,0.8,3,TRUE,0.9,TRUE,0.75,0,0,"ACPtrial12",2.87281437178553,1.37343595768777,1,0.466666666666667,0.857142857142857,0.976744186046512
"579",12,50,100,50,5,0.5,0.5,1,0.5,0.8,3,TRUE,0.9,TRUE,0.75,0,0,"ACPtrial12",0.972689385909946,1.19075662369663,1,0.733333333333333,0.428571428571429,0.976744186046512
"580",12,50,100,50,5,0.5,0.5,1,0.5,0.8,3,TRUE,0.9,TRUE,0.75,0,0,"ACPtrial12",0.691193959026445,0.977015576721663,0.6,0.622222222222222,0.444444444444444,1
"581",12,50,100,50,5,0.5,0.5,1,0.5,0.8,3,TRUE,0.9,TRUE,0.75,0,0,"ACPtrial12",1.25705591309675,1.40515209871921,0.8,0.688888888888889,0.6,0.977777777777778
"582",12,50,100,50,5,0.5,0.5,1,0.5,0.8,3,TRUE,0.9,TRUE,0.75,0,0,"ACPtrial12",1.59965206497774,1.96988316741222,0.8,0.6,0.2,0.975
"583",12,50,100,50,5,0.5,0.5,1,0.5,0.8,3,TRUE,0.9,TRUE,0.75,0,0,"ACPtrial12",1.35576184583729,1.5023099028357,1,0.644444444444444,0.8,0.955555555555556
"584",12,50,100,50,5,0.5,0.5,1,0.5,0.8,3,TRUE,0.9,TRUE,0.75,0,0,"ACPtrial12",2.00918766594349,1.19801071183242,0.8,0.333333333333333,0.2,0.9
"585",12,50,100,50,5,0.5,0.5,1,0.5,0.8,3,TRUE,0.9,TRUE,0.75,0,0,"ACPtrial12",1.16306326425019,1.36715320731671,1,0.6,0.428571428571429,1
"586",12,50,100,50,5,0.5,0.5,1,0.5,0.8,3,TRUE,0.9,TRUE,0.75,0,0,"ACPtrial12",3.33745158049025,1.74379038840985,1,0.355555555555556,0.666666666666667,0.954545454545455
"587",12,50,100,50,5,0.5,0.5,1,0.5,0.8,3,TRUE,0.9,TRUE,0.75,0,0,"ACPtrial12",2.44804030180722,2.20478279929791,0.8,0.466666666666667,0.285714285714286,1
"588",12,50,100,50,5,0.5,0.5,1,0.5,0.8,3,TRUE,0.9,TRUE,0.75,0,0,"ACPtrial12",1.76885664904462,1.09912045706865,1,0.4,0.625,0.976190476190476
"589",12,50,100,50,5,0.5,0.5,1,0.5,0.8,3,TRUE,0.9,TRUE,0.75,0,0,"ACPtrial12",1.57933603426494,1.73948277580182,0.6,0.555555555555556,0.6,0.955555555555556
"590",12,50,100,50,5,0.5,0.5,1,0.5,0.8,3,TRUE,0.9,TRUE,0.75,0,0,"ACPtrial12",4.03281701541524,2.75092830668121,0.6,0.555555555555556,0.666666666666667,1
"591",12,50,100,50,5,0.5,0.5,1,0.5,0.8,3,TRUE,0.9,TRUE,0.75,0,0,"ACPtrial12",3.33016354685129,1.4274126019355,1,0.488888888888889,0.714285714285714,0.953488372093023
"592",12,50,100,50,5,0.5,0.5,1,0.5,0.8,3,TRUE,0.9,TRUE,0.75,0,0,"ACPtrial12",1.39388658433546,1.3075811721082,0.4,0.733333333333333,0.333333333333333,1
"593",12,50,100,50,5,0.5,0.5,1,0.5,0.8,3,TRUE,0.9,TRUE,0.75,0,0,"ACPtrial12",0.911923033039616,0.990684473581242,0.6,0.822222222222222,0.375,1
"594",12,50,100,50,5,0.5,0.5,1,0.5,0.8,3,TRUE,0.9,TRUE,0.75,0,0,"ACPtrial12",1.31012368439181,1.38475987131158,1,0.511111111111111,0.857142857142857,1
"595",12,50,100,50,5,0.5,0.5,1,0.5,0.8,3,TRUE,0.9,TRUE,0.75,0,0,"ACPtrial12",2.12878157663774,2.55414580260207,0.8,0.6,0.428571428571429,0.906976744186046
"596",12,50,100,50,5,0.5,0.5,1,0.5,0.8,3,TRUE,0.9,TRUE,0.75,0,0,"ACPtrial12",1.04873486091703,1.09594385305271,0.4,0.844444444444444,0.285714285714286,1
"597",12,50,100,50,5,0.5,0.5,1,0.5,0.8,3,TRUE,0.9,TRUE,0.75,0,0,"ACPtrial12",1.48018786002508,1.58067290969396,0.4,0.8,0.5,1
"598",12,50,100,50,5,0.5,0.5,1,0.5,0.8,3,TRUE,0.9,TRUE,0.75,0,0,"ACPtrial12",1.36565321125609,1.52213783996404,1,0.666666666666667,0.333333333333333,0.931818181818182
"599",12,50,100,50,5,0.5,0.5,1,0.5,0.8,3,TRUE,0.9,TRUE,0.75,0,0,"ACPtrial12",1.08408540572929,1.27788118586542,1,0.533333333333333,0.571428571428571,0.906976744186046
"600",12,50,100,50,5,0.5,0.5,1,0.5,0.8,3,TRUE,0.9,TRUE,0.75,0,0,"ACPtrial12",1.26850788405289,1.82689870738102,0.6,0.733333333333333,0.222222222222222,1
"601",13,50,100,50,5,0.5,0.5,1,0.5,0.8,3,TRUE,0.9,TRUE,0.75,0,0,"ACPtrial13",1.70663301347362,1.49185236088796,0.8,0.844444444444444,0.2,0.977777777777778
"602",13,50,100,50,5,0.5,0.5,1,0.5,0.8,3,TRUE,0.9,TRUE,0.75,0,0,"ACPtrial13",3.08820817083245,1.64498466869991,1,0.444444444444444,0.625,0.952380952380952
"603",13,50,100,50,5,0.5,0.5,1,0.5,0.8,3,TRUE,0.9,TRUE,0.75,0,0,"ACPtrial13",3.45542805718155,1.50784081790736,1,0.355555555555556,0.25,0.976190476190476
"604",13,50,100,50,5,0.5,0.5,1,0.5,0.8,3,TRUE,0.9,TRUE,0.75,0,0,"ACPtrial13",1.39601012121187,1.25900415760011,0.6,0.8,0.4,0.977777777777778
"605",13,50,100,50,5,0.5,0.5,1,0.5,0.8,3,TRUE,0.9,TRUE,0.75,0,0,"ACPtrial13",1.17578920313861,1.29103812428553,0.8,0.666666666666667,0.375,0.976190476190476
"606",13,50,100,50,5,0.5,0.5,1,0.5,0.8,3,TRUE,0.9,TRUE,0.75,0,0,"ACPtrial13",1.11925718813152,0.916586787692044,0.6,0.622222222222222,0.285714285714286,0.976744186046512
"607",13,50,100,50,5,0.5,0.5,1,0.5,0.8,3,TRUE,0.9,TRUE,0.75,0,0,"ACPtrial13",1.25064803819229,1.62215281414022,1,0.711111111111111,0.714285714285714,1
"608",13,50,100,50,5,0.5,0.5,1,0.5,0.8,3,TRUE,0.9,TRUE,0.75,0,0,"ACPtrial13",2.1834800866272,1.23012215215674,0.6,0.711111111111111,0.428571428571429,0.976744186046512
"609",13,50,100,50,5,0.5,0.5,1,0.5,0.8,3,TRUE,0.9,TRUE,0.75,0,0,"ACPtrial13",3.0572420777935,2.26472641874718,0.6,0.644444444444444,0.222222222222222,0.926829268292683
"610",13,50,100,50,5,0.5,0.5,1,0.5,0.8,3,TRUE,0.9,TRUE,0.75,0,0,"ACPtrial13",1.32077760784757,1.3512798814305,1,0.622222222222222,0.833333333333333,1
"611",13,50,100,50,5,0.5,0.5,1,0.5,0.8,3,TRUE,0.9,TRUE,0.75,0,0,"ACPtrial13",4.82617677266562,5.56711558960713,0.6,0.577777777777778,0.25,0.928571428571429
"612",13,50,100,50,5,0.5,0.5,1,0.5,0.8,3,TRUE,0.9,TRUE,0.75,0,0,"ACPtrial13",1.55127300318311,1.28478272667305,0.4,0.6,0.333333333333333,1
"613",13,50,100,50,5,0.5,0.5,1,0.5,0.8,3,TRUE,0.9,TRUE,0.75,0,0,"ACPtrial13",2.87949016634957,2.17157536771267,0.6,0.422222222222222,0.333333333333333,0.886363636363636
"614",13,50,100,50,5,0.5,0.5,1,0.5,0.8,3,TRUE,0.9,TRUE,0.75,0,0,"ACPtrial13",2.80340828737796,1.82755609100469,1,0.755555555555556,0.5,1
"615",13,50,100,50,5,0.5,0.5,1,0.5,0.8,3,TRUE,0.9,TRUE,0.75,0,0,"ACPtrial13",3.38504980710376,1.56677236679595,1,0.244444444444444,0.666666666666667,0.931818181818182
"616",13,50,100,50,5,0.5,0.5,1,0.5,0.8,3,TRUE,0.9,TRUE,0.75,0,0,"ACPtrial13",0.974316472171424,1.43194943778478,1,0.622222222222222,0.375,0.928571428571429
"617",13,50,100,50,5,0.5,0.5,1,0.5,0.8,3,TRUE,0.9,TRUE,0.75,0,0,"ACPtrial13",1.21891194365353,1.64323836994142,0.6,0.488888888888889,0.375,0.976190476190476
"618",13,50,100,50,5,0.5,0.5,1,0.5,0.8,3,TRUE,0.9,TRUE,0.75,0,0,"ACPtrial13",1.77412057772723,1.09979433920172,1,0.422222222222222,0.25,0.928571428571429
"619",13,50,100,50,5,0.5,0.5,1,0.5,0.8,3,TRUE,0.9,TRUE,0.75,0,0,"ACPtrial13",1.60984702874483,1.44092601764964,1,0.488888888888889,0.571428571428571,0.953488372093023
"620",13,50,100,50,5,0.5,0.5,1,0.5,0.8,3,TRUE,0.9,TRUE,0.75,0,0,"ACPtrial13",2.81320220677249,1.66532010924389,1,0.266666666666667,0.857142857142857,0.976744186046512
"621",13,50,100,50,5,0.5,0.5,1,0.5,0.8,3,TRUE,0.9,TRUE,0.75,0,0,"ACPtrial13",1.86884726811656,1.32159765392875,1,0.355555555555556,0.6,0.955555555555556
"622",13,50,100,50,5,0.5,0.5,1,0.5,0.8,3,TRUE,0.9,TRUE,0.75,0,0,"ACPtrial13",2.89139608452849,1.4758712175114,0.8,0.155555555555556,0.166666666666667,1
"623",13,50,100,50,5,0.5,0.5,1,0.5,0.8,3,TRUE,0.9,TRUE,0.75,0,0,"ACPtrial13",1.15443073742365,1.16422954563016,0.6,0.666666666666667,0.375,0.976190476190476
"624",13,50,100,50,5,0.5,0.5,1,0.5,0.8,3,TRUE,0.9,TRUE,0.75,0,0,"ACPtrial13",1.28391769274941,1.55890726661678,0.8,0.577777777777778,0.5,0.977272727272727
"625",13,50,100,50,5,0.5,0.5,1,0.5,0.8,3,TRUE,0.9,TRUE,0.75,0,0,"ACPtrial13",1.6920421021739,1.46516182663998,1,0.488888888888889,0.666666666666667,0.975609756097561
"626",13,50,100,50,5,0.5,0.5,1,0.5,0.8,3,TRUE,0.9,TRUE,0.75,0,0,"ACPtrial13",2.12540761266984,1.63197269645874,0.8,0.666666666666667,0.375,0.976190476190476
"627",13,50,100,50,5,0.5,0.5,1,0.5,0.8,3,TRUE,0.9,TRUE,0.75,0,0,"ACPtrial13",1.39652118415372,2.22550179504107,0.4,0.533333333333333,0.428571428571429,0.976744186046512
"628",13,50,100,50,5,0.5,0.5,1,0.5,0.8,3,TRUE,0.9,TRUE,0.75,0,0,"ACPtrial13",1.80762051038219,1.27869158629182,0.8,0.288888888888889,0.222222222222222,0.975609756097561
"629",13,50,100,50,5,0.5,0.5,1,0.5,0.8,3,TRUE,0.9,TRUE,0.75,0,0,"ACPtrial13",2.29750052726322,1.53596216873055,0.8,0.333333333333333,0.285714285714286,0.976744186046512
"630",13,50,100,50,5,0.5,0.5,1,0.5,0.8,3,TRUE,0.9,TRUE,0.75,0,0,"ACPtrial13",2.04133120519648,1.45683910283574,0.8,0.488888888888889,0.375,0.976190476190476
"631",13,50,100,50,5,0.5,0.5,1,0.5,0.8,3,TRUE,0.9,TRUE,0.75,0,0,"ACPtrial13",2.72635101980183,1.83140546169087,1,0.4,0.625,1
"632",13,50,100,50,5,0.5,0.5,1,0.5,0.8,3,TRUE,0.9,TRUE,0.75,0,0,"ACPtrial13",1.99619881534204,1.74610750112395,0.6,0.622222222222222,0.375,0.904761904761905
"633",13,50,100,50,5,0.5,0.5,1,0.5,0.8,3,TRUE,0.9,TRUE,0.75,0,0,"ACPtrial13",0.835309675286611,1.38633267969098,1,0.711111111111111,0.363636363636364,0.974358974358974
"634",13,50,100,50,5,0.5,0.5,1,0.5,0.8,3,TRUE,0.9,TRUE,0.75,0,0,"ACPtrial13",1.27658994288606,1.32152894309144,0.8,0.488888888888889,0.5,0.977272727272727
"635",13,50,100,50,5,0.5,0.5,1,0.5,0.8,3,TRUE,0.9,TRUE,0.75,0,0,"ACPtrial13",1.41801416895228,1.4432681936419,0.8,0.577777777777778,0.666666666666667,0.977272727272727
"636",13,50,100,50,5,0.5,0.5,1,0.5,0.8,3,TRUE,0.9,TRUE,0.75,0,0,"ACPtrial13",4.24099542629676,2.84435394373463,1,0.422222222222222,0.375,0.904761904761905
"637",13,50,100,50,5,0.5,0.5,1,0.5,0.8,3,TRUE,0.9,TRUE,0.75,0,0,"ACPtrial13",2.33934581921603,1.46823530151528,1,0.577777777777778,0.333333333333333,0.909090909090909
"638",13,50,100,50,5,0.5,0.5,1,0.5,0.8,3,TRUE,0.9,TRUE,0.75,0,0,"ACPtrial13",4.17661147072751,1.09893105451825,0.6,0.6,0.285714285714286,1
"639",13,50,100,50,5,0.5,0.5,1,0.5,0.8,3,TRUE,0.9,TRUE,0.75,0,0,"ACPtrial13",1.18775770548984,1.49624477486391,0.8,0.266666666666667,0.714285714285714,0.906976744186046
"640",13,50,100,50,5,0.5,0.5,1,0.5,0.8,3,TRUE,0.9,TRUE,0.75,0,0,"ACPtrial13",1.49843063123925,1.17218909247233,0.4,0.555555555555556,0.333333333333333,0.954545454545455
"641",13,50,100,50,5,0.5,0.5,1,0.5,0.8,3,TRUE,0.9,TRUE,0.75,0,0,"ACPtrial13",1.57795058251694,1.37251547035017,0.8,0.688888888888889,0.5,1
"642",13,50,100,50,5,0.5,0.5,1,0.5,0.8,3,TRUE,0.9,TRUE,0.75,0,0,"ACPtrial13",0.834823638784359,0.818469046410306,0.4,0.711111111111111,0.333333333333333,0.954545454545455
"643",13,50,100,50,5,0.5,0.5,1,0.5,0.8,3,TRUE,0.9,TRUE,0.75,0,0,"ACPtrial13",1.99393986616627,1.53634765708746,0.8,0.8,0.571428571428571,0.976744186046512
"644",13,50,100,50,5,0.5,0.5,1,0.5,0.8,3,TRUE,0.9,TRUE,0.75,0,0,"ACPtrial13",2.04175111365525,1.46067712627948,0.6,0.511111111111111,0.6,0.933333333333333
"645",13,50,100,50,5,0.5,0.5,1,0.5,0.8,3,TRUE,0.9,TRUE,0.75,0,0,"ACPtrial13",1.28692375913115,1.55297541897189,0.6,0.822222222222222,0.5,0.954545454545455
"646",13,50,100,50,5,0.5,0.5,1,0.5,0.8,3,TRUE,0.9,TRUE,0.75,0,0,"ACPtrial13",1.43079075312642,1.48813085244153,0.8,0.755555555555556,0.285714285714286,0.976744186046512
"647",13,50,100,50,5,0.5,0.5,1,0.5,0.8,3,TRUE,0.9,TRUE,0.75,0,0,"ACPtrial13",1.9975222225045,1.30306164330419,1,0.288888888888889,0.5,0.977272727272727
"648",13,50,100,50,5,0.5,0.5,1,0.5,0.8,3,TRUE,0.9,TRUE,0.75,0,0,"ACPtrial13",0.845168048745021,0.960903850128862,0.4,0.933333333333333,0.285714285714286,0.976744186046512
"649",13,50,100,50,5,0.5,0.5,1,0.5,0.8,3,TRUE,0.9,TRUE,0.75,0,0,"ACPtrial13",1.02535342872215,0.986521614795195,0.6,0.688888888888889,0.3,1
"650",13,50,100,50,5,0.5,0.5,1,0.5,0.8,3,TRUE,0.9,TRUE,0.75,0,0,"ACPtrial13",2.11954688176741,1.42745510740566,0.8,0.733333333333333,0.6,0.955555555555556
"651",14,50,100,50,5,0.5,0.5,1,0.5,0.8,3,TRUE,0.9,TRUE,0.75,0,0,"ACPtrial14",5.01970830309263,1.367801420394,0.4,0.511111111111111,0.25,1
"652",14,50,100,50,5,0.5,0.5,1,0.5,0.8,3,TRUE,0.9,TRUE,0.75,0,0,"ACPtrial14",1.0678080599078,1.15853929333315,0.8,0.444444444444444,0.333333333333333,1
"653",14,50,100,50,5,0.5,0.5,1,0.5,0.8,3,TRUE,0.9,TRUE,0.75,0,0,"ACPtrial14",1.36962587761224,1.7184097491784,1,0.777777777777778,0.833333333333333,1
"654",14,50,100,50,5,0.5,0.5,1,0.5,0.8,3,TRUE,0.9,TRUE,0.75,0,0,"ACPtrial14",2.7850478319062,2.28924974874769,0.6,0.422222222222222,0.285714285714286,0.953488372093023
"655",14,50,100,50,5,0.5,0.5,1,0.5,0.8,3,TRUE,0.9,TRUE,0.75,0,0,"ACPtrial14",1.26116350275121,1.39904931964284,0.8,0.6,0.571428571428571,0.930232558139535
"656",14,50,100,50,5,0.5,0.5,1,0.5,0.8,3,TRUE,0.9,TRUE,0.75,0,0,"ACPtrial14",1.72492039642306,1.48739233472112,1,0.555555555555556,0.571428571428571,0.883720930232558
"657",14,50,100,50,5,0.5,0.5,1,0.5,0.8,3,TRUE,0.9,TRUE,0.75,0,0,"ACPtrial14",3.56764664001277,1.86210491071558,0.6,0.311111111111111,0.5,0.931818181818182
"658",14,50,100,50,5,0.5,0.5,1,0.5,0.8,3,TRUE,0.9,TRUE,0.75,0,0,"ACPtrial14",2.12584610587662,1.13518656191705,1,0.577777777777778,0.833333333333333,1
"659",14,50,100,50,5,0.5,0.5,1,0.5,0.8,3,TRUE,0.9,TRUE,0.75,0,0,"ACPtrial14",2.36199380549332,1.79602670296212,0.8,0.644444444444444,0.25,0.928571428571429
"660",14,50,100,50,5,0.5,0.5,1,0.5,0.8,3,TRUE,0.9,TRUE,0.75,0,0,"ACPtrial14",3.17176049533489,1.57843722330313,0.8,0.533333333333333,0.428571428571429,0.953488372093023
"661",14,50,100,50,5,0.5,0.5,1,0.5,0.8,3,TRUE,0.9,TRUE,0.75,0,0,"ACPtrial14",1.60278298718275,1.60373394309428,0.6,0.711111111111111,0.25,0.952380952380952
"662",14,50,100,50,5,0.5,0.5,1,0.5,0.8,3,TRUE,0.9,TRUE,0.75,0,0,"ACPtrial14",1.46036985356317,2.4609292127095,0.8,0.8,0.25,0.952380952380952
"663",14,50,100,50,5,0.5,0.5,1,0.5,0.8,3,TRUE,0.9,TRUE,0.75,0,0,"ACPtrial14",1.54765456803284,1.47023703104984,0.6,0.733333333333333,0.333333333333333,0.954545454545455
"664",14,50,100,50,5,0.5,0.5,1,0.5,0.8,3,TRUE,0.9,TRUE,0.75,0,0,"ACPtrial14",2.01978893348834,2.85408105709179,0.8,0.688888888888889,0.2,0.95
"665",14,50,100,50,5,0.5,0.5,1,0.5,0.8,3,TRUE,0.9,TRUE,0.75,0,0,"ACPtrial14",1.67779484943032,1.63316810015725,0.8,0.644444444444444,0.333333333333333,0.977272727272727
"666",14,50,100,50,5,0.5,0.5,1,0.5,0.8,3,TRUE,0.9,TRUE,0.75,0,0,"ACPtrial14",1.54561826148007,1.05144014248995,0.6,0.622222222222222,0.285714285714286,1
"667",14,50,100,50,5,0.5,0.5,1,0.5,0.8,3,TRUE,0.9,TRUE,0.75,0,0,"ACPtrial14",1.02683647260639,2.46724897118031,0.8,0.888888888888889,0.285714285714286,0.953488372093023
"668",14,50,100,50,5,0.5,0.5,1,0.5,0.8,3,TRUE,0.9,TRUE,0.75,0,0,"ACPtrial14",2.05258865241946,1.48160909646547,0.8,0.6,0.428571428571429,0.953488372093023
"669",14,50,100,50,5,0.5,0.5,1,0.5,0.8,3,TRUE,0.9,TRUE,0.75,0,0,"ACPtrial14",1.83256033858025,1.69459669923602,1,0.288888888888889,1,0.977777777777778
"670",14,50,100,50,5,0.5,0.5,1,0.5,0.8,3,TRUE,0.9,TRUE,0.75,0,0,"ACPtrial14",1.24001564798929,1.01844881472587,1,0.733333333333333,0.625,0.976190476190476
"671",14,50,100,50,5,0.5,0.5,1,0.5,0.8,3,TRUE,0.9,TRUE,0.75,0,0,"ACPtrial14",1.38802041900408,1.32122567051921,0.6,0.6,0.428571428571429,0.930232558139535
"672",14,50,100,50,5,0.5,0.5,1,0.5,0.8,3,TRUE,0.9,TRUE,0.75,0,0,"ACPtrial14",1.8704189911935,1.29363014523211,0.8,0.4,0.4,0.975
"673",14,50,100,50,5,0.5,0.5,1,0.5,0.8,3,TRUE,0.9,TRUE,0.75,0,0,"ACPtrial14",1.15699459572985,1.23529800188335,0.6,0.644444444444444,0.222222222222222,0.951219512195122
"674",14,50,100,50,5,0.5,0.5,1,0.5,0.8,3,TRUE,0.9,TRUE,0.75,0,0,"ACPtrial14",2.01985375520152,1.28367020845565,0.6,0.622222222222222,0.375,0.928571428571429
"675",14,50,100,50,5,0.5,0.5,1,0.5,0.8,3,TRUE,0.9,TRUE,0.75,0,0,"ACPtrial14",2.7618895960105,1.47940543943678,0.8,0.466666666666667,0.571428571428571,0.976744186046512
"676",14,50,100,50,5,0.5,0.5,1,0.5,0.8,3,TRUE,0.9,TRUE,0.75,0,0,"ACPtrial14",2.09314405963157,1.125497764128,0.8,0.533333333333333,0.285714285714286,1
"677",14,50,100,50,5,0.5,0.5,1,0.5,0.8,3,TRUE,0.9,TRUE,0.75,0,0,"ACPtrial14",1.23152994261122,1.06215367870199,0.8,0.777777777777778,0.333333333333333,1
"678",14,50,100,50,5,0.5,0.5,1,0.5,0.8,3,TRUE,0.9,TRUE,0.75,0,0,"ACPtrial14",3.18407618431316,1.44850648956631,0.6,0.577777777777778,0.285714285714286,0.906976744186046
"679",14,50,100,50,5,0.5,0.5,1,0.5,0.8,3,TRUE,0.9,TRUE,0.75,0,0,"ACPtrial14",1.06945534331094,1.32957679908264,1,0.777777777777778,0.444444444444444,0.975609756097561
"680",14,50,100,50,5,0.5,0.5,1,0.5,0.8,3,TRUE,0.9,TRUE,0.75,0,0,"ACPtrial14",3.17887708590151,1.51885214326095,0.4,0.622222222222222,0.333333333333333,1
"681",14,50,100,50,5,0.5,0.5,1,0.5,0.8,3,TRUE,0.9,TRUE,0.75,0,0,"ACPtrial14",1.44379496371583,1.89639289002642,1,0.6,0.444444444444444,0.853658536585366
"682",14,50,100,50,5,0.5,0.5,1,0.5,0.8,3,TRUE,0.9,TRUE,0.75,0,0,"ACPtrial14",1.90274041461046,2.85373588503865,0.8,0.688888888888889,0.285714285714286,1
"683",14,50,100,50,5,0.5,0.5,1,0.5,0.8,3,TRUE,0.9,TRUE,0.75,0,0,"ACPtrial14",1.10734681455486,1.16437351851073,0.8,0.733333333333333,0.285714285714286,0.976744186046512
"684",14,50,100,50,5,0.5,0.5,1,0.5,0.8,3,TRUE,0.9,TRUE,0.75,0,0,"ACPtrial14",1.37416734679683,1.4229371032708,1,0.488888888888889,0.428571428571429,1
"685",14,50,100,50,5,0.5,0.5,1,0.5,0.8,3,TRUE,0.9,TRUE,0.75,0,0,"ACPtrial14",1.17824537324324,1.24801331116987,0.8,0.622222222222222,0.333333333333333,1
"686",14,50,100,50,5,0.5,0.5,1,0.5,0.8,3,TRUE,0.9,TRUE,0.75,0,0,"ACPtrial14",0.977071285995808,1.04056879060376,0.6,0.644444444444444,0.285714285714286,0.976744186046512
"687",14,50,100,50,5,0.5,0.5,1,0.5,0.8,3,TRUE,0.9,TRUE,0.75,0,0,"ACPtrial14",1.90768396396053,1.12772008096306,0.8,0.488888888888889,0.571428571428571,1
"688",14,50,100,50,5,0.5,0.5,1,0.5,0.8,3,TRUE,0.9,TRUE,0.75,0,0,"ACPtrial14",1.74477432083974,1.34308335659989,0.4,0.711111111111111,0.25,0.904761904761905
"689",14,50,100,50,5,0.5,0.5,1,0.5,0.8,3,TRUE,0.9,TRUE,0.75,0,0,"ACPtrial14",3.95726120581886,2.19342327496698,1,0.422222222222222,0.571428571428571,0.930232558139535
"690",14,50,100,50,5,0.5,0.5,1,0.5,0.8,3,TRUE,0.9,TRUE,0.75,0,0,"ACPtrial14",1.9369200318317,1.28202339614275,1,0.466666666666667,0.714285714285714,0.953488372093023
"691",14,50,100,50,5,0.5,0.5,1,0.5,0.8,3,TRUE,0.9,TRUE,0.75,0,0,"ACPtrial14",1.44210494764538,1.42793122578519,0.4,0.666666666666667,0.285714285714286,0.930232558139535
"692",14,50,100,50,5,0.5,0.5,1,0.5,0.8,3,TRUE,0.9,TRUE,0.75,0,0,"ACPtrial14",0.885821159288344,1.27719211523308,1,0.777777777777778,0.571428571428571,0.976744186046512
"693",14,50,100,50,5,0.5,0.5,1,0.5,0.8,3,TRUE,0.9,TRUE,0.75,0,0,"ACPtrial14",1.93642459559978,1.5291639374094,0.6,0.688888888888889,0.4,0.977777777777778
"694",14,50,100,50,5,0.5,0.5,1,0.5,0.8,3,TRUE,0.9,TRUE,0.75,0,0,"ACPtrial14",1.30112680806163,1.48670130240624,1,0.644444444444444,0.625,1
"695",14,50,100,50,5,0.5,0.5,1,0.5,0.8,3,TRUE,0.9,TRUE,0.75,0,0,"ACPtrial14",1.57316612188549,1.47743982484461,1,0.555555555555556,0.625,0.976190476190476
"696",14,50,100,50,5,0.5,0.5,1,0.5,0.8,3,TRUE,0.9,TRUE,0.75,0,0,"ACPtrial14",0.976091228787252,1.24715596711157,0.6,0.8,0.333333333333333,1
"697",14,50,100,50,5,0.5,0.5,1,0.5,0.8,3,TRUE,0.9,TRUE,0.75,0,0,"ACPtrial14",3.14536724441958,1.22624097375568,1,0.333333333333333,0.2,0.975
"698",14,50,100,50,5,0.5,0.5,1,0.5,0.8,3,TRUE,0.9,TRUE,0.75,0,0,"ACPtrial14",3.44866363216034,1.66687235503784,1,0.155555555555556,1,0.954545454545455
"699",14,50,100,50,5,0.5,0.5,1,0.5,0.8,3,TRUE,0.9,TRUE,0.75,0,0,"ACPtrial14",1.55850148859517,1.86512194672755,0.8,0.777777777777778,0.666666666666667,0.951219512195122
"700",14,50,100,50,5,0.5,0.5,1,0.5,0.8,3,TRUE,0.9,TRUE,0.75,0,0,"ACPtrial14",1.07421588842332,0.933107887304485,0.8,0.844444444444444,0.333333333333333,1
"701",15,50,100,50,5,0.5,0.5,1,0.5,0.8,3,TRUE,0.9,TRUE,0.75,0,0,"ACPtrial15",1.01318978566745,1.55945771739655,1,0.555555555555556,0.428571428571429,0.953488372093023
"702",15,50,100,50,5,0.5,0.5,1,0.5,0.8,3,TRUE,0.9,TRUE,0.75,0,0,"ACPtrial15",0.989339133283129,1.08452348279899,1,0.4,0.714285714285714,0.883720930232558
"703",15,50,100,50,5,0.5,0.5,1,0.5,0.8,3,TRUE,0.9,TRUE,0.75,0,0,"ACPtrial15",0.948144148044557,1.1170690910165,1,0.733333333333333,0.333333333333333,0.954545454545455
"704",15,50,100,50,5,0.5,0.5,1,0.5,0.8,3,TRUE,0.9,TRUE,0.75,0,0,"ACPtrial15",2.50909620923563,1.68324006168461,1,0.422222222222222,0.444444444444444,0.902439024390244
"705",15,50,100,50,5,0.5,0.5,1,0.5,0.8,3,TRUE,0.9,TRUE,0.75,0,0,"ACPtrial15",1.46485721350842,1.12212659817271,1,0.533333333333333,0.4,0.9
"706",15,50,100,50,5,0.5,0.5,1,0.5,0.8,3,TRUE,0.9,TRUE,0.75,0,0,"ACPtrial15",1.28181628320572,1.18848789190425,0.6,0.488888888888889,0.428571428571429,0.976744186046512
"707",15,50,100,50,5,0.5,0.5,1,0.5,0.8,3,TRUE,0.9,TRUE,0.75,0,0,"ACPtrial15",1.72742778079332,1.48715156529157,1,0.488888888888889,0.571428571428571,0.976744186046512
"708",15,50,100,50,5,0.5,0.5,1,0.5,0.8,3,TRUE,0.9,TRUE,0.75,0,0,"ACPtrial15",0.907079827328005,1.08028622979372,0.6,0.844444444444444,0.333333333333333,0.975609756097561
"709",15,50,100,50,5,0.5,0.5,1,0.5,0.8,3,TRUE,0.9,TRUE,0.75,0,0,"ACPtrial15",1.64865688051727,1.70689951266551,0.8,0.711111111111111,0.666666666666667,0.977272727272727
"710",15,50,100,50,5,0.5,0.5,1,0.5,0.8,3,TRUE,0.9,TRUE,0.75,0,0,"ACPtrial15",2.08984988483106,1.73964755998399,0.8,0.622222222222222,0.5,1
"711",15,50,100,50,5,0.5,0.5,1,0.5,0.8,3,TRUE,0.9,TRUE,0.75,0,0,"ACPtrial15",1.20507520122668,1.40934985159057,0.8,0.755555555555556,0.5,0.928571428571429
"712",15,50,100,50,5,0.5,0.5,1,0.5,0.8,3,TRUE,0.9,TRUE,0.75,0,0,"ACPtrial15",1.70256009159079,1.96056578012021,1,0.444444444444444,0.454545454545455,0.948717948717949
"713",15,50,100,50,5,0.5,0.5,1,0.5,0.8,3,TRUE,0.9,TRUE,0.75,0,0,"ACPtrial15",0.688896362317246,1.12884396798829,0.6,0.822222222222222,0.222222222222222,0.951219512195122
"714",15,50,100,50,5,0.5,0.5,1,0.5,0.8,3,TRUE,0.9,TRUE,0.75,0,0,"ACPtrial15",1.14908867733105,1.05471460602241,0.4,0.8,0.285714285714286,0.976744186046512
"715",15,50,100,50,5,0.5,0.5,1,0.5,0.8,3,TRUE,0.9,TRUE,0.75,0,0,"ACPtrial15",2.69420314891654,2.3785522266664,0.6,0.6,0.333333333333333,0.909090909090909
"716",15,50,100,50,5,0.5,0.5,1,0.5,0.8,3,TRUE,0.9,TRUE,0.75,0,0,"ACPtrial15",2.35140860976325,1.51779940866573,0.8,0.666666666666667,0.333333333333333,0.977272727272727
"717",15,50,100,50,5,0.5,0.5,1,0.5,0.8,3,TRUE,0.9,TRUE,0.75,0,0,"ACPtrial15",0.995872840938314,1.44236388005964,1,0.755555555555556,0.666666666666667,1
"718",15,50,100,50,5,0.5,0.5,1,0.5,0.8,3,TRUE,0.9,TRUE,0.75,0,0,"ACPtrial15",5.46571519570165,1.97502138423087,0.8,0.555555555555556,0.25,0.928571428571429
"719",15,50,100,50,5,0.5,0.5,1,0.5,0.8,3,TRUE,0.9,TRUE,0.75,0,0,"ACPtrial15",4.97553536911468,1.98168022572392,0.6,0.266666666666667,0.25,1
"720",15,50,100,50,5,0.5,0.5,1,0.5,0.8,3,TRUE,0.9,TRUE,0.75,0,0,"ACPtrial15",1.55366166202668,1.29518567136345,0.6,0.622222222222222,0.5,0.976190476190476
"721",15,50,100,50,5,0.5,0.5,1,0.5,0.8,3,TRUE,0.9,TRUE,0.75,0,0,"ACPtrial15",2.66820118056375,1.81964629452775,1,0.511111111111111,0.625,1
"722",15,50,100,50,5,0.5,0.5,1,0.5,0.8,3,TRUE,0.9,TRUE,0.75,0,0,"ACPtrial15",2.66988996150592,3.65314167681555,0.6,0.466666666666667,0.333333333333333,0.909090909090909
"723",15,50,100,50,5,0.5,0.5,1,0.5,0.8,3,TRUE,0.9,TRUE,0.75,0,0,"ACPtrial15",2.97878099007149,1.57434479685301,0.6,0.711111111111111,0.222222222222222,1
"724",15,50,100,50,5,0.5,0.5,1,0.5,0.8,3,TRUE,0.9,TRUE,0.75,0,0,"ACPtrial15",1.38554260660076,1.10800125589434,0.8,0.622222222222222,0.4,0.977777777777778
"725",15,50,100,50,5,0.5,0.5,1,0.5,0.8,3,TRUE,0.9,TRUE,0.75,0,0,"ACPtrial15",3.2997043931817,1.52170006631916,1,0.622222222222222,0.375,1
"726",15,50,100,50,5,0.5,0.5,1,0.5,0.8,3,TRUE,0.9,TRUE,0.75,0,0,"ACPtrial15",2.85646140939172,1.43846990282627,0.6,0.6,0.428571428571429,0.976744186046512
"727",15,50,100,50,5,0.5,0.5,1,0.5,0.8,3,TRUE,0.9,TRUE,0.75,0,0,"ACPtrial15",2.47897982718637,1.24585018807311,0.8,0.288888888888889,0.25,0.976190476190476
"728",15,50,100,50,5,0.5,0.5,1,0.5,0.8,3,TRUE,0.9,TRUE,0.75,0,0,"ACPtrial15",1.62377530071922,1.16070442327298,1,0.688888888888889,0.5,1
"729",15,50,100,50,5,0.5,0.5,1,0.5,0.8,3,TRUE,0.9,TRUE,0.75,0,0,"ACPtrial15",4.6523486945699,1.45949779474207,0.6,0.8,0.285714285714286,0.953488372093023
"730",15,50,100,50,5,0.5,0.5,1,0.5,0.8,3,TRUE,0.9,TRUE,0.75,0,0,"ACPtrial15",1.92263540880139,1.9863448764324,1,0.422222222222222,0.5,0.931818181818182
"731",15,50,100,50,5,0.5,0.5,1,0.5,0.8,3,TRUE,0.9,TRUE,0.75,0,0,"ACPtrial15",3.14725958260386,1.53901527513516,0.6,0.688888888888889,0.375,1
"732",15,50,100,50,5,0.5,0.5,1,0.5,0.8,3,TRUE,0.9,TRUE,0.75,0,0,"ACPtrial15",2.54948038350459,1.45013060703144,0.6,0.755555555555556,0.3,0.975
"733",15,50,100,50,5,0.5,0.5,1,0.5,0.8,3,TRUE,0.9,TRUE,0.75,0,0,"ACPtrial15",1.70883405236821,0.931945657653594,0.8,0.466666666666667,0.222222222222222,0.951219512195122
"734",15,50,100,50,5,0.5,0.5,1,0.5,0.8,3,TRUE,0.9,TRUE,0.75,0,0,"ACPtrial15",10.8192395682678,1.79334255481786,0.6,0.466666666666667,0.5,0.977272727272727
"735",15,50,100,50,5,0.5,0.5,1,0.5,0.8,3,TRUE,0.9,TRUE,0.75,0,0,"ACPtrial15",3.05019836473975,1.41901912298558,1,0.444444444444444,0.625,0.976190476190476
"736",15,50,100,50,5,0.5,0.5,1,0.5,0.8,3,TRUE,0.9,TRUE,0.75,0,0,"ACPtrial15",3.80472309916501,3.51405291080283,0.4,0.555555555555556,0.333333333333333,0.931818181818182
"737",15,50,100,50,5,0.5,0.5,1,0.5,0.8,3,TRUE,0.9,TRUE,0.75,0,0,"ACPtrial15",8.48999091994623,2.53402276760746,0.8,0.422222222222222,0.25,1
"738",15,50,100,50,5,0.5,0.5,1,0.5,0.8,3,TRUE,0.9,TRUE,0.75,0,0,"ACPtrial15",1.77415995927927,1.52794293479672,0.2,0.8,0.111111111111111,1
"739",15,50,100,50,5,0.5,0.5,1,0.5,0.8,3,TRUE,0.9,TRUE,0.75,0,0,"ACPtrial15",1.27029510905352,1.14443296099429,0.4,0.866666666666667,0.375,1
"740",15,50,100,50,5,0.5,0.5,1,0.5,0.8,3,TRUE,0.9,TRUE,0.75,0,0,"ACPtrial15",1.82282731139082,1.44241076421923,1,0.444444444444444,0.5,0.931818181818182
"741",15,50,100,50,5,0.5,0.5,1,0.5,0.8,3,TRUE,0.9,TRUE,0.75,0,0,"ACPtrial15",2.5915898412681,1.58625492170135,1,0.511111111111111,0.571428571428571,0.976744186046512
"742",15,50,100,50,5,0.5,0.5,1,0.5,0.8,3,TRUE,0.9,TRUE,0.75,0,0,"ACPtrial15",1.43283478259063,1.67862435566215,0.6,0.688888888888889,0.3,0.95
"743",15,50,100,50,5,0.5,0.5,1,0.5,0.8,3,TRUE,0.9,TRUE,0.75,0,0,"ACPtrial15",2.32741910414151,1.30932326282182,1,0.266666666666667,0.333333333333333,0.977272727272727
"744",15,50,100,50,5,0.5,0.5,1,0.5,0.8,3,TRUE,0.9,TRUE,0.75,0,0,"ACPtrial15",1.16803982379592,1.39904998289053,1,0.644444444444444,0.666666666666667,0.954545454545455
"745",15,50,100,50,5,0.5,0.5,1,0.5,0.8,3,TRUE,0.9,TRUE,0.75,0,0,"ACPtrial15",1.65160606532871,1.26466184567961,1,0.466666666666667,0.714285714285714,0.976744186046512
"746",15,50,100,50,5,0.5,0.5,1,0.5,0.8,3,TRUE,0.9,TRUE,0.75,0,0,"ACPtrial15",1.4787489748959,1.38126748483094,1,0.6,0.777777777777778,0.951219512195122
"747",15,50,100,50,5,0.5,0.5,1,0.5,0.8,3,TRUE,0.9,TRUE,0.75,0,0,"ACPtrial15",1.2707187588131,1.59285899615725,0.6,0.533333333333333,0.285714285714286,0.953488372093023
"748",15,50,100,50,5,0.5,0.5,1,0.5,0.8,3,TRUE,0.9,TRUE,0.75,0,0,"ACPtrial15",2.49948782032805,1.86079448269148,0.6,0.688888888888889,0.5,0.954545454545455
"749",15,50,100,50,5,0.5,0.5,1,0.5,0.8,3,TRUE,0.9,TRUE,0.75,0,0,"ACPtrial15",1.9907347837905,1.64989906163657,1,0.377777777777778,0.5,1
"750",15,50,100,50,5,0.5,0.5,1,0.5,0.8,3,TRUE,0.9,TRUE,0.75,0,0,"ACPtrial15",1.51564677700786,1.55645189884977,0.8,0.622222222222222,0.272727272727273,0.974358974358974
"751",16,50,100,50,5,0.5,0.5,1,0.5,0.8,3,TRUE,0.9,TRUE,0.75,0,0,"ACPtrial16",1.49659165484961,1.9136057040105,0.4,0.6,0.333333333333333,0.977272727272727
"752",16,50,100,50,5,0.5,0.5,1,0.5,0.8,3,TRUE,0.9,TRUE,0.75,0,0,"ACPtrial16",2.31558193663863,3.02152445949021,1,0.533333333333333,0.5,0.9
"753",16,50,100,50,5,0.5,0.5,1,0.5,0.8,3,TRUE,0.9,TRUE,0.75,0,0,"ACPtrial16",1.17897015540991,0.851693584514028,0.4,0.577777777777778,0.142857142857143,1
"754",16,50,100,50,5,0.5,0.5,1,0.5,0.8,3,TRUE,0.9,TRUE,0.75,0,0,"ACPtrial16",1.00497007036679,1.34498816025579,1,0.711111111111111,0.25,0.976190476190476
"755",16,50,100,50,5,0.5,0.5,1,0.5,0.8,3,TRUE,0.9,TRUE,0.75,0,0,"ACPtrial16",0.875033911444759,0.987528787317638,0.6,0.711111111111111,0.333333333333333,0.975609756097561
"756",16,50,100,50,5,0.5,0.5,1,0.5,0.8,3,TRUE,0.9,TRUE,0.75,0,0,"ACPtrial16",1.17734569252652,1.30180687616422,1,0.511111111111111,0.857142857142857,0.953488372093023
"757",16,50,100,50,5,0.5,0.5,1,0.5,0.8,3,TRUE,0.9,TRUE,0.75,0,0,"ACPtrial16",2.28493345586861,1.72932296592335,0.6,0.644444444444444,0.375,1
"758",16,50,100,50,5,0.5,0.5,1,0.5,0.8,3,TRUE,0.9,TRUE,0.75,0,0,"ACPtrial16",2.10178926961834,1.59297123053473,1,0.422222222222222,0.444444444444444,0.951219512195122
"759",16,50,100,50,5,0.5,0.5,1,0.5,0.8,3,TRUE,0.9,TRUE,0.75,0,0,"ACPtrial16",0.948680711491679,1.42784598041281,0.8,0.555555555555556,0.333333333333333,0.975609756097561
"760",16,50,100,50,5,0.5,0.5,1,0.5,0.8,3,TRUE,0.9,TRUE,0.75,0,0,"ACPtrial16",1.74821668845078,1.23533503027806,1,0.4,0.625,0.928571428571429
"761",16,50,100,50,5,0.5,0.5,1,0.5,0.8,3,TRUE,0.9,TRUE,0.75,0,0,"ACPtrial16",2.134895541588,1.82806791835435,1,0.688888888888889,0.428571428571429,0.976744186046512
"762",16,50,100,50,5,0.5,0.5,1,0.5,0.8,3,TRUE,0.9,TRUE,0.75,0,0,"ACPtrial16",2.68065536708882,2.51480897645634,0.6,0.711111111111111,0.6,0.933333333333333
"763",16,50,100,50,5,0.5,0.5,1,0.5,0.8,3,TRUE,0.9,TRUE,0.75,0,0,"ACPtrial16",1.25072003883456,1.63518704067924,1,0.577777777777778,0.5,0.952380952380952
"764",16,50,100,50,5,0.5,0.5,1,0.5,0.8,3,TRUE,0.9,TRUE,0.75,0,0,"ACPtrial16",1.10790679552129,1.13042661621194,1,0.4,0.666666666666667,1
"765",16,50,100,50,5,0.5,0.5,1,0.5,0.8,3,TRUE,0.9,TRUE,0.75,0,0,"ACPtrial16",1.1025767853196,1.57455321254844,1,0.622222222222222,0.666666666666667,0.977272727272727
"766",16,50,100,50,5,0.5,0.5,1,0.5,0.8,3,TRUE,0.9,TRUE,0.75,0,0,"ACPtrial16",1.02444298274767,1.29135169517837,0.4,0.755555555555556,0.333333333333333,1
"767",16,50,100,50,5,0.5,0.5,1,0.5,0.8,3,TRUE,0.9,TRUE,0.75,0,0,"ACPtrial16",1.95907801546786,2.36286097569043,0.6,0.622222222222222,0.25,0.952380952380952
"768",16,50,100,50,5,0.5,0.5,1,0.5,0.8,3,TRUE,0.9,TRUE,0.75,0,0,"ACPtrial16",3.48522276437289,1.54227346455472,1,0.422222222222222,0.333333333333333,0.977272727272727
"769",16,50,100,50,5,0.5,0.5,1,0.5,0.8,3,TRUE,0.9,TRUE,0.75,0,0,"ACPtrial16",0.815898494694108,2.16084963284025,0.8,0.844444444444444,0.285714285714286,1
"770",16,50,100,50,5,0.5,0.5,1,0.5,0.8,3,TRUE,0.9,TRUE,0.75,0,0,"ACPtrial16",2.50272002639709,1.21662258547138,1,0.222222222222222,0.428571428571429,0.976744186046512
"771",16,50,100,50,5,0.5,0.5,1,0.5,0.8,3,TRUE,0.9,TRUE,0.75,0,0,"ACPtrial16",1.78114173543417,2.34402182078523,1,0.622222222222222,0.3,0.9
"772",16,50,100,50,5,0.5,0.5,1,0.5,0.8,3,TRUE,0.9,TRUE,0.75,0,0,"ACPtrial16",0.883165755660635,1.92026520704254,1,0.666666666666667,0.4,0.925
"773",16,50,100,50,5,0.5,0.5,1,0.5,0.8,3,TRUE,0.9,TRUE,0.75,0,0,"ACPtrial16",1.56908360291405,1.82902197572109,0.8,0.511111111111111,0.6,0.911111111111111
"774",16,50,100,50,5,0.5,0.5,1,0.5,0.8,3,TRUE,0.9,TRUE,0.75,0,0,"ACPtrial16",1.33923050033433,1.7775950335408,0.6,0.577777777777778,0.222222222222222,0.951219512195122
"775",16,50,100,50,5,0.5,0.5,1,0.5,0.8,3,TRUE,0.9,TRUE,0.75,0,0,"ACPtrial16",1.48721891260356,1.35857774397314,1,0.622222222222222,0.2,0.975
"776",16,50,100,50,5,0.5,0.5,1,0.5,0.8,3,TRUE,0.9,TRUE,0.75,0,0,"ACPtrial16",2.71374676543995,1.76395940328029,0.8,0.577777777777778,0.375,1
"777",16,50,100,50,5,0.5,0.5,1,0.5,0.8,3,TRUE,0.9,TRUE,0.75,0,0,"ACPtrial16",1.12069157352416,1.15628013399248,0.4,0.755555555555556,0.375,0.976190476190476
"778",16,50,100,50,5,0.5,0.5,1,0.5,0.8,3,TRUE,0.9,TRUE,0.75,0,0,"ACPtrial16",1.48561298145542,1.40129824097521,0.8,0.577777777777778,0.428571428571429,1
"779",16,50,100,50,5,0.5,0.5,1,0.5,0.8,3,TRUE,0.9,TRUE,0.75,0,0,"ACPtrial16",2.18308896946727,1.47557690398947,1,0.288888888888889,0.5,0.931818181818182
"780",16,50,100,50,5,0.5,0.5,1,0.5,0.8,3,TRUE,0.9,TRUE,0.75,0,0,"ACPtrial16",5.95018968752107,1.6390962881256,1,0.244444444444444,0.375,0.904761904761905
"781",16,50,100,50,5,0.5,0.5,1,0.5,0.8,3,TRUE,0.9,TRUE,0.75,0,0,"ACPtrial16",1.90512160298339,1.08018544206285,1,0.355555555555556,0.5,0.954545454545455
"782",16,50,100,50,5,0.5,0.5,1,0.5,0.8,3,TRUE,0.9,TRUE,0.75,0,0,"ACPtrial16",2.56110843697526,1.3174430306376,0.8,0.644444444444444,0.5,0.976190476190476
"783",16,50,100,50,5,0.5,0.5,1,0.5,0.8,3,TRUE,0.9,TRUE,0.75,0,0,"ACPtrial16",3.03594016843391,2.5526032907587,0.6,0.644444444444444,0.428571428571429,1
"784",16,50,100,50,5,0.5,0.5,1,0.5,0.8,3,TRUE,0.9,TRUE,0.75,0,0,"ACPtrial16",1.72402885996959,1.24727728712806,1,0.333333333333333,0.428571428571429,0.883720930232558
"785",16,50,100,50,5,0.5,0.5,1,0.5,0.8,3,TRUE,0.9,TRUE,0.75,0,0,"ACPtrial16",1.68983444918449,1.15428508517919,0.6,0.4,0.285714285714286,0.906976744186046
"786",16,50,100,50,5,0.5,0.5,1,0.5,0.8,3,TRUE,0.9,TRUE,0.75,0,0,"ACPtrial16",3.03867434470103,1.51368153090683,1,0.422222222222222,0.333333333333333,1
"787",16,50,100,50,5,0.5,0.5,1,0.5,0.8,3,TRUE,0.9,TRUE,0.75,0,0,"ACPtrial16",2.33139432150163,1.28251960192183,1,0.711111111111111,1,1
"788",16,50,100,50,5,0.5,0.5,1,0.5,0.8,3,TRUE,0.9,TRUE,0.75,0,0,"ACPtrial16",2.64279162854477,1.9356758541845,1,0.244444444444444,0.5,0.954545454545455
"789",16,50,100,50,5,0.5,0.5,1,0.5,0.8,3,TRUE,0.9,TRUE,0.75,0,0,"ACPtrial16",1.14690069470583,0.969172710110315,0.6,0.488888888888889,0.285714285714286,0.976744186046512
"790",16,50,100,50,5,0.5,0.5,1,0.5,0.8,3,TRUE,0.9,TRUE,0.75,0,0,"ACPtrial16",2.15594942100866,1.32308478210855,0.8,0.444444444444444,0.333333333333333,0.951219512195122
"791",16,50,100,50,5,0.5,0.5,1,0.5,0.8,3,TRUE,0.9,TRUE,0.75,0,0,"ACPtrial16",1.2181959821065,1.68378448418683,1,0.644444444444444,0.5,0.977272727272727
"792",16,50,100,50,5,0.5,0.5,1,0.5,0.8,3,TRUE,0.9,TRUE,0.75,0,0,"ACPtrial16",1.24149797263029,1.68675593394488,0.8,0.688888888888889,0.375,1
"793",16,50,100,50,5,0.5,0.5,1,0.5,0.8,3,TRUE,0.9,TRUE,0.75,0,0,"ACPtrial16",1.4570805846849,1.84777661985842,1,0.666666666666667,0.375,0.904761904761905
"794",16,50,100,50,5,0.5,0.5,1,0.5,0.8,3,TRUE,0.9,TRUE,0.75,0,0,"ACPtrial16",1.51043414261176,1.32495698241849,0.6,0.777777777777778,0.25,1
"795",16,50,100,50,5,0.5,0.5,1,0.5,0.8,3,TRUE,0.9,TRUE,0.75,0,0,"ACPtrial16",3.01511819624326,1.77438688063717,1,0.333333333333333,0.666666666666667,0.977272727272727
"796",16,50,100,50,5,0.5,0.5,1,0.5,0.8,3,TRUE,0.9,TRUE,0.75,0,0,"ACPtrial16",1.04500302040243,1.19377058199522,0.8,0.488888888888889,0.285714285714286,0.906976744186046
"797",16,50,100,50,5,0.5,0.5,1,0.5,0.8,3,TRUE,0.9,TRUE,0.75,0,0,"ACPtrial16",3.74542350756835,1.14642315907455,1,0.466666666666667,0.333333333333333,1
"798",16,50,100,50,5,0.5,0.5,1,0.5,0.8,3,TRUE,0.9,TRUE,0.75,0,0,"ACPtrial16",2.2582471357877,1.17938477031008,0.8,0.177777777777778,0.222222222222222,0.902439024390244
"799",16,50,100,50,5,0.5,0.5,1,0.5,0.8,3,TRUE,0.9,TRUE,0.75,0,0,"ACPtrial16",2.34389276797384,1.12638432675156,0.8,0.155555555555556,0.333333333333333,0.977272727272727
"800",16,50,100,50,5,0.5,0.5,1,0.5,0.8,3,TRUE,0.9,TRUE,0.75,0,0,"ACPtrial16",2.83247102977819,1.90000221068301,1,0.266666666666667,0.444444444444444,0.902439024390244
"801",17,50,100,50,5,0.5,0.5,1,0.5,0.8,3,TRUE,0.9,TRUE,0.75,0,0,"ACPtrial17",1.71688665416327,1.39672799989086,0.8,0.555555555555556,0.75,1
"802",17,50,100,50,5,0.5,0.5,1,0.5,0.8,3,TRUE,0.9,TRUE,0.75,0,0,"ACPtrial17",3.34509796860441,1.83367156776287,1,0.355555555555556,0.8,0.977777777777778
"803",17,50,100,50,5,0.5,0.5,1,0.5,0.8,3,TRUE,0.9,TRUE,0.75,0,0,"ACPtrial17",2.03965324367524,1.3493077818114,1,0.533333333333333,0.75,0.976190476190476
"804",17,50,100,50,5,0.5,0.5,1,0.5,0.8,3,TRUE,0.9,TRUE,0.75,0,0,"ACPtrial17",1.04652671880502,1.13058849948323,0.8,0.777777777777778,0.222222222222222,1
"805",17,50,100,50,5,0.5,0.5,1,0.5,0.8,3,TRUE,0.9,TRUE,0.75,0,0,"ACPtrial17",1.98888113940515,1.12081564559916,0.4,0.222222222222222,0.25,0.928571428571429
"806",17,50,100,50,5,0.5,0.5,1,0.5,0.8,3,TRUE,0.9,TRUE,0.75,0,0,"ACPtrial17",0.768236977460876,0.873826106610163,0.4,0.822222222222222,0.375,1
"807",17,50,100,50,5,0.5,0.5,1,0.5,0.8,3,TRUE,0.9,TRUE,0.75,0,0,"ACPtrial17",5.60112270693934,1.6286429203782,0.8,0.311111111111111,0.5,0.977272727272727
"808",17,50,100,50,5,0.5,0.5,1,0.5,0.8,3,TRUE,0.9,TRUE,0.75,0,0,"ACPtrial17",1.77024924292991,1.19596676710981,0.6,0.644444444444444,0.5,1
"809",17,50,100,50,5,0.5,0.5,1,0.5,0.8,3,TRUE,0.9,TRUE,0.75,0,0,"ACPtrial17",1.16880202916734,1.5254736430948,1,0.533333333333333,0.666666666666667,0.954545454545455
"810",17,50,100,50,5,0.5,0.5,1,0.5,0.8,3,TRUE,0.9,TRUE,0.75,0,0,"ACPtrial17",2.77497811762233,1.9146704224742,0.6,0.533333333333333,0.625,0.952380952380952
"811",17,50,100,50,5,0.5,0.5,1,0.5,0.8,3,TRUE,0.9,TRUE,0.75,0,0,"ACPtrial17",1.81983244263789,1.29629176080582,0.8,0.377777777777778,0.5,1
"812",17,50,100,50,5,0.5,0.5,1,0.5,0.8,3,TRUE,0.9,TRUE,0.75,0,0,"ACPtrial17",1.78911492309126,1.59747337775284,1,0.666666666666667,0.833333333333333,1
"813",17,50,100,50,5,0.5,0.5,1,0.5,0.8,3,TRUE,0.9,TRUE,0.75,0,0,"ACPtrial17",1.28387549048192,1.26036114055041,1,0.555555555555556,0.6,0.977777777777778
"814",17,50,100,50,5,0.5,0.5,1,0.5,0.8,3,TRUE,0.9,TRUE,0.75,0,0,"ACPtrial17",1.65855885063049,1.29830155565824,1,0.4,0.272727272727273,0.923076923076923
"815",17,50,100,50,5,0.5,0.5,1,0.5,0.8,3,TRUE,0.9,TRUE,0.75,0,0,"ACPtrial17",1.65518892804071,1.16713569841798,1,0.355555555555556,0.25,1
"816",17,50,100,50,5,0.5,0.5,1,0.5,0.8,3,TRUE,0.9,TRUE,0.75,0,0,"ACPtrial17",1.52772898640485,1.41532669880276,0.8,0.2,0.166666666666667,0.947368421052632
"817",17,50,100,50,5,0.5,0.5,1,0.5,0.8,3,TRUE,0.9,TRUE,0.75,0,0,"ACPtrial17",2.11847747285211,1.48054443967058,1,0.466666666666667,0.375,1
"818",17,50,100,50,5,0.5,0.5,1,0.5,0.8,3,TRUE,0.9,TRUE,0.75,0,0,"ACPtrial17",1.10181613237075,1.17105215774631,0.6,0.755555555555556,0.25,0.976190476190476
"819",17,50,100,50,5,0.5,0.5,1,0.5,0.8,3,TRUE,0.9,TRUE,0.75,0,0,"ACPtrial17",2.51197528773122,1.95168160851244,1,0.444444444444444,0.222222222222222,0.975609756097561
"820",17,50,100,50,5,0.5,0.5,1,0.5,0.8,3,TRUE,0.9,TRUE,0.75,0,0,"ACPtrial17",1.18590194504226,1.50661778841245,1,0.733333333333333,0.5,0.976190476190476
"821",17,50,100,50,5,0.5,0.5,1,0.5,0.8,3,TRUE,0.9,TRUE,0.75,0,0,"ACPtrial17",3.94505495190106,2.26382151205296,1,0.4,0.8,1
"822",17,50,100,50,5,0.5,0.5,1,0.5,0.8,3,TRUE,0.9,TRUE,0.75,0,0,"ACPtrial17",1.32560998638217,1.48881620004438,0.6,0.711111111111111,0.25,0.973684210526316
"823",17,50,100,50,5,0.5,0.5,1,0.5,0.8,3,TRUE,0.9,TRUE,0.75,0,0,"ACPtrial17",6.97297511724035,1.56220649214535,1,0.133333333333333,0.428571428571429,0.976744186046512
"824",17,50,100,50,5,0.5,0.5,1,0.5,0.8,3,TRUE,0.9,TRUE,0.75,0,0,"ACPtrial17",1.7719128817869,1.14763007416854,1,0.466666666666667,0.833333333333333,1
"825",17,50,100,50,5,0.5,0.5,1,0.5,0.8,3,TRUE,0.9,TRUE,0.75,0,0,"ACPtrial17",1.26097270550402,1.39737230880599,0.8,0.533333333333333,0.333333333333333,0.951219512195122
"826",17,50,100,50,5,0.5,0.5,1,0.5,0.8,3,TRUE,0.9,TRUE,0.75,0,0,"ACPtrial17",1.64516599502788,1.26604779837358,0.6,0.666666666666667,0.285714285714286,0.976744186046512
"827",17,50,100,50,5,0.5,0.5,1,0.5,0.8,3,TRUE,0.9,TRUE,0.75,0,0,"ACPtrial17",1.53277290523228,1.64447193381895,1,0.644444444444444,0.666666666666667,0.931818181818182
"828",17,50,100,50,5,0.5,0.5,1,0.5,0.8,3,TRUE,0.9,TRUE,0.75,0,0,"ACPtrial17",3.06797039519714,1.58410182855285,1,0.177777777777778,0.571428571428571,0.976744186046512
"829",17,50,100,50,5,0.5,0.5,1,0.5,0.8,3,TRUE,0.9,TRUE,0.75,0,0,"ACPtrial17",0.872289418004036,2.42215186381943,1,0.777777777777778,0.571428571428571,0.976744186046512
"830",17,50,100,50,5,0.5,0.5,1,0.5,0.8,3,TRUE,0.9,TRUE,0.75,0,0,"ACPtrial17",1.6509402692881,1.14903590929126,0.6,0.711111111111111,0.4,1
"831",17,50,100,50,5,0.5,0.5,1,0.5,0.8,3,TRUE,0.9,TRUE,0.75,0,0,"ACPtrial17",3.11078392100764,1.47649341917819,1,0.155555555555556,0.363636363636364,0.974358974358974
"832",17,50,100,50,5,0.5,0.5,1,0.5,0.8,3,TRUE,0.9,TRUE,0.75,0,0,"ACPtrial17",1.56881097979241,1.52932539936149,0.8,0.466666666666667,0.333333333333333,0.975609756097561
"833",17,50,100,50,5,0.5,0.5,1,0.5,0.8,3,TRUE,0.9,TRUE,0.75,0,0,"ACPtrial17",2.17190084816786,2.35245123731546,1,0.511111111111111,0.285714285714286,0.883720930232558
"834",17,50,100,50,5,0.5,0.5,1,0.5,0.8,3,TRUE,0.9,TRUE,0.75,0,0,"ACPtrial17",1.91741189641621,2.23693483373411,0.8,0.488888888888889,0.2,0.975
"835",17,50,100,50,5,0.5,0.5,1,0.5,0.8,3,TRUE,0.9,TRUE,0.75,0,0,"ACPtrial17",2.29176621278243,0.960486902810224,1,0.4,0.428571428571429,0.976744186046512
"836",17,50,100,50,5,0.5,0.5,1,0.5,0.8,3,TRUE,0.9,TRUE,0.75,0,0,"ACPtrial17",2.40191972533879,1.40726995288252,1,0.622222222222222,0.571428571428571,1
"837",17,50,100,50,5,0.5,0.5,1,0.5,0.8,3,TRUE,0.9,TRUE,0.75,0,0,"ACPtrial17",1.44410866691044,1.19787895076601,1,0.444444444444444,0.571428571428571,0.930232558139535
"838",17,50,100,50,5,0.5,0.5,1,0.5,0.8,3,TRUE,0.9,TRUE,0.75,0,0,"ACPtrial17",3.43621969391852,4.19959292902143,1,0.488888888888889,0.428571428571429,0.906976744186046
"839",17,50,100,50,5,0.5,0.5,1,0.5,0.8,3,TRUE,0.9,TRUE,0.75,0,0,"ACPtrial17",1.92753056466869,1.33918611921042,1,0.422222222222222,0.666666666666667,0.931818181818182
"840",17,50,100,50,5,0.5,0.5,1,0.5,0.8,3,TRUE,0.9,TRUE,0.75,0,0,"ACPtrial17",1.37291611933649,1.37728454002086,0.8,0.777777777777778,0.2,0.977777777777778
"841",17,50,100,50,5,0.5,0.5,1,0.5,0.8,3,TRUE,0.9,TRUE,0.75,0,0,"ACPtrial17",4.47709442812372,2.16512471515283,0.8,0.711111111111111,0.333333333333333,0.926829268292683
"842",17,50,100,50,5,0.5,0.5,1,0.5,0.8,3,TRUE,0.9,TRUE,0.75,0,0,"ACPtrial17",2.33117573006411,1.41190831898348,1,0.222222222222222,0.571428571428571,0.953488372093023
"843",17,50,100,50,5,0.5,0.5,1,0.5,0.8,3,TRUE,0.9,TRUE,0.75,0,0,"ACPtrial17",6.26851884112405,1.78993049828644,1,0.133333333333333,0.666666666666667,0.954545454545455
"844",17,50,100,50,5,0.5,0.5,1,0.5,0.8,3,TRUE,0.9,TRUE,0.75,0,0,"ACPtrial17",2.12224356592727,1.90949075358155,1,0.444444444444444,0.285714285714286,0.930232558139535
"845",17,50,100,50,5,0.5,0.5,1,0.5,0.8,3,TRUE,0.9,TRUE,0.75,0,0,"ACPtrial17",1.22109942364176,1.38607683488592,1,0.644444444444444,0.8,1
"846",17,50,100,50,5,0.5,0.5,1,0.5,0.8,3,TRUE,0.9,TRUE,0.75,0,0,"ACPtrial17",1.87434738788218,1.80639272174018,0.8,0.4,0.5,0.977272727272727
"847",17,50,100,50,5,0.5,0.5,1,0.5,0.8,3,TRUE,0.9,TRUE,0.75,0,0,"ACPtrial17",1.09241797784081,1.40790601940337,1,0.711111111111111,0.4,0.933333333333333
"848",17,50,100,50,5,0.5,0.5,1,0.5,0.8,3,TRUE,0.9,TRUE,0.75,0,0,"ACPtrial17",2.6337132002768,0.972778038936004,1,0.4,0.428571428571429,0.976744186046512
"849",17,50,100,50,5,0.5,0.5,1,0.5,0.8,3,TRUE,0.9,TRUE,0.75,0,0,"ACPtrial17",1.82905746608035,1.16170853743044,0.8,0.444444444444444,0.285714285714286,0.953488372093023
"850",17,50,100,50,5,0.5,0.5,1,0.5,0.8,3,TRUE,0.9,TRUE,0.75,0,0,"ACPtrial17",1.18163906509043,1.35028895891435,1,0.488888888888889,0.714285714285714,0.930232558139535
"851",18,50,100,50,5,0.5,0.5,1,0.5,0.8,3,TRUE,0.9,TRUE,0.75,0,0,"ACPtrial18",3.07443905133969,2.97139948111613,1,0.4,0.666666666666667,0.772727272727273
"852",18,50,100,50,5,0.5,0.5,1,0.5,0.8,3,TRUE,0.9,TRUE,0.75,0,0,"ACPtrial18",1.47069265072673,1.217399528319,1,0.666666666666667,0.285714285714286,1
"853",18,50,100,50,5,0.5,0.5,1,0.5,0.8,3,TRUE,0.9,TRUE,0.75,0,0,"ACPtrial18",1.46927731471402,1.19382406824403,1,0.666666666666667,1,0.977777777777778
"854",18,50,100,50,5,0.5,0.5,1,0.5,0.8,3,TRUE,0.9,TRUE,0.75,0,0,"ACPtrial18",1.59127768547284,1.67037212036898,0.6,0.755555555555556,0.375,0.976190476190476
"855",18,50,100,50,5,0.5,0.5,1,0.5,0.8,3,TRUE,0.9,TRUE,0.75,0,0,"ACPtrial18",1.60946159968177,1.61091552532273,1,0.555555555555556,0.5,0.909090909090909
"856",18,50,100,50,5,0.5,0.5,1,0.5,0.8,3,TRUE,0.9,TRUE,0.75,0,0,"ACPtrial18",0.657490458295662,0.870101369234345,0.4,0.866666666666667,0.333333333333333,0.977272727272727
"857",18,50,100,50,5,0.5,0.5,1,0.5,0.8,3,TRUE,0.9,TRUE,0.75,0,0,"ACPtrial18",2.20546070244012,1.56760544054732,0.8,0.622222222222222,0.25,1
"858",18,50,100,50,5,0.5,0.5,1,0.5,0.8,3,TRUE,0.9,TRUE,0.75,0,0,"ACPtrial18",1.39487106592628,2.27662008592644,0.6,0.711111111111111,0.333333333333333,0.954545454545455
"859",18,50,100,50,5,0.5,0.5,1,0.5,0.8,3,TRUE,0.9,TRUE,0.75,0,0,"ACPtrial18",1.9287012578637,1.78464414895221,1,0.511111111111111,0.666666666666667,0.977272727272727
"860",18,50,100,50,5,0.5,0.5,1,0.5,0.8,3,TRUE,0.9,TRUE,0.75,0,0,"ACPtrial18",1.7323731572526,2.20312524005306,1,0.577777777777778,0.625,1
"861",18,50,100,50,5,0.5,0.5,1,0.5,0.8,3,TRUE,0.9,TRUE,0.75,0,0,"ACPtrial18",1.65194970112728,1.34184453619159,0.6,0.733333333333333,0.25,0.976190476190476
"862",18,50,100,50,5,0.5,0.5,1,0.5,0.8,3,TRUE,0.9,TRUE,0.75,0,0,"ACPtrial18",1.11134829439064,1.2134224556332,0.8,0.533333333333333,0.6,0.955555555555556
"863",18,50,100,50,5,0.5,0.5,1,0.5,0.8,3,TRUE,0.9,TRUE,0.75,0,0,"ACPtrial18",1.2590556002707,1.39483150790032,0.8,0.666666666666667,0.666666666666667,0.977272727272727
"864",18,50,100,50,5,0.5,0.5,1,0.5,0.8,3,TRUE,0.9,TRUE,0.75,0,0,"ACPtrial18",6.20894303132454,1.74318910123727,0.8,0.444444444444444,0.6,0.955555555555556
"865",18,50,100,50,5,0.5,0.5,1,0.5,0.8,3,TRUE,0.9,TRUE,0.75,0,0,"ACPtrial18",2.21613163047695,1.57222411289867,1,0.577777777777778,0.666666666666667,0.954545454545455
"866",18,50,100,50,5,0.5,0.5,1,0.5,0.8,3,TRUE,0.9,TRUE,0.75,0,0,"ACPtrial18",1.28412963277289,1.39058278510259,1,0.444444444444444,0.75,0.976190476190476
"867",18,50,100,50,5,0.5,0.5,1,0.5,0.8,3,TRUE,0.9,TRUE,0.75,0,0,"ACPtrial18",1.83260207430738,1.78245915046583,1,0.644444444444444,0.666666666666667,0.909090909090909
"868",18,50,100,50,5,0.5,0.5,1,0.5,0.8,3,TRUE,0.9,TRUE,0.75,0,0,"ACPtrial18",2.12631577206304,1.47842033745942,0.4,0.488888888888889,0.333333333333333,0.954545454545455
"869",18,50,100,50,5,0.5,0.5,1,0.5,0.8,3,TRUE,0.9,TRUE,0.75,0,0,"ACPtrial18",4.84745999630424,1.47718962781083,1,0.377777777777778,0.5,0.952380952380952
"870",18,50,100,50,5,0.5,0.5,1,0.5,0.8,3,TRUE,0.9,TRUE,0.75,0,0,"ACPtrial18",1.40466868419985,1.23177135849781,0.8,0.577777777777778,0.375,0.952380952380952
"871",18,50,100,50,5,0.5,0.5,1,0.5,0.8,3,TRUE,0.9,TRUE,0.75,0,0,"ACPtrial18",1.45435438565928,1.58382526029185,0.6,0.622222222222222,0.428571428571429,0.930232558139535
"872",18,50,100,50,5,0.5,0.5,1,0.5,0.8,3,TRUE,0.9,TRUE,0.75,0,0,"ACPtrial18",2.46003603161212,1.09025906557199,0.6,0.488888888888889,0.285714285714286,0.906976744186046
"873",18,50,100,50,5,0.5,0.5,1,0.5,0.8,3,TRUE,0.9,TRUE,0.75,0,0,"ACPtrial18",1.25289291391863,0.954414422639441,0.6,0.644444444444444,0.333333333333333,0.931818181818182
"874",18,50,100,50,5,0.5,0.5,1,0.5,0.8,3,TRUE,0.9,TRUE,0.75,0,0,"ACPtrial18",1.4403460094224,1.10739516211476,0.6,0.533333333333333,0.285714285714286,0.976744186046512
"875",18,50,100,50,5,0.5,0.5,1,0.5,0.8,3,TRUE,0.9,TRUE,0.75,0,0,"ACPtrial18",2.13833224901735,1.89215615196123,1,0.244444444444444,0.555555555555556,0.926829268292683
"876",18,50,100,50,5,0.5,0.5,1,0.5,0.8,3,TRUE,0.9,TRUE,0.75,0,0,"ACPtrial18",1.62626755039157,1.42223085234728,1,0.666666666666667,0.222222222222222,1
"877",18,50,100,50,5,0.5,0.5,1,0.5,0.8,3,TRUE,0.9,TRUE,0.75,0,0,"ACPtrial18",1.30121189367368,1.07893380825535,0.6,0.622222222222222,0.285714285714286,0.953488372093023
"878",18,50,100,50,5,0.5,0.5,1,0.5,0.8,3,TRUE,0.9,TRUE,0.75,0,0,"ACPtrial18",1.28744449667287,1.36681491237861,1,0.644444444444444,0.25,1
"879",18,50,100,50,5,0.5,0.5,1,0.5,0.8,3,TRUE,0.9,TRUE,0.75,0,0,"ACPtrial18",1.43023667676644,1.27358495530963,0.6,0.577777777777778,0.428571428571429,0.976744186046512
"880",18,50,100,50,5,0.5,0.5,1,0.5,0.8,3,TRUE,0.9,TRUE,0.75,0,0,"ACPtrial18",1.5915284290783,2.66681674515007,0.6,0.555555555555556,0.333333333333333,1
"881",18,50,100,50,5,0.5,0.5,1,0.5,0.8,3,TRUE,0.9,TRUE,0.75,0,0,"ACPtrial18",2.14503333897542,1.32141295059238,1,0.555555555555556,0.444444444444444,1
"882",18,50,100,50,5,0.5,0.5,1,0.5,0.8,3,TRUE,0.9,TRUE,0.75,0,0,"ACPtrial18",1.55455000421208,1.26208483009988,0.4,0.511111111111111,0.25,0.952380952380952
"883",18,50,100,50,5,0.5,0.5,1,0.5,0.8,3,TRUE,0.9,TRUE,0.75,0,0,"ACPtrial18",1.50536111789597,1.53944505010376,0.6,0.533333333333333,0.285714285714286,0.976744186046512
"884",18,50,100,50,5,0.5,0.5,1,0.5,0.8,3,TRUE,0.9,TRUE,0.75,0,0,"ACPtrial18",1.30104011990828,1.21832091700204,0.6,0.622222222222222,0.111111111111111,1
"885",18,50,100,50,5,0.5,0.5,1,0.5,0.8,3,TRUE,0.9,TRUE,0.75,0,0,"ACPtrial18",1.57388776139371,1.54208774633162,0.6,0.733333333333333,0.285714285714286,0.976744186046512
"886",18,50,100,50,5,0.5,0.5,1,0.5,0.8,3,TRUE,0.9,TRUE,0.75,0,0,"ACPtrial18",4.54442063955072,1.5292974764163,0.8,0.311111111111111,0.428571428571429,1
"887",18,50,100,50,5,0.5,0.5,1,0.5,0.8,3,TRUE,0.9,TRUE,0.75,0,0,"ACPtrial18",5.25546170895383,6.17742865196311,0.6,0.755555555555556,0.375,1
"888",18,50,100,50,5,0.5,0.5,1,0.5,0.8,3,TRUE,0.9,TRUE,0.75,0,0,"ACPtrial18",8.77357460935239,1.20508950380768,0.8,0.333333333333333,0.25,0.928571428571429
"889",18,50,100,50,5,0.5,0.5,1,0.5,0.8,3,TRUE,0.9,TRUE,0.75,0,0,"ACPtrial18",2.23760238024312,2.0038934725557,0.4,0.533333333333333,0.25,0.928571428571429
"890",18,50,100,50,5,0.5,0.5,1,0.5,0.8,3,TRUE,0.9,TRUE,0.75,0,0,"ACPtrial18",1.85410217346071,1.37000286317632,0.6,0.533333333333333,0.25,1
"891",18,50,100,50,5,0.5,0.5,1,0.5,0.8,3,TRUE,0.9,TRUE,0.75,0,0,"ACPtrial18",1.75256158210352,1.46926583748184,0.6,0.688888888888889,0.166666666666667,0.973684210526316
"892",18,50,100,50,5,0.5,0.5,1,0.5,0.8,3,TRUE,0.9,TRUE,0.75,0,0,"ACPtrial18",1.45412843573708,1.62539562454333,0.6,0.666666666666667,0.4,0.977777777777778
"893",18,50,100,50,5,0.5,0.5,1,0.5,0.8,3,TRUE,0.9,TRUE,0.75,0,0,"ACPtrial18",0.982662171359592,1.28137251470322,1,0.777777777777778,0.444444444444444,1
"894",18,50,100,50,5,0.5,0.5,1,0.5,0.8,3,TRUE,0.9,TRUE,0.75,0,0,"ACPtrial18",1.13796835868252,1.25609723245507,1,0.488888888888889,0.714285714285714,1
"895",18,50,100,50,5,0.5,0.5,1,0.5,0.8,3,TRUE,0.9,TRUE,0.75,0,0,"ACPtrial18",1.40760347271443,1.2978577089382,1,0.444444444444444,0.428571428571429,0.976744186046512
"896",18,50,100,50,5,0.5,0.5,1,0.5,0.8,3,TRUE,0.9,TRUE,0.75,0,0,"ACPtrial18",1.29566621204497,1.10464899184198,0.6,0.555555555555556,0.25,0.976190476190476
"897",18,50,100,50,5,0.5,0.5,1,0.5,0.8,3,TRUE,0.9,TRUE,0.75,0,0,"ACPtrial18",4.63439798639558,1.53320050737243,1,0.266666666666667,0.333333333333333,0.975609756097561
"898",18,50,100,50,5,0.5,0.5,1,0.5,0.8,3,TRUE,0.9,TRUE,0.75,0,0,"ACPtrial18",0.897161702000267,0.989911875276906,0.8,0.755555555555556,0.375,1
"899",18,50,100,50,5,0.5,0.5,1,0.5,0.8,3,TRUE,0.9,TRUE,0.75,0,0,"ACPtrial18",1.81088793683238,1.35818633207786,1,0.422222222222222,0.428571428571429,0.976744186046512
"900",18,50,100,50,5,0.5,0.5,1,0.5,0.8,3,TRUE,0.9,TRUE,0.75,0,0,"ACPtrial18",1.13923655304813,1.80846852437595,0.6,0.733333333333333,0.285714285714286,1
"901",19,50,100,50,5,0.5,0.5,1,0.5,0.8,3,TRUE,0.9,TRUE,0.75,0,0,"ACPtrial19",2.4068105736854,1.69120933395328,1,0.377777777777778,0.428571428571429,0.953488372093023
"902",19,50,100,50,5,0.5,0.5,1,0.5,0.8,3,TRUE,0.9,TRUE,0.75,0,0,"ACPtrial19",1.47252870276295,1.86815220835058,0.8,0.488888888888889,0.428571428571429,0.976744186046512
"903",19,50,100,50,5,0.5,0.5,1,0.5,0.8,3,TRUE,0.9,TRUE,0.75,0,0,"ACPtrial19",1.70083756714706,1.16009088613693,0.8,0.533333333333333,0.5,0.928571428571429
"904",19,50,100,50,5,0.5,0.5,1,0.5,0.8,3,TRUE,0.9,TRUE,0.75,0,0,"ACPtrial19",1.93271245122988,1.3218473078332,0.6,0.577777777777778,0.428571428571429,0.930232558139535
"905",19,50,100,50,5,0.5,0.5,1,0.5,0.8,3,TRUE,0.9,TRUE,0.75,0,0,"ACPtrial19",1.36485802281619,1.33500763212875,1,0.6,0.666666666666667,0.977272727272727
"906",19,50,100,50,5,0.5,0.5,1,0.5,0.8,3,TRUE,0.9,TRUE,0.75,0,0,"ACPtrial19",0.841446536478344,0.989793765872617,0.6,0.777777777777778,0.333333333333333,1
"907",19,50,100,50,5,0.5,0.5,1,0.5,0.8,3,TRUE,0.9,TRUE,0.75,0,0,"ACPtrial19",3.56728244061001,1.57850374709422,1,-0.0222222222222222,0.571428571428571,0.930232558139535
"908",19,50,100,50,5,0.5,0.5,1,0.5,0.8,3,TRUE,0.9,TRUE,0.75,0,0,"ACPtrial19",1.93423577092688,1.54950872514337,0.8,0.444444444444444,0.8,0.888888888888889
"909",19,50,100,50,5,0.5,0.5,1,0.5,0.8,3,TRUE,0.9,TRUE,0.75,0,0,"ACPtrial19",1.57801614571915,0.916009219006408,0.6,0.533333333333333,0.5,0.977272727272727
"910",19,50,100,50,5,0.5,0.5,1,0.5,0.8,3,TRUE,0.9,TRUE,0.75,0,0,"ACPtrial19",2.18705931669152,1.24839273168828,0.6,0.422222222222222,0.333333333333333,1
"911",19,50,100,50,5,0.5,0.5,1,0.5,0.8,3,TRUE,0.9,TRUE,0.75,0,0,"ACPtrial19",2.07121154048518,1.38571101571421,0.6,0.6,0.363636363636364,1
"912",19,50,100,50,5,0.5,0.5,1,0.5,0.8,3,TRUE,0.9,TRUE,0.75,0,0,"ACPtrial19",2.12212941372537,1.05009494053277,0.8,0.4,0.285714285714286,0.976744186046512
"913",19,50,100,50,5,0.5,0.5,1,0.5,0.8,3,TRUE,0.9,TRUE,0.75,0,0,"ACPtrial19",1.33248848498215,1.96087101233775,0.6,0.555555555555556,0.444444444444444,1
"914",19,50,100,50,5,0.5,0.5,1,0.5,0.8,3,TRUE,0.9,TRUE,0.75,0,0,"ACPtrial19",1.52644528500965,1.70073843869861,1,0.355555555555556,0.375,0.880952380952381
"915",19,50,100,50,5,0.5,0.5,1,0.5,0.8,3,TRUE,0.9,TRUE,0.75,0,0,"ACPtrial19",0.722404519284021,0.962425733253415,0.4,0.866666666666667,0.333333333333333,0.977272727272727
"916",19,50,100,50,5,0.5,0.5,1,0.5,0.8,3,TRUE,0.9,TRUE,0.75,0,0,"ACPtrial19",3.62730245679982,2.13372577593267,0.8,0.4,0.5,0.909090909090909
"917",19,50,100,50,5,0.5,0.5,1,0.5,0.8,3,TRUE,0.9,TRUE,0.75,0,0,"ACPtrial19",0.999767050274274,1.24283641322737,0.4,0.777777777777778,0.2,1
"918",19,50,100,50,5,0.5,0.5,1,0.5,0.8,3,TRUE,0.9,TRUE,0.75,0,0,"ACPtrial19",1.10137143683853,1.3273562170543,0.6,0.733333333333333,0.25,1
"919",19,50,100,50,5,0.5,0.5,1,0.5,0.8,3,TRUE,0.9,TRUE,0.75,0,0,"ACPtrial19",3.15671916945247,2.00823974785533,0.6,0.244444444444444,0.285714285714286,0.953488372093023
"920",19,50,100,50,5,0.5,0.5,1,0.5,0.8,3,TRUE,0.9,TRUE,0.75,0,0,"ACPtrial19",0.899742020833412,1.05470811833024,0.6,0.711111111111111,0.555555555555556,0.926829268292683
"921",19,50,100,50,5,0.5,0.5,1,0.5,0.8,3,TRUE,0.9,TRUE,0.75,0,0,"ACPtrial19",1.31669614428915,1.30869884737535,1,0.688888888888889,0.666666666666667,0.954545454545455
"922",19,50,100,50,5,0.5,0.5,1,0.5,0.8,3,TRUE,0.9,TRUE,0.75,0,0,"ACPtrial19",1.82419408381306,1.14378043092918,1,0.288888888888889,0.5,1
"923",19,50,100,50,5,0.5,0.5,1,0.5,0.8,3,TRUE,0.9,TRUE,0.75,0,0,"ACPtrial19",2.81899533861863,1.39119458616549,0.8,0.755555555555556,0.5,1
"924",19,50,100,50,5,0.5,0.5,1,0.5,0.8,3,TRUE,0.9,TRUE,0.75,0,0,"ACPtrial19",1.55713268833782,1.30782221456529,1,0.644444444444444,0.375,1
"925",19,50,100,50,5,0.5,0.5,1,0.5,0.8,3,TRUE,0.9,TRUE,0.75,0,0,"ACPtrial19",1.58189941580221,2.65876169829652,0.8,0.511111111111111,0.375,0.928571428571429
"926",19,50,100,50,5,0.5,0.5,1,0.5,0.8,3,TRUE,0.9,TRUE,0.75,0,0,"ACPtrial19",1.80942590054207,1.52146817685597,1,0.644444444444444,0.8,0.933333333333333
"927",19,50,100,50,5,0.5,0.5,1,0.5,0.8,3,TRUE,0.9,TRUE,0.75,0,0,"ACPtrial19",2.48475159526438,1.78602270794912,1,0.466666666666667,0.428571428571429,1
"928",19,50,100,50,5,0.5,0.5,1,0.5,0.8,3,TRUE,0.9,TRUE,0.75,0,0,"ACPtrial19",1.60272282201912,1.55717114875217,0.6,0.666666666666667,0.285714285714286,1
"929",19,50,100,50,5,0.5,0.5,1,0.5,0.8,3,TRUE,0.9,TRUE,0.75,0,0,"ACPtrial19",1.64756404314124,1.40686146632038,0.6,0.622222222222222,0.3,0.95
"930",19,50,100,50,5,0.5,0.5,1,0.5,0.8,3,TRUE,0.9,TRUE,0.75,0,0,"ACPtrial19",1.10266298989915,1.21668479487098,0.8,0.755555555555556,0.625,1
"931",19,50,100,50,5,0.5,0.5,1,0.5,0.8,3,TRUE,0.9,TRUE,0.75,0,0,"ACPtrial19",13.5700334857468,2.92770814962457,0.8,0.244444444444444,0.222222222222222,0.975609756097561
"932",19,50,100,50,5,0.5,0.5,1,0.5,0.8,3,TRUE,0.9,TRUE,0.75,0,0,"ACPtrial19",2.85037309088964,1.75818287116146,0.8,0.8,0.222222222222222,1
"933",19,50,100,50,5,0.5,0.5,1,0.5,0.8,3,TRUE,0.9,TRUE,0.75,0,0,"ACPtrial19",2.08330979250282,1.83971627234705,1,0.533333333333333,0.6,0.911111111111111
"934",19,50,100,50,5,0.5,0.5,1,0.5,0.8,3,TRUE,0.9,TRUE,0.75,0,0,"ACPtrial19",1.35102442456175,0.992389845875994,0.6,0.711111111111111,0.25,1
"935",19,50,100,50,5,0.5,0.5,1,0.5,0.8,3,TRUE,0.9,TRUE,0.75,0,0,"ACPtrial19",0.650702806698412,1.0996530734515,1,0.866666666666667,0.833333333333333,1
"936",19,50,100,50,5,0.5,0.5,1,0.5,0.8,3,TRUE,0.9,TRUE,0.75,0,0,"ACPtrial19",1.94984520469461,1.28604232596068,1,0.333333333333333,0.555555555555556,0.926829268292683
"937",19,50,100,50,5,0.5,0.5,1,0.5,0.8,3,TRUE,0.9,TRUE,0.75,0,0,"ACPtrial19",2.31515944582832,1.2107284013031,0.6,0.444444444444444,0.375,0.952380952380952
"938",19,50,100,50,5,0.5,0.5,1,0.5,0.8,3,TRUE,0.9,TRUE,0.75,0,0,"ACPtrial19",1.69241410541279,1.68381523393471,0.4,0.733333333333333,0.222222222222222,0.878048780487805
"939",19,50,100,50,5,0.5,0.5,1,0.5,0.8,3,TRUE,0.9,TRUE,0.75,0,0,"ACPtrial19",2.10154310522457,1.37333726405798,0.6,0.244444444444444,0.222222222222222,0.926829268292683
"940",19,50,100,50,5,0.5,0.5,1,0.5,0.8,3,TRUE,0.9,TRUE,0.75,0,0,"ACPtrial19",1.44090947501995,1.19387543115889,0.4,0.666666666666667,0.333333333333333,1
"941",19,50,100,50,5,0.5,0.5,1,0.5,0.8,3,TRUE,0.9,TRUE,0.75,0,0,"ACPtrial19",1.67563035322604,1.18624077456482,0.8,0.533333333333333,0.0909090909090909,0.923076923076923
"942",19,50,100,50,5,0.5,0.5,1,0.5,0.8,3,TRUE,0.9,TRUE,0.75,0,0,"ACPtrial19",2.10499120778866,1.49374510299014,1,0.6,0.625,0.976190476190476
"943",19,50,100,50,5,0.5,0.5,1,0.5,0.8,3,TRUE,0.9,TRUE,0.75,0,0,"ACPtrial19",0.666423774042603,0.892461131215249,0.4,0.822222222222222,0.25,0.976190476190476
"944",19,50,100,50,5,0.5,0.5,1,0.5,0.8,3,TRUE,0.9,TRUE,0.75,0,0,"ACPtrial19",0.642118652676882,1.12940212416579,1,0.577777777777778,0.375,0.976190476190476
"945",19,50,100,50,5,0.5,0.5,1,0.5,0.8,3,TRUE,0.9,TRUE,0.75,0,0,"ACPtrial19",1.77341388758243,2.26298863623031,0.8,0.511111111111111,1,0.931818181818182
"946",19,50,100,50,5,0.5,0.5,1,0.5,0.8,3,TRUE,0.9,TRUE,0.75,0,0,"ACPtrial19",1.00355001178762,1.2829337373842,1,0.711111111111111,0.222222222222222,0.951219512195122
"947",19,50,100,50,5,0.5,0.5,1,0.5,0.8,3,TRUE,0.9,TRUE,0.75,0,0,"ACPtrial19",1.26177101301056,1.51408574718466,0.6,0.555555555555556,0.375,0.976190476190476
"948",19,50,100,50,5,0.5,0.5,1,0.5,0.8,3,TRUE,0.9,TRUE,0.75,0,0,"ACPtrial19",0.622379117360829,0.689914739895119,0.4,0.822222222222222,0.285714285714286,0.976744186046512
"949",19,50,100,50,5,0.5,0.5,1,0.5,0.8,3,TRUE,0.9,TRUE,0.75,0,0,"ACPtrial19",1.53774969142312,1.94793984458915,0.8,0.777777777777778,0.428571428571429,0.976744186046512
"950",19,50,100,50,5,0.5,0.5,1,0.5,0.8,3,TRUE,0.9,TRUE,0.75,0,0,"ACPtrial19",1.08448999532001,1.09948515865318,1,0.622222222222222,0.666666666666667,1
"951",20,50,100,50,5,0.5,0.5,1,0.5,0.8,3,TRUE,0.9,TRUE,0.75,0,0,"ACPtrial20",1.24567218941131,1.25163047656553,1,0.311111111111111,0.714285714285714,0.906976744186046
"952",20,50,100,50,5,0.5,0.5,1,0.5,0.8,3,TRUE,0.9,TRUE,0.75,0,0,"ACPtrial20",2.27900401698323,1.31188384468964,1,0.422222222222222,0.5,0.931818181818182
"953",20,50,100,50,5,0.5,0.5,1,0.5,0.8,3,TRUE,0.9,TRUE,0.75,0,0,"ACPtrial20",1.43182008059313,1.13406072115876,0.6,0.533333333333333,0.5,0.954545454545455
"954",20,50,100,50,5,0.5,0.5,1,0.5,0.8,3,TRUE,0.9,TRUE,0.75,0,0,"ACPtrial20",1.57613337015642,1.73569770842183,1,0.466666666666667,0.625,0.952380952380952
"955",20,50,100,50,5,0.5,0.5,1,0.5,0.8,3,TRUE,0.9,TRUE,0.75,0,0,"ACPtrial20",0.873972437087819,0.920788613915526,0.4,0.777777777777778,0.285714285714286,0.953488372093023
"956",20,50,100,50,5,0.5,0.5,1,0.5,0.8,3,TRUE,0.9,TRUE,0.75,0,0,"ACPtrial20",1.79172700030129,1.18938204010244,0.8,0.2,0.4,0.977777777777778
"957",20,50,100,50,5,0.5,0.5,1,0.5,0.8,3,TRUE,0.9,TRUE,0.75,0,0,"ACPtrial20",2.0311547152036,2.37729904795263,1,0.533333333333333,0.5,0.976190476190476
"958",20,50,100,50,5,0.5,0.5,1,0.5,0.8,3,TRUE,0.9,TRUE,0.75,0,0,"ACPtrial20",1.47194833345856,2.71448037116263,1,0.688888888888889,0.428571428571429,0.883720930232558
"959",20,50,100,50,5,0.5,0.5,1,0.5,0.8,3,TRUE,0.9,TRUE,0.75,0,0,"ACPtrial20",8.61115141701531,3.02652382870854,1,0.2,0.4,0.955555555555556
"960",20,50,100,50,5,0.5,0.5,1,0.5,0.8,3,TRUE,0.9,TRUE,0.75,0,0,"ACPtrial20",1.28542815619159,0.845713769241795,0.4,0.622222222222222,0.4,1
"961",20,50,100,50,5,0.5,0.5,1,0.5,0.8,3,TRUE,0.9,TRUE,0.75,0,0,"ACPtrial20",2.25849817224983,1.66405649283314,0.6,0.644444444444444,0.125,0.952380952380952
"962",20,50,100,50,5,0.5,0.5,1,0.5,0.8,3,TRUE,0.9,TRUE,0.75,0,0,"ACPtrial20",2.71385485869595,1.66735301604066,1,0.155555555555556,0.5,0.977272727272727
"963",20,50,100,50,5,0.5,0.5,1,0.5,0.8,3,TRUE,0.9,TRUE,0.75,0,0,"ACPtrial20",2.34267502189695,1.14795870961863,0.8,0.644444444444444,0.333333333333333,0.926829268292683
"964",20,50,100,50,5,0.5,0.5,1,0.5,0.8,3,TRUE,0.9,TRUE,0.75,0,0,"ACPtrial20",1.00392959530207,0.969027622870519,0.8,0.644444444444444,0.428571428571429,0.976744186046512
"965",20,50,100,50,5,0.5,0.5,1,0.5,0.8,3,TRUE,0.9,TRUE,0.75,0,0,"ACPtrial20",2.08056671619009,1.76761239130712,1,0.311111111111111,0.625,0.928571428571429
"966",20,50,100,50,5,0.5,0.5,1,0.5,0.8,3,TRUE,0.9,TRUE,0.75,0,0,"ACPtrial20",1.38670315706861,1.27566364970031,0.4,0.844444444444444,0.4,1
"967",20,50,100,50,5,0.5,0.5,1,0.5,0.8,3,TRUE,0.9,TRUE,0.75,0,0,"ACPtrial20",1.7096133513679,1.50954517907542,0.8,0.511111111111111,0.285714285714286,0.976744186046512
"968",20,50,100,50,5,0.5,0.5,1,0.5,0.8,3,TRUE,0.9,TRUE,0.75,0,0,"ACPtrial20",2.10458102776028,1.48052885480679,1,0.244444444444444,0.857142857142857,0.976744186046512
"969",20,50,100,50,5,0.5,0.5,1,0.5,0.8,3,TRUE,0.9,TRUE,0.75,0,0,"ACPtrial20",1.08731950739931,1.23787331676809,0.4,0.822222222222222,0.25,1
"970",20,50,100,50,5,0.5,0.5,1,0.5,0.8,3,TRUE,0.9,TRUE,0.75,0,0,"ACPtrial20",1.42146324078294,1.59432477344822,0.8,0.666666666666667,0.428571428571429,0.953488372093023
"971",20,50,100,50,5,0.5,0.5,1,0.5,0.8,3,TRUE,0.9,TRUE,0.75,0,0,"ACPtrial20",2.061563004085,1.40807214118023,1,0.333333333333333,0.428571428571429,0.976744186046512
"972",20,50,100,50,5,0.5,0.5,1,0.5,0.8,3,TRUE,0.9,TRUE,0.75,0,0,"ACPtrial20",1.15949792683754,1.6463038663523,1,0.644444444444444,0.833333333333333,0.954545454545455
"973",20,50,100,50,5,0.5,0.5,1,0.5,0.8,3,TRUE,0.9,TRUE,0.75,0,0,"ACPtrial20",1.08263605413836,1.08416263201456,0.4,0.688888888888889,0.285714285714286,1
"974",20,50,100,50,5,0.5,0.5,1,0.5,0.8,3,TRUE,0.9,TRUE,0.75,0,0,"ACPtrial20",1.99546248975127,1.28632470343194,1,0.288888888888889,0.666666666666667,0.975609756097561
"975",20,50,100,50,5,0.5,0.5,1,0.5,0.8,3,TRUE,0.9,TRUE,0.75,0,0,"ACPtrial20",2.49848049358209,1.41943853077935,1,0.622222222222222,0.285714285714286,0.953488372093023
"976",20,50,100,50,5,0.5,0.5,1,0.5,0.8,3,TRUE,0.9,TRUE,0.75,0,0,"ACPtrial20",3.28753267978398,2.27775571627239,0.6,0.422222222222222,0.428571428571429,0.906976744186046
"977",20,50,100,50,5,0.5,0.5,1,0.5,0.8,3,TRUE,0.9,TRUE,0.75,0,0,"ACPtrial20",1.37536937283166,1.19284230378199,0.6,0.688888888888889,0.285714285714286,0.930232558139535
"978",20,50,100,50,5,0.5,0.5,1,0.5,0.8,3,TRUE,0.9,TRUE,0.75,0,0,"ACPtrial20",1.99582468313425,2.10537208636053,1,0.444444444444444,0.5,0.928571428571429
"979",20,50,100,50,5,0.5,0.5,1,0.5,0.8,3,TRUE,0.9,TRUE,0.75,0,0,"ACPtrial20",1.72044948748057,1.25632902965159,0.6,0.511111111111111,0.25,1
"980",20,50,100,50,5,0.5,0.5,1,0.5,0.8,3,TRUE,0.9,TRUE,0.75,0,0,"ACPtrial20",2.6675262522863,2.26334973408285,0.6,0.6,0.333333333333333,0.954545454545455
"981",20,50,100,50,5,0.5,0.5,1,0.5,0.8,3,TRUE,0.9,TRUE,0.75,0,0,"ACPtrial20",1.15972774710543,1.62640352977371,1,0.688888888888889,0.833333333333333,0.977272727272727
"982",20,50,100,50,5,0.5,0.5,1,0.5,0.8,3,TRUE,0.9,TRUE,0.75,0,0,"ACPtrial20",1.48696399137313,1.02696079765087,0.6,0.6,0.25,0.976190476190476
"983",20,50,100,50,5,0.5,0.5,1,0.5,0.8,3,TRUE,0.9,TRUE,0.75,0,0,"ACPtrial20",1.87187853461477,0.894827332957301,1,0.511111111111111,0.25,0.928571428571429
"984",20,50,100,50,5,0.5,0.5,1,0.5,0.8,3,TRUE,0.9,TRUE,0.75,0,0,"ACPtrial20",1.06582277090374,1.09585711827222,0.4,0.733333333333333,0.4,0.95
"985",20,50,100,50,5,0.5,0.5,1,0.5,0.8,3,TRUE,0.9,TRUE,0.75,0,0,"ACPtrial20",1.99179389142653,1.48805852387796,0.4,0.733333333333333,0.5,1
"986",20,50,100,50,5,0.5,0.5,1,0.5,0.8,3,TRUE,0.9,TRUE,0.75,0,0,"ACPtrial20",1.15205302266179,1.36944641714573,0.4,0.755555555555556,0.25,1
"987",20,50,100,50,5,0.5,0.5,1,0.5,0.8,3,TRUE,0.9,TRUE,0.75,0,0,"ACPtrial20",1.70276984296294,1.10561032993606,0.8,0.555555555555556,0.333333333333333,0.977272727272727
"988",20,50,100,50,5,0.5,0.5,1,0.5,0.8,3,TRUE,0.9,TRUE,0.75,0,0,"ACPtrial20",1.63228794297618,1.44720163152056,1,0.177777777777778,0.25,0.976190476190476
"989",20,50,100,50,5,0.5,0.5,1,0.5,0.8,3,TRUE,0.9,TRUE,0.75,0,0,"ACPtrial20",1.46042193571278,1.62982291882011,1,0.6,0.333333333333333,1
"990",20,50,100,50,5,0.5,0.5,1,0.5,0.8,3,TRUE,0.9,TRUE,0.75,0,0,"ACPtrial20",1.05344377255406,1.02302190786366,1,0.755555555555556,0.5,1
"991",20,50,100,50,5,0.5,0.5,1,0.5,0.8,3,TRUE,0.9,TRUE,0.75,0,0,"ACPtrial20",1.28323216613231,1.69900289893742,0.8,0.733333333333333,0.444444444444444,1
"992",20,50,100,50,5,0.5,0.5,1,0.5,0.8,3,TRUE,0.9,TRUE,0.75,0,0,"ACPtrial20",1.10667527480048,1.14221744814964,0.6,0.755555555555556,0.285714285714286,0.953488372093023
"993",20,50,100,50,5,0.5,0.5,1,0.5,0.8,3,TRUE,0.9,TRUE,0.75,0,0,"ACPtrial20",2.1399016340773,1.91951474332992,1,0.622222222222222,0.5,0.931818181818182
"994",20,50,100,50,5,0.5,0.5,1,0.5,0.8,3,TRUE,0.9,TRUE,0.75,0,0,"ACPtrial20",3.23280388004362,2.3105670292774,0.6,0.488888888888889,0.285714285714286,0.953488372093023
"995",20,50,100,50,5,0.5,0.5,1,0.5,0.8,3,TRUE,0.9,TRUE,0.75,0,0,"ACPtrial20",1.82487670189271,1.33910976670735,1,0.311111111111111,0.571428571428571,0.930232558139535
"996",20,50,100,50,5,0.5,0.5,1,0.5,0.8,3,TRUE,0.9,TRUE,0.75,0,0,"ACPtrial20",1.52067268954554,1.88697095138729,1,0.511111111111111,0.571428571428571,0.930232558139535
"997",20,50,100,50,5,0.5,0.5,1,0.5,0.8,3,TRUE,0.9,TRUE,0.75,0,0,"ACPtrial20",2.16245550657403,1.53442683465151,0.8,0.488888888888889,0.375,0.976190476190476
"998",20,50,100,50,5,0.5,0.5,1,0.5,0.8,3,TRUE,0.9,TRUE,0.75,0,0,"ACPtrial20",2.81705332995838,1.6122858667533,0.8,0.422222222222222,0.428571428571429,0.976744186046512
"999",20,50,100,50,5,0.5,0.5,1,0.5,0.8,3,TRUE,0.9,TRUE,0.75,0,0,"ACPtrial20",7.2788633725905,2.0850588800754,1,0.466666666666667,0.375,0.976190476190476
"1000",20,50,100,50,5,0.5,0.5,1,0.5,0.8,3,TRUE,0.9,TRUE,0.75,0,0,"ACPtrial20",1.93914749687612,1.57251452319083,1,0.511111111111111,0.625,0.976190476190476
"1001",21,50,100,50,5,0.5,0.5,1,0.5,0.8,3,TRUE,0.9,TRUE,0.75,0,0,"ACPtrial21",2.66831279550653,1.56589940997588,0.6,0.711111111111111,0.5,1
"1002",21,50,100,50,5,0.5,0.5,1,0.5,0.8,3,TRUE,0.9,TRUE,0.75,0,0,"ACPtrial21",1.29755485576114,1.36264656413773,1,0.622222222222222,0.6,1
"1003",21,50,100,50,5,0.5,0.5,1,0.5,0.8,3,TRUE,0.9,TRUE,0.75,0,0,"ACPtrial21",1.33624257299485,1.37788034426031,0.4,0.533333333333333,0.4,0.95
"1004",21,50,100,50,5,0.5,0.5,1,0.5,0.8,3,TRUE,0.9,TRUE,0.75,0,0,"ACPtrial21",1.43182744293223,2.36974716651244,1,0.622222222222222,0.454545454545455,0.897435897435897
"1005",21,50,100,50,5,0.5,0.5,1,0.5,0.8,3,TRUE,0.9,TRUE,0.75,0,0,"ACPtrial21",1.02289989089547,1.65762514887964,1,0.777777777777778,0.333333333333333,0.977272727272727
"1006",21,50,100,50,5,0.5,0.5,1,0.5,0.8,3,TRUE,0.9,TRUE,0.75,0,0,"ACPtrial21",1.57065915850987,1.33573386003187,1,0.511111111111111,0.428571428571429,1
"1007",21,50,100,50,5,0.5,0.5,1,0.5,0.8,3,TRUE,0.9,TRUE,0.75,0,0,"ACPtrial21",1.30313303680681,1.79732683538122,0.8,0.555555555555556,0.5,0.954545454545455
"1008",21,50,100,50,5,0.5,0.5,1,0.5,0.8,3,TRUE,0.9,TRUE,0.75,0,0,"ACPtrial21",1.59524495609662,1.18967442772644,1,0.688888888888889,0.857142857142857,1
"1009",21,50,100,50,5,0.5,0.5,1,0.5,0.8,3,TRUE,0.9,TRUE,0.75,0,0,"ACPtrial21",2.29697099903349,1.49917996651207,1,0.266666666666667,0.375,0.976190476190476
"1010",21,50,100,50,5,0.5,0.5,1,0.5,0.8,3,TRUE,0.9,TRUE,0.75,0,0,"ACPtrial21",1.89756447222416,1.70029934341491,0.8,0.4,0.428571428571429,0.906976744186046
"1011",21,50,100,50,5,0.5,0.5,1,0.5,0.8,3,TRUE,0.9,TRUE,0.75,0,0,"ACPtrial21",1.37162231227319,1.64259437617917,0.8,0.733333333333333,0.5,0.977272727272727
"1012",21,50,100,50,5,0.5,0.5,1,0.5,0.8,3,TRUE,0.9,TRUE,0.75,0,0,"ACPtrial21",1.98567035518544,1.38528849760246,1,0.733333333333333,0.571428571428571,0.953488372093023
"1013",21,50,100,50,5,0.5,0.5,1,0.5,0.8,3,TRUE,0.9,TRUE,0.75,0,0,"ACPtrial21",1.53010654433753,1.94383018312322,1,0.577777777777778,0.3,0.9
"1014",21,50,100,50,5,0.5,0.5,1,0.5,0.8,3,TRUE,0.9,TRUE,0.75,0,0,"ACPtrial21",1.12575227701809,1.59722718367251,1,0.822222222222222,0.375,0.952380952380952
"1015",21,50,100,50,5,0.5,0.5,1,0.5,0.8,3,TRUE,0.9,TRUE,0.75,0,0,"ACPtrial21",2.96952905447915,1.59208623360684,1,0.0222222222222222,0.428571428571429,0.697674418604651
"1016",21,50,100,50,5,0.5,0.5,1,0.5,0.8,3,TRUE,0.9,TRUE,0.75,0,0,"ACPtrial21",1.17795439396372,1.12991648520008,0.4,0.577777777777778,0.25,0.976190476190476
"1017",21,50,100,50,5,0.5,0.5,1,0.5,0.8,3,TRUE,0.9,TRUE,0.75,0,0,"ACPtrial21",1.66111377831549,1.51207816946084,0.8,0.622222222222222,0.571428571428571,0.86046511627907
"1018",21,50,100,50,5,0.5,0.5,1,0.5,0.8,3,TRUE,0.9,TRUE,0.75,0,0,"ACPtrial21",1.73030313652668,1.63630593172864,1,0.488888888888889,0.666666666666667,1
"1019",21,50,100,50,5,0.5,0.5,1,0.5,0.8,3,TRUE,0.9,TRUE,0.75,0,0,"ACPtrial21",1.63743599068482,1.14805774947754,0.6,0.777777777777778,0.25,1
"1020",21,50,100,50,5,0.5,0.5,1,0.5,0.8,3,TRUE,0.9,TRUE,0.75,0,0,"ACPtrial21",2.26415990032679,2.29686130335696,1,0.666666666666667,0.2,1
"1021",21,50,100,50,5,0.5,0.5,1,0.5,0.8,3,TRUE,0.9,TRUE,0.75,0,0,"ACPtrial21",4.14781534377774,1.2364735863695,1,0.333333333333333,0.111111111111111,1
"1022",21,50,100,50,5,0.5,0.5,1,0.5,0.8,3,TRUE,0.9,TRUE,0.75,0,0,"ACPtrial21",2.03710571398357,1.36569157552191,1,0.244444444444444,0.5,0.928571428571429
"1023",21,50,100,50,5,0.5,0.5,1,0.5,0.8,3,TRUE,0.9,TRUE,0.75,0,0,"ACPtrial21",1.16719929842574,1.0697779162168,0.6,0.622222222222222,0.285714285714286,0.953488372093023
"1024",21,50,100,50,5,0.5,0.5,1,0.5,0.8,3,TRUE,0.9,TRUE,0.75,0,0,"ACPtrial21",1.62139271434768,1.70213184417299,1,0.266666666666667,0.5,0.952380952380952
"1025",21,50,100,50,5,0.5,0.5,1,0.5,0.8,3,TRUE,0.9,TRUE,0.75,0,0,"ACPtrial21",2.30314455972677,1.42700084495591,0.8,0.666666666666667,0.6,0.977777777777778
"1026",21,50,100,50,5,0.5,0.5,1,0.5,0.8,3,TRUE,0.9,TRUE,0.75,0,0,"ACPtrial21",1.44449842761347,1.29089110736708,1,0.577777777777778,0.375,0.928571428571429
"1027",21,50,100,50,5,0.5,0.5,1,0.5,0.8,3,TRUE,0.9,TRUE,0.75,0,0,"ACPtrial21",3.5183300590294,2.09770099563086,0.8,0.555555555555556,0.375,0.904761904761905
"1028",21,50,100,50,5,0.5,0.5,1,0.5,0.8,3,TRUE,0.9,TRUE,0.75,0,0,"ACPtrial21",1.20731926102355,1.07575061829671,0.6,0.622222222222222,0.375,0.976190476190476
"1029",21,50,100,50,5,0.5,0.5,1,0.5,0.8,3,TRUE,0.9,TRUE,0.75,0,0,"ACPtrial21",1.18881160642331,1.30424334179511,0.8,0.8,0.333333333333333,0.951219512195122
"1030",21,50,100,50,5,0.5,0.5,1,0.5,0.8,3,TRUE,0.9,TRUE,0.75,0,0,"ACPtrial21",2.67841758846411,1.68574644488001,0.6,0.288888888888889,0.333333333333333,0.902439024390244
"1031",21,50,100,50,5,0.5,0.5,1,0.5,0.8,3,TRUE,0.9,TRUE,0.75,0,0,"ACPtrial21",1.81045528441258,1.74503379850612,0.6,0.644444444444444,0.25,0.976190476190476
"1032",21,50,100,50,5,0.5,0.5,1,0.5,0.8,3,TRUE,0.9,TRUE,0.75,0,0,"ACPtrial21",2.03998619134438,1.38894175195771,1,0.377777777777778,0.625,1
"1033",21,50,100,50,5,0.5,0.5,1,0.5,0.8,3,TRUE,0.9,TRUE,0.75,0,0,"ACPtrial21",4.11646434641457,1.57634353446309,1,0.377777777777778,0.25,1
"1034",21,50,100,50,5,0.5,0.5,1,0.5,0.8,3,TRUE,0.9,TRUE,0.75,0,0,"ACPtrial21",1.03978895403637,1.21135856407664,0.4,0.666666666666667,0.285714285714286,0.976744186046512
"1035",21,50,100,50,5,0.5,0.5,1,0.5,0.8,3,TRUE,0.9,TRUE,0.75,0,0,"ACPtrial21",3.55219254537582,1.34451267356314,0.8,0.355555555555556,0.428571428571429,0.976744186046512
"1036",21,50,100,50,5,0.5,0.5,1,0.5,0.8,3,TRUE,0.9,TRUE,0.75,0,0,"ACPtrial21",3.66199584451176,1.23440692486229,0.8,0.688888888888889,0.333333333333333,1
"1037",21,50,100,50,5,0.5,0.5,1,0.5,0.8,3,TRUE,0.9,TRUE,0.75,0,0,"ACPtrial21",3.75233925540856,1.43474683210267,0.8,0.688888888888889,0.166666666666667,1
"1038",21,50,100,50,5,0.5,0.5,1,0.5,0.8,3,TRUE,0.9,TRUE,0.75,0,0,"ACPtrial21",1.93451126740275,1.39928684245959,1,0.488888888888889,0.625,0.976190476190476
"1039",21,50,100,50,5,0.5,0.5,1,0.5,0.8,3,TRUE,0.9,TRUE,0.75,0,0,"ACPtrial21",1.09153130732909,1.31850094130653,1,0.666666666666667,0.375,0.976190476190476
"1040",21,50,100,50,5,0.5,0.5,1,0.5,0.8,3,TRUE,0.9,TRUE,0.75,0,0,"ACPtrial21",1.28090586214393,1.15707018409086,0.6,0.644444444444444,0.333333333333333,0.954545454545455
"1041",21,50,100,50,5,0.5,0.5,1,0.5,0.8,3,TRUE,0.9,TRUE,0.75,0,0,"ACPtrial21",1.08185707982992,1.11760109550571,0.6,0.422222222222222,0.4,0.925
"1042",21,50,100,50,5,0.5,0.5,1,0.5,0.8,3,TRUE,0.9,TRUE,0.75,0,0,"ACPtrial21",1.27440516326664,1.1073149618585,0.4,0.822222222222222,0.166666666666667,1
"1043",21,50,100,50,5,0.5,0.5,1,0.5,0.8,3,TRUE,0.9,TRUE,0.75,0,0,"ACPtrial21",0.856990094957957,2.71396081340129,1,0.888888888888889,0.333333333333333,0.954545454545455
"1044",21,50,100,50,5,0.5,0.5,1,0.5,0.8,3,TRUE,0.9,TRUE,0.75,0,0,"ACPtrial21",1.19554627123475,1.99131647356778,0.8,0.8,0.375,0.976190476190476
"1045",21,50,100,50,5,0.5,0.5,1,0.5,0.8,3,TRUE,0.9,TRUE,0.75,0,0,"ACPtrial21",1.42886845905584,2.55144328015736,0.6,0.733333333333333,0.285714285714286,0.953488372093023
"1046",21,50,100,50,5,0.5,0.5,1,0.5,0.8,3,TRUE,0.9,TRUE,0.75,0,0,"ACPtrial21",1.44862720083538,1.56491519426491,0.6,0.733333333333333,0.25,1
"1047",21,50,100,50,5,0.5,0.5,1,0.5,0.8,3,TRUE,0.9,TRUE,0.75,0,0,"ACPtrial21",1.54156008062762,1.22278350056177,0.6,0.533333333333333,0.166666666666667,1
"1048",21,50,100,50,5,0.5,0.5,1,0.5,0.8,3,TRUE,0.9,TRUE,0.75,0,0,"ACPtrial21",1.59994186223563,1.54578880989395,1,0.688888888888889,0.8,1
"1049",21,50,100,50,5,0.5,0.5,1,0.5,0.8,3,TRUE,0.9,TRUE,0.75,0,0,"ACPtrial21",1.23059129258791,1.29054491438842,0.8,0.733333333333333,0.4,0.933333333333333
"1050",21,50,100,50,5,0.5,0.5,1,0.5,0.8,3,TRUE,0.9,TRUE,0.75,0,0,"ACPtrial21",1.12761094400388,0.97758995564254,0.6,0.533333333333333,0.222222222222222,0.951219512195122
"1051",22,50,100,50,5,0.5,0.5,1,0.5,0.8,3,TRUE,0.9,TRUE,0.75,0,0,"ACPtrial22",1.46181658249274,1.34904879222264,1,0.755555555555556,0.375,0.976190476190476
"1052",22,50,100,50,5,0.5,0.5,1,0.5,0.8,3,TRUE,0.9,TRUE,0.75,0,0,"ACPtrial22",2.31960017736215,1.7512915643889,0.8,0.8,0.333333333333333,0.977272727272727
"1053",22,50,100,50,5,0.5,0.5,1,0.5,0.8,3,TRUE,0.9,TRUE,0.75,0,0,"ACPtrial22",1.39566847353931,1.2150240442443,1,0.422222222222222,1,0.822222222222222
"1054",22,50,100,50,5,0.5,0.5,1,0.5,0.8,3,TRUE,0.9,TRUE,0.75,0,0,"ACPtrial22",1.62721127454048,1.313897262018,0.8,0.422222222222222,0.333333333333333,0.954545454545455
"1055",22,50,100,50,5,0.5,0.5,1,0.5,0.8,3,TRUE,0.9,TRUE,0.75,0,0,"ACPtrial22",1.2135788429842,1.06153462653768,0.8,0.666666666666667,0.4,1
"1056",22,50,100,50,5,0.5,0.5,1,0.5,0.8,3,TRUE,0.9,TRUE,0.75,0,0,"ACPtrial22",1.65149726254419,1.1896515957751,1,0.444444444444444,0.222222222222222,1
"1057",22,50,100,50,5,0.5,0.5,1,0.5,0.8,3,TRUE,0.9,TRUE,0.75,0,0,"ACPtrial22",0.971699033887107,1.03899252967929,0.6,0.488888888888889,0.4,0.977777777777778
"1058",22,50,100,50,5,0.5,0.5,1,0.5,0.8,3,TRUE,0.9,TRUE,0.75,0,0,"ACPtrial22",1.14105186106313,1.50496580775219,1,0.622222222222222,0.428571428571429,0.976744186046512
"1059",22,50,100,50,5,0.5,0.5,1,0.5,0.8,3,TRUE,0.9,TRUE,0.75,0,0,"ACPtrial22",1.21304524276278,1.54595572407734,1,0.733333333333333,0.444444444444444,0.951219512195122
"1060",22,50,100,50,5,0.5,0.5,1,0.5,0.8,3,TRUE,0.9,TRUE,0.75,0,0,"ACPtrial22",1.60426066097302,1.47011172380937,1,0.688888888888889,0.6,0.955555555555556
"1061",22,50,100,50,5,0.5,0.5,1,0.5,0.8,3,TRUE,0.9,TRUE,0.75,0,0,"ACPtrial22",1.23223303124904,1.2501510154596,0.8,0.577777777777778,0.666666666666667,0.977272727272727
"1062",22,50,100,50,5,0.5,0.5,1,0.5,0.8,3,TRUE,0.9,TRUE,0.75,0,0,"ACPtrial22",2.76980250491011,1.2152648685841,0.6,0.511111111111111,0.285714285714286,0.976744186046512
"1063",22,50,100,50,5,0.5,0.5,1,0.5,0.8,3,TRUE,0.9,TRUE,0.75,0,0,"ACPtrial22",1.82139025560348,1.45963015491514,1,0.422222222222222,0.333333333333333,0.951219512195122
"1064",22,50,100,50,5,0.5,0.5,1,0.5,0.8,3,TRUE,0.9,TRUE,0.75,0,0,"ACPtrial22",1.56712091946321,1.53729173777105,1,0.6,0.333333333333333,1
"1065",22,50,100,50,5,0.5,0.5,1,0.5,0.8,3,TRUE,0.9,TRUE,0.75,0,0,"ACPtrial22",1.39304620164676,1.3916221712605,1,0.488888888888889,0.222222222222222,0.975609756097561
"1066",22,50,100,50,5,0.5,0.5,1,0.5,0.8,3,TRUE,0.9,TRUE,0.75,0,0,"ACPtrial22",4.44808493289052,1.76901419598408,1,0.2,0.333333333333333,0.977272727272727
"1067",22,50,100,50,5,0.5,0.5,1,0.5,0.8,3,TRUE,0.9,TRUE,0.75,0,0,"ACPtrial22",1.91618725263403,1.56851757289631,0.8,0.4,0.5,0.976190476190476
"1068",22,50,100,50,5,0.5,0.5,1,0.5,0.8,3,TRUE,0.9,TRUE,0.75,0,0,"ACPtrial22",1.65109239662745,1.63405719491678,0.4,0.466666666666667,0.285714285714286,0.930232558139535
"1069",22,50,100,50,5,0.5,0.5,1,0.5,0.8,3,TRUE,0.9,TRUE,0.75,0,0,"ACPtrial22",1.63055801077388,1.64105246347588,1,0.177777777777778,0.833333333333333,0.863636363636364
"1070",22,50,100,50,5,0.5,0.5,1,0.5,0.8,3,TRUE,0.9,TRUE,0.75,0,0,"ACPtrial22",1.82343524572478,1.77695136330959,0.8,0.422222222222222,0.25,1
"1071",22,50,100,50,5,0.5,0.5,1,0.5,0.8,3,TRUE,0.9,TRUE,0.75,0,0,"ACPtrial22",1.10725434022555,1.26195912684244,0.6,0.622222222222222,0.25,0.952380952380952
"1072",22,50,100,50,5,0.5,0.5,1,0.5,0.8,3,TRUE,0.9,TRUE,0.75,0,0,"ACPtrial22",0.905640229868488,1.14848043990969,0.6,0.688888888888889,0.222222222222222,1
"1073",22,50,100,50,5,0.5,0.5,1,0.5,0.8,3,TRUE,0.9,TRUE,0.75,0,0,"ACPtrial22",3.00336644045072,1.43179013465592,0.6,0.622222222222222,0.333333333333333,0.931818181818182
"1074",22,50,100,50,5,0.5,0.5,1,0.5,0.8,3,TRUE,0.9,TRUE,0.75,0,0,"ACPtrial22",1.50003515778265,1.42857889506984,0.6,0.711111111111111,0.25,0.976190476190476
"1075",22,50,100,50,5,0.5,0.5,1,0.5,0.8,3,TRUE,0.9,TRUE,0.75,0,0,"ACPtrial22",2.00000221932977,2.06003396691354,0.8,0.288888888888889,0.285714285714286,0.976744186046512
"1076",22,50,100,50,5,0.5,0.5,1,0.5,0.8,3,TRUE,0.9,TRUE,0.75,0,0,"ACPtrial22",1.50604749630902,1.34320980002748,0.8,0.644444444444444,0.375,0.952380952380952
"1077",22,50,100,50,5,0.5,0.5,1,0.5,0.8,3,TRUE,0.9,TRUE,0.75,0,0,"ACPtrial22",1.18558683681516,1.25769627493094,0.6,0.644444444444444,0.375,0.928571428571429
"1078",22,50,100,50,5,0.5,0.5,1,0.5,0.8,3,TRUE,0.9,TRUE,0.75,0,0,"ACPtrial22",1.94493769309797,1.34606287024486,0.8,0.8,0.666666666666667,1
"1079",22,50,100,50,5,0.5,0.5,1,0.5,0.8,3,TRUE,0.9,TRUE,0.75,0,0,"ACPtrial22",1.13374006434665,1.61352494289513,1,0.688888888888889,0.5,1
"1080",22,50,100,50,5,0.5,0.5,1,0.5,0.8,3,TRUE,0.9,TRUE,0.75,0,0,"ACPtrial22",3.62254421427456,1.33983161699281,1,0.0888888888888889,0.428571428571429,0.930232558139535
"1081",22,50,100,50,5,0.5,0.5,1,0.5,0.8,3,TRUE,0.9,TRUE,0.75,0,0,"ACPtrial22",1.69302394532359,1.89407906269514,1,0.711111111111111,0.333333333333333,0.926829268292683
"1082",22,50,100,50,5,0.5,0.5,1,0.5,0.8,3,TRUE,0.9,TRUE,0.75,0,0,"ACPtrial22",6.3008058843183,3.20754189592517,0.8,0.777777777777778,0.375,1
"1083",22,50,100,50,5,0.5,0.5,1,0.5,0.8,3,TRUE,0.9,TRUE,0.75,0,0,"ACPtrial22",1.29807886631435,1.08562783049551,0.8,0.533333333333333,0.428571428571429,0.953488372093023
"1084",22,50,100,50,5,0.5,0.5,1,0.5,0.8,3,TRUE,0.9,TRUE,0.75,0,0,"ACPtrial22",2.650397319454,1.76372877563002,1,0.666666666666667,0.416666666666667,0.973684210526316
"1085",22,50,100,50,5,0.5,0.5,1,0.5,0.8,3,TRUE,0.9,TRUE,0.75,0,0,"ACPtrial22",1.34538591741567,1.13494478214017,0.6,0.444444444444444,0.333333333333333,0.975609756097561
"1086",22,50,100,50,5,0.5,0.5,1,0.5,0.8,3,TRUE,0.9,TRUE,0.75,0,0,"ACPtrial22",1.17381097652236,1.06661225942015,0.8,0.755555555555556,0.333333333333333,0.954545454545455
"1087",22,50,100,50,5,0.5,0.5,1,0.5,0.8,3,TRUE,0.9,TRUE,0.75,0,0,"ACPtrial22",1.31851386735407,1.43058392193464,0.8,0.466666666666667,0.333333333333333,0.886363636363636
"1088",22,50,100,50,5,0.5,0.5,1,0.5,0.8,3,TRUE,0.9,TRUE,0.75,0,0,"ACPtrial22",2.07816898087115,2.24707088235269,0.8,0.666666666666667,0.5,0.886363636363636
"1089",22,50,100,50,5,0.5,0.5,1,0.5,0.8,3,TRUE,0.9,TRUE,0.75,0,0,"ACPtrial22",1.45192171790876,4.5155682410093,1,0.688888888888889,0.5,0.954545454545455
"1090",22,50,100,50,5,0.5,0.5,1,0.5,0.8,3,TRUE,0.9,TRUE,0.75,0,0,"ACPtrial22",1.84027574099982,1.43470808666667,1,0.555555555555556,0.714285714285714,0.930232558139535
"1091",22,50,100,50,5,0.5,0.5,1,0.5,0.8,3,TRUE,0.9,TRUE,0.75,0,0,"ACPtrial22",3.66287137527397,1.32575078881487,0.4,0.444444444444444,0.285714285714286,1
"1092",22,50,100,50,5,0.5,0.5,1,0.5,0.8,3,TRUE,0.9,TRUE,0.75,0,0,"ACPtrial22",1.31276986614534,1.61465680893599,0.8,0.755555555555556,0.666666666666667,0.954545454545455
"1093",22,50,100,50,5,0.5,0.5,1,0.5,0.8,3,TRUE,0.9,TRUE,0.75,0,0,"ACPtrial22",1.26822931370984,1.16033226816154,0.4,0.555555555555556,0.333333333333333,0.931818181818182
"1094",22,50,100,50,5,0.5,0.5,1,0.5,0.8,3,TRUE,0.9,TRUE,0.75,0,0,"ACPtrial22",1.44328373000572,1.22015292923069,0.6,0.666666666666667,0.222222222222222,0.951219512195122
"1095",22,50,100,50,5,0.5,0.5,1,0.5,0.8,3,TRUE,0.9,TRUE,0.75,0,0,"ACPtrial22",5.74558774479325,4.83841333393953,0.6,0.644444444444444,0.333333333333333,0.975609756097561
"1096",22,50,100,50,5,0.5,0.5,1,0.5,0.8,3,TRUE,0.9,TRUE,0.75,0,0,"ACPtrial22",1.51322765209641,1.61126507304282,0.6,0.866666666666667,0.375,0.976190476190476
"1097",22,50,100,50,5,0.5,0.5,1,0.5,0.8,3,TRUE,0.9,TRUE,0.75,0,0,"ACPtrial22",1.32624643184352,0.969873831618416,0.6,0.644444444444444,0.4,0.977777777777778
"1098",22,50,100,50,5,0.5,0.5,1,0.5,0.8,3,TRUE,0.9,TRUE,0.75,0,0,"ACPtrial22",1.23777169213618,3.2964262899728,0.6,0.622222222222222,0.5,0.928571428571429
"1099",22,50,100,50,5,0.5,0.5,1,0.5,0.8,3,TRUE,0.9,TRUE,0.75,0,0,"ACPtrial22",2.71706285338377,1.97128437250757,1,0.511111111111111,0.5,1
"1100",22,50,100,50,5,0.5,0.5,1,0.5,0.8,3,TRUE,0.9,TRUE,0.75,0,0,"ACPtrial22",3.14085747548466,1.78476780476769,1,0.422222222222222,0.571428571428571,1
"1101",23,50,100,50,5,0.5,0.5,1,0.5,0.8,3,TRUE,0.9,TRUE,0.75,0,0,"ACPtrial23",2.47825295465748,1.69636132141699,0.8,0.711111111111111,0.666666666666667,0.931818181818182
"1102",23,50,100,50,5,0.5,0.5,1,0.5,0.8,3,TRUE,0.9,TRUE,0.75,0,0,"ACPtrial23",1.2580028454692,0.956574722362683,0.4,0.622222222222222,0.333333333333333,0.977272727272727
"1103",23,50,100,50,5,0.5,0.5,1,0.5,0.8,3,TRUE,0.9,TRUE,0.75,0,0,"ACPtrial23",1.80534969531212,1.79365207443539,0.8,0.466666666666667,0.625,0.928571428571429
"1104",23,50,100,50,5,0.5,0.5,1,0.5,0.8,3,TRUE,0.9,TRUE,0.75,0,0,"ACPtrial23",2.26627698561535,1.31888448099808,1,0.577777777777778,0.714285714285714,0.976744186046512
"1105",23,50,100,50,5,0.5,0.5,1,0.5,0.8,3,TRUE,0.9,TRUE,0.75,0,0,"ACPtrial23",1.93965838222434,1.52805776521358,1,0.355555555555556,0.272727272727273,0.974358974358974
"1106",23,50,100,50,5,0.5,0.5,1,0.5,0.8,3,TRUE,0.9,TRUE,0.75,0,0,"ACPtrial23",0.934156246416383,1.4551508518669,0.6,0.711111111111111,0.6,1
"1107",23,50,100,50,5,0.5,0.5,1,0.5,0.8,3,TRUE,0.9,TRUE,0.75,0,0,"ACPtrial23",1.49248886072593,1.11814573929229,1,0.288888888888889,0.714285714285714,0.906976744186046
"1108",23,50,100,50,5,0.5,0.5,1,0.5,0.8,3,TRUE,0.9,TRUE,0.75,0,0,"ACPtrial23",1.37987767554592,1.5191182915765,0.8,0.577777777777778,0.333333333333333,1
"1109",23,50,100,50,5,0.5,0.5,1,0.5,0.8,3,TRUE,0.9,TRUE,0.75,0,0,"ACPtrial23",1.62146879997662,1.34477951910673,0.6,0.666666666666667,0.25,1
"1110",23,50,100,50,5,0.5,0.5,1,0.5,0.8,3,TRUE,0.9,TRUE,0.75,0,0,"ACPtrial23",1.81706684879981,1.50603356374269,0.6,0.755555555555556,0.25,1
"1111",23,50,100,50,5,0.5,0.5,1,0.5,0.8,3,TRUE,0.9,TRUE,0.75,0,0,"ACPtrial23",1.44524713187828,1.86925555252695,0.4,0.577777777777778,0.5,0.954545454545455
"1112",23,50,100,50,5,0.5,0.5,1,0.5,0.8,3,TRUE,0.9,TRUE,0.75,0,0,"ACPtrial23",1.18882253749243,1.18946944796305,0.8,0.755555555555556,0.2,1
"1113",23,50,100,50,5,0.5,0.5,1,0.5,0.8,3,TRUE,0.9,TRUE,0.75,0,0,"ACPtrial23",2.02373465799135,1.32324190388196,0.6,0.866666666666667,0.428571428571429,0.976744186046512
"1114",23,50,100,50,5,0.5,0.5,1,0.5,0.8,3,TRUE,0.9,TRUE,0.75,0,0,"ACPtrial23",0.963015706529127,1.1721760159366,1,0.577777777777778,0.6,0.911111111111111
"1115",23,50,100,50,5,0.5,0.5,1,0.5,0.8,3,TRUE,0.9,TRUE,0.75,0,0,"ACPtrial23",1.55501302162379,1.35082428441735,1,0.333333333333333,0.714285714285714,0.953488372093023
"1116",23,50,100,50,5,0.5,0.5,1,0.5,0.8,3,TRUE,0.9,TRUE,0.75,0,0,"ACPtrial23",3.57217285429329,1.07924823689197,1,0.0444444444444444,0.333333333333333,1
"1117",23,50,100,50,5,0.5,0.5,1,0.5,0.8,3,TRUE,0.9,TRUE,0.75,0,0,"ACPtrial23",7.87516924543107,8.23074947045225,0.8,0.6,0.333333333333333,0.886363636363636
"1118",23,50,100,50,5,0.5,0.5,1,0.5,0.8,3,TRUE,0.9,TRUE,0.75,0,0,"ACPtrial23",2.56443332731424,1.78358816475644,0.6,0.822222222222222,0.285714285714286,0.953488372093023
"1119",23,50,100,50,5,0.5,0.5,1,0.5,0.8,3,TRUE,0.9,TRUE,0.75,0,0,"ACPtrial23",0.983578042558001,1.25573200916776,0.4,0.888888888888889,0.4,1
"1120",23,50,100,50,5,0.5,0.5,1,0.5,0.8,3,TRUE,0.9,TRUE,0.75,0,0,"ACPtrial23",3.92686283170537,1.86254961859108,0.8,0.577777777777778,0.5,0.952380952380952
"1121",23,50,100,50,5,0.5,0.5,1,0.5,0.8,3,TRUE,0.9,TRUE,0.75,0,0,"ACPtrial23",1.56448290888118,1.64917591913963,0.8,0.644444444444444,0.555555555555556,0.926829268292683
"1122",23,50,100,50,5,0.5,0.5,1,0.5,0.8,3,TRUE,0.9,TRUE,0.75,0,0,"ACPtrial23",2.06663645606238,2.04688782345282,0.6,0.622222222222222,0.222222222222222,0.975609756097561
"1123",23,50,100,50,5,0.5,0.5,1,0.5,0.8,3,TRUE,0.9,TRUE,0.75,0,0,"ACPtrial23",1.12080849317762,1.17471241207362,0.8,0.8,0.375,1
"1124",23,50,100,50,5,0.5,0.5,1,0.5,0.8,3,TRUE,0.9,TRUE,0.75,0,0,"ACPtrial23",2.05870865050687,2.11849800494228,0.8,0.488888888888889,0.4,1
"1125",23,50,100,50,5,0.5,0.5,1,0.5,0.8,3,TRUE,0.9,TRUE,0.75,0,0,"ACPtrial23",1.7754506543238,1.22035514842714,0.8,0.644444444444444,0.4,0.977777777777778
"1126",23,50,100,50,5,0.5,0.5,1,0.5,0.8,3,TRUE,0.9,TRUE,0.75,0,0,"ACPtrial23",2.00905715165339,2.77768086634588,0.8,0.488888888888889,0.285714285714286,0.976744186046512
"1127",23,50,100,50,5,0.5,0.5,1,0.5,0.8,3,TRUE,0.9,TRUE,0.75,0,0,"ACPtrial23",3.70439555741394,3.51201774290539,0.4,0.511111111111111,0.4,0.955555555555556
"1128",23,50,100,50,5,0.5,0.5,1,0.5,0.8,3,TRUE,0.9,TRUE,0.75,0,0,"ACPtrial23",1.08241639609039,1.49265705118564,1,0.688888888888889,0.428571428571429,0.906976744186046
"1129",23,50,100,50,5,0.5,0.5,1,0.5,0.8,3,TRUE,0.9,TRUE,0.75,0,0,"ACPtrial23",1.97889871466512,1.42476466696332,1,0.488888888888889,0.454545454545455,1
"1130",23,50,100,50,5,0.5,0.5,1,0.5,0.8,3,TRUE,0.9,TRUE,0.75,0,0,"ACPtrial23",1.22380188312008,1.43486432422175,1,0.511111111111111,0.285714285714286,0.906976744186046
"1131",23,50,100,50,5,0.5,0.5,1,0.5,0.8,3,TRUE,0.9,TRUE,0.75,0,0,"ACPtrial23",5.97366486128937,1.77422003223282,0.8,0.222222222222222,0.125,0.952380952380952
"1132",23,50,100,50,5,0.5,0.5,1,0.5,0.8,3,TRUE,0.9,TRUE,0.75,0,0,"ACPtrial23",2.53347980975177,1.08829297116456,1,0.333333333333333,0.333333333333333,0.977272727272727
"1133",23,50,100,50,5,0.5,0.5,1,0.5,0.8,3,TRUE,0.9,TRUE,0.75,0,0,"ACPtrial23",2.40675329192241,1.57272636729,1,0.533333333333333,0.428571428571429,0.976744186046512
"1134",23,50,100,50,5,0.5,0.5,1,0.5,0.8,3,TRUE,0.9,TRUE,0.75,0,0,"ACPtrial23",1.18241716903481,1.51277334308532,1,0.755555555555556,0.375,1
"1135",23,50,100,50,5,0.5,0.5,1,0.5,0.8,3,TRUE,0.9,TRUE,0.75,0,0,"ACPtrial23",2.25314318181313,1.32533256061443,1,0.311111111111111,0.428571428571429,0.976744186046512
"1136",23,50,100,50,5,0.5,0.5,1,0.5,0.8,3,TRUE,0.9,TRUE,0.75,0,0,"ACPtrial23",1.52380227448828,1.77520098270582,0.6,0.622222222222222,0.5,0.954545454545455
"1137",23,50,100,50,5,0.5,0.5,1,0.5,0.8,3,TRUE,0.9,TRUE,0.75,0,0,"ACPtrial23",1.02249697126513,0.960461686356165,0.4,0.8,0.333333333333333,1
"1138",23,50,100,50,5,0.5,0.5,1,0.5,0.8,3,TRUE,0.9,TRUE,0.75,0,0,"ACPtrial23",2.8438228443576,1.73541809989399,1,0.288888888888889,0.5,0.954545454545455
"1139",23,50,100,50,5,0.5,0.5,1,0.5,0.8,3,TRUE,0.9,TRUE,0.75,0,0,"ACPtrial23",3.52073770224095,1.72629172324196,0.6,0.688888888888889,0.25,0.976190476190476
"1140",23,50,100,50,5,0.5,0.5,1,0.5,0.8,3,TRUE,0.9,TRUE,0.75,0,0,"ACPtrial23",14.1747236585914,3.70706234275398,1,0.577777777777778,0.333333333333333,0.977272727272727
"1141",23,50,100,50,5,0.5,0.5,1,0.5,0.8,3,TRUE,0.9,TRUE,0.75,0,0,"ACPtrial23",30.5786019198511,5.33575643351869,0.4,0.466666666666667,0.25,1
"1142",23,50,100,50,5,0.5,0.5,1,0.5,0.8,3,TRUE,0.9,TRUE,0.75,0,0,"ACPtrial23",2.25618661280392,1.58997036826217,1,0.333333333333333,0.428571428571429,0.906976744186046
"1143",23,50,100,50,5,0.5,0.5,1,0.5,0.8,3,TRUE,0.9,TRUE,0.75,0,0,"ACPtrial23",3.71492351412113,1.51614442046442,1,0.711111111111111,0.444444444444444,0.975609756097561
"1144",23,50,100,50,5,0.5,0.5,1,0.5,0.8,3,TRUE,0.9,TRUE,0.75,0,0,"ACPtrial23",2.24982864687771,1.51226150011485,1,0.355555555555556,0.111111111111111,1
"1145",23,50,100,50,5,0.5,0.5,1,0.5,0.8,3,TRUE,0.9,TRUE,0.75,0,0,"ACPtrial23",1.02793978125385,1.30658594592408,1,0.688888888888889,0.5,1
"1146",23,50,100,50,5,0.5,0.5,1,0.5,0.8,3,TRUE,0.9,TRUE,0.75,0,0,"ACPtrial23",4.82511395132833,1.43383424419882,1,0.177777777777778,0.333333333333333,0.975609756097561
"1147",23,50,100,50,5,0.5,0.5,1,0.5,0.8,3,TRUE,0.9,TRUE,0.75,0,0,"ACPtrial23",2.11425268161282,1.38770072742484,1,0.355555555555556,0.625,0.976190476190476
"1148",23,50,100,50,5,0.5,0.5,1,0.5,0.8,3,TRUE,0.9,TRUE,0.75,0,0,"ACPtrial23",1.54184140955601,1.18410652836446,0.8,0.733333333333333,0.428571428571429,0.953488372093023
"1149",23,50,100,50,5,0.5,0.5,1,0.5,0.8,3,TRUE,0.9,TRUE,0.75,0,0,"ACPtrial23",1.45929151862152,1.86571024567816,0.8,0.511111111111111,0.428571428571429,1
"1150",23,50,100,50,5,0.5,0.5,1,0.5,0.8,3,TRUE,0.9,TRUE,0.75,0,0,"ACPtrial23",1.76433627930181,1.67497123299542,0.6,0.755555555555556,0.285714285714286,1
"1151",24,50,100,50,5,0.5,0.5,1,0.5,0.8,3,TRUE,0.9,TRUE,0.75,0,0,"ACPtrial24",5.37189107800505,2.20943249141159,1,0.111111111111111,0.4,0.955555555555556
"1152",24,50,100,50,5,0.5,0.5,1,0.5,0.8,3,TRUE,0.9,TRUE,0.75,0,0,"ACPtrial24",0.813089870453247,1.01637397821667,0.8,0.555555555555556,0.285714285714286,0.930232558139535
"1153",24,50,100,50,5,0.5,0.5,1,0.5,0.8,3,TRUE,0.9,TRUE,0.75,0,0,"ACPtrial24",1.28890252707536,1.59200979675335,1,0.6,0.272727272727273,1
"1154",24,50,100,50,5,0.5,0.5,1,0.5,0.8,3,TRUE,0.9,TRUE,0.75,0,0,"ACPtrial24",2.05259413119116,1.84853509989121,0.8,0.644444444444444,0.25,0.976190476190476
"1155",24,50,100,50,5,0.5,0.5,1,0.5,0.8,3,TRUE,0.9,TRUE,0.75,0,0,"ACPtrial24",2.33014776952251,1.14178749316084,0.6,0.444444444444444,0.5,0.977272727272727
"1156",24,50,100,50,5,0.5,0.5,1,0.5,0.8,3,TRUE,0.9,TRUE,0.75,0,0,"ACPtrial24",1.42355743886183,1.33479036625819,0.8,0.688888888888889,0.333333333333333,0.951219512195122
"1157",24,50,100,50,5,0.5,0.5,1,0.5,0.8,3,TRUE,0.9,TRUE,0.75,0,0,"ACPtrial24",1.29718604922299,1.14088522060385,0.6,0.6,0.333333333333333,0.977272727272727
"1158",24,50,100,50,5,0.5,0.5,1,0.5,0.8,3,TRUE,0.9,TRUE,0.75,0,0,"ACPtrial24",1.55502590068558,1.35849837581758,0.8,0.644444444444444,0.666666666666667,0.931818181818182
"1159",24,50,100,50,5,0.5,0.5,1,0.5,0.8,3,TRUE,0.9,TRUE,0.75,0,0,"ACPtrial24",1.23469162891956,1.37168787620117,0.4,0.8,0.333333333333333,1
"1160",24,50,100,50,5,0.5,0.5,1,0.5,0.8,3,TRUE,0.9,TRUE,0.75,0,0,"ACPtrial24",1.94098539641051,1.46601336770812,1,0.488888888888889,0.833333333333333,0.954545454545455
"1161",24,50,100,50,5,0.5,0.5,1,0.5,0.8,3,TRUE,0.9,TRUE,0.75,0,0,"ACPtrial24",1.28293051275001,1.47722775383059,0.8,0.577777777777778,0.375,0.952380952380952
"1162",24,50,100,50,5,0.5,0.5,1,0.5,0.8,3,TRUE,0.9,TRUE,0.75,0,0,"ACPtrial24",2.58920842084425,0.98146391074623,0.8,0.377777777777778,0.25,1
"1163",24,50,100,50,5,0.5,0.5,1,0.5,0.8,3,TRUE,0.9,TRUE,0.75,0,0,"ACPtrial24",2.66786245153467,1.16725475686919,0.8,0.0444444444444444,0.4,0.933333333333333
"1164",24,50,100,50,5,0.5,0.5,1,0.5,0.8,3,TRUE,0.9,TRUE,0.75,0,0,"ACPtrial24",1.73561699527733,1.61377987800826,1,0.466666666666667,0.375,0.928571428571429
"1165",24,50,100,50,5,0.5,0.5,1,0.5,0.8,3,TRUE,0.9,TRUE,0.75,0,0,"ACPtrial24",1.9994674634155,1.09396075717852,0.6,0.644444444444444,0.2,0.975
"1166",24,50,100,50,5,0.5,0.5,1,0.5,0.8,3,TRUE,0.9,TRUE,0.75,0,0,"ACPtrial24",1.82090517248801,1.58540431036752,1,0.488888888888889,0.4,0.925
"1167",24,50,100,50,5,0.5,0.5,1,0.5,0.8,3,TRUE,0.9,TRUE,0.75,0,0,"ACPtrial24",1.30840398309034,1.34742316271796,0.6,0.733333333333333,0.181818181818182,0.923076923076923
"1168",24,50,100,50,5,0.5,0.5,1,0.5,0.8,3,TRUE,0.9,TRUE,0.75,0,0,"ACPtrial24",2.05696857653534,1.11573531008314,0.8,0.844444444444444,0.25,1
"1169",24,50,100,50,5,0.5,0.5,1,0.5,0.8,3,TRUE,0.9,TRUE,0.75,0,0,"ACPtrial24",2.27218580777515,1.01910791635054,0.8,0.222222222222222,0.285714285714286,1
"1170",24,50,100,50,5,0.5,0.5,1,0.5,0.8,3,TRUE,0.9,TRUE,0.75,0,0,"ACPtrial24",1.71198962582087,1.21423824906219,0.8,0.533333333333333,0.8,0.933333333333333
"1171",24,50,100,50,5,0.5,0.5,1,0.5,0.8,3,TRUE,0.9,TRUE,0.75,0,0,"ACPtrial24",2.70099171388801,1.83468142617699,1,0.444444444444444,0.625,1
"1172",24,50,100,50,5,0.5,0.5,1,0.5,0.8,3,TRUE,0.9,TRUE,0.75,0,0,"ACPtrial24",2.43978495347183,1.71006148451655,0.8,0.511111111111111,0.375,0.952380952380952
"1173",24,50,100,50,5,0.5,0.5,1,0.5,0.8,3,TRUE,0.9,TRUE,0.75,0,0,"ACPtrial24",1.99843374074062,1.11759136423505,0.8,0.511111111111111,0.285714285714286,0.976744186046512
"1174",24,50,100,50,5,0.5,0.5,1,0.5,0.8,3,TRUE,0.9,TRUE,0.75,0,0,"ACPtrial24",2.20797835502368,1.52082858620836,0.6,0.8,0.285714285714286,0.953488372093023
"1175",24,50,100,50,5,0.5,0.5,1,0.5,0.8,3,TRUE,0.9,TRUE,0.75,0,0,"ACPtrial24",1.84055830034332,1.43700882986261,1,0.466666666666667,0.555555555555556,1
"1176",24,50,100,50,5,0.5,0.5,1,0.5,0.8,3,TRUE,0.9,TRUE,0.75,0,0,"ACPtrial24",2.63562422144012,1.24731506998407,1,0.4,0.666666666666667,1
"1177",24,50,100,50,5,0.5,0.5,1,0.5,0.8,3,TRUE,0.9,TRUE,0.75,0,0,"ACPtrial24",1.26900405362128,1.53297981599219,0.4,0.6,0.333333333333333,0.954545454545455
"1178",24,50,100,50,5,0.5,0.5,1,0.5,0.8,3,TRUE,0.9,TRUE,0.75,0,0,"ACPtrial24",1.62258886649608,1.6954865397336,1,0.555555555555556,0.375,0.904761904761905
"1179",24,50,100,50,5,0.5,0.5,1,0.5,0.8,3,TRUE,0.9,TRUE,0.75,0,0,"ACPtrial24",2.72090916620987,2.12343932445849,1,0.377777777777778,0.375,0.928571428571429
"1180",24,50,100,50,5,0.5,0.5,1,0.5,0.8,3,TRUE,0.9,TRUE,0.75,0,0,"ACPtrial24",1.60750986387537,1.240555623007,1,0.288888888888889,0.5,0.977272727272727
"1181",24,50,100,50,5,0.5,0.5,1,0.5,0.8,3,TRUE,0.9,TRUE,0.75,0,0,"ACPtrial24",2.80326080442619,2.98909833806394,1,0.533333333333333,0.285714285714286,0.976744186046512
"1182",24,50,100,50,5,0.5,0.5,1,0.5,0.8,3,TRUE,0.9,TRUE,0.75,0,0,"ACPtrial24",1.51383468968579,1.73314887288865,0.8,0.6,0.333333333333333,0.926829268292683
"1183",24,50,100,50,5,0.5,0.5,1,0.5,0.8,3,TRUE,0.9,TRUE,0.75,0,0,"ACPtrial24",1.20795820832346,1.36185997242204,0.8,0.822222222222222,0.2,0.9
"1184",24,50,100,50,5,0.5,0.5,1,0.5,0.8,3,TRUE,0.9,TRUE,0.75,0,0,"ACPtrial24",2.51876579677894,1.88332357323401,1,0.666666666666667,0.5,0.977272727272727
"1185",24,50,100,50,5,0.5,0.5,1,0.5,0.8,3,TRUE,0.9,TRUE,0.75,0,0,"ACPtrial24",2.0107393876931,1.7029391867218,0.8,0.377777777777778,0.5,0.977272727272727
"1186",24,50,100,50,5,0.5,0.5,1,0.5,0.8,3,TRUE,0.9,TRUE,0.75,0,0,"ACPtrial24",1.32909270945629,1.29474835603439,1,0.533333333333333,1,0.933333333333333
"1187",24,50,100,50,5,0.5,0.5,1,0.5,0.8,3,TRUE,0.9,TRUE,0.75,0,0,"ACPtrial24",3.62438204322213,1.03901775035793,1,0,0.714285714285714,0.976744186046512
"1188",24,50,100,50,5,0.5,0.5,1,0.5,0.8,3,TRUE,0.9,TRUE,0.75,0,0,"ACPtrial24",1.82078646627651,1.65478330091959,0.8,0.711111111111111,0.166666666666667,0.954545454545455
"1189",24,50,100,50,5,0.5,0.5,1,0.5,0.8,3,TRUE,0.9,TRUE,0.75,0,0,"ACPtrial24",1.89314579502663,1.72238140105488,0.8,0.511111111111111,0.428571428571429,0.976744186046512
"1190",24,50,100,50,5,0.5,0.5,1,0.5,0.8,3,TRUE,0.9,TRUE,0.75,0,0,"ACPtrial24",1.24433633496006,1.08150320034144,1,0.622222222222222,0.666666666666667,1
"1191",24,50,100,50,5,0.5,0.5,1,0.5,0.8,3,TRUE,0.9,TRUE,0.75,0,0,"ACPtrial24",2.80979238722661,2.4064694284508,1,0.311111111111111,0.5,0.928571428571429
"1192",24,50,100,50,5,0.5,0.5,1,0.5,0.8,3,TRUE,0.9,TRUE,0.75,0,0,"ACPtrial24",2.69438031108962,1.52391814249341,1,0.288888888888889,0.428571428571429,1
"1193",24,50,100,50,5,0.5,0.5,1,0.5,0.8,3,TRUE,0.9,TRUE,0.75,0,0,"ACPtrial24",2.64903601130167,1.81344699158315,1,0.466666666666667,0.428571428571429,0.953488372093023
"1194",24,50,100,50,5,0.5,0.5,1,0.5,0.8,3,TRUE,0.9,TRUE,0.75,0,0,"ACPtrial24",2.69735606590869,1.27159631808218,0.8,0.444444444444444,0.375,0.928571428571429
"1195",24,50,100,50,5,0.5,0.5,1,0.5,0.8,3,TRUE,0.9,TRUE,0.75,0,0,"ACPtrial24",1.1915311845471,1.83732774735888,1,0.444444444444444,0.666666666666667,0.977272727272727
"1196",24,50,100,50,5,0.5,0.5,1,0.5,0.8,3,TRUE,0.9,TRUE,0.75,0,0,"ACPtrial24",1.05731786810592,1.22628924796077,0.4,0.711111111111111,0.333333333333333,1
"1197",24,50,100,50,5,0.5,0.5,1,0.5,0.8,3,TRUE,0.9,TRUE,0.75,0,0,"ACPtrial24",1.32416380486588,1.50426765236864,1,0.555555555555556,0.285714285714286,0.976744186046512
"1198",24,50,100,50,5,0.5,0.5,1,0.5,0.8,3,TRUE,0.9,TRUE,0.75,0,0,"ACPtrial24",0.811723052955972,1.26245792521995,0.6,0.822222222222222,0.428571428571429,1
"1199",24,50,100,50,5,0.5,0.5,1,0.5,0.8,3,TRUE,0.9,TRUE,0.75,0,0,"ACPtrial24",1.61982958092856,1.24042885977038,0.6,0.577777777777778,0.333333333333333,0.954545454545455
"1200",24,50,100,50,5,0.5,0.5,1,0.5,0.8,3,TRUE,0.9,TRUE,0.75,0,0,"ACPtrial24",1.89710465052261,1.16745473228029,0.4,0.4,0.25,1
"1201",25,50,100,50,5,0.5,0.5,1,0.5,0.8,3,TRUE,0.9,TRUE,0.75,0,0,"ACPtrial25",4.24223563729512,1.87226693550272,1,0.311111111111111,0.5,0.977272727272727
"1202",25,50,100,50,5,0.5,0.5,1,0.5,0.8,3,TRUE,0.9,TRUE,0.75,0,0,"ACPtrial25",2.72586192664156,1.49879012493942,1,0.577777777777778,0.272727272727273,0.974358974358974
"1203",25,50,100,50,5,0.5,0.5,1,0.5,0.8,3,TRUE,0.9,TRUE,0.75,0,0,"ACPtrial25",4.02189480580158,0.97170847867422,0.4,0.311111111111111,0.428571428571429,1
"1204",25,50,100,50,5,0.5,0.5,1,0.5,0.8,3,TRUE,0.9,TRUE,0.75,0,0,"ACPtrial25",3.18008104620734,2.60026365859081,1,0.355555555555556,0.428571428571429,0.837209302325581
"1205",25,50,100,50,5,0.5,0.5,1,0.5,0.8,3,TRUE,0.9,TRUE,0.75,0,0,"ACPtrial25",1.48636745115697,1.75613314567748,0.6,0.6,0.428571428571429,0.953488372093023
"1206",25,50,100,50,5,0.5,0.5,1,0.5,0.8,3,TRUE,0.9,TRUE,0.75,0,0,"ACPtrial25",1.82265041545132,1.3861524748725,1,0.755555555555556,0.428571428571429,1
"1207",25,50,100,50,5,0.5,0.5,1,0.5,0.8,3,TRUE,0.9,TRUE,0.75,0,0,"ACPtrial25",2.46269210002544,2.12053365218446,0.8,0.577777777777778,0.333333333333333,0.954545454545455
"1208",25,50,100,50,5,0.5,0.5,1,0.5,0.8,3,TRUE,0.9,TRUE,0.75,0,0,"ACPtrial25",1.77701821430484,1.454676716778,0.8,0.688888888888889,0.333333333333333,1
"1209",25,50,100,50,5,0.5,0.5,1,0.5,0.8,3,TRUE,0.9,TRUE,0.75,0,0,"ACPtrial25",1.8898938475336,1.38186066499499,1,0.377777777777778,0.857142857142857,0.976744186046512
"1210",25,50,100,50,5,0.5,0.5,1,0.5,0.8,3,TRUE,0.9,TRUE,0.75,0,0,"ACPtrial25",0.933537626360575,1.4097550682823,1,0.644444444444444,0.666666666666667,1
"1211",25,50,100,50,5,0.5,0.5,1,0.5,0.8,3,TRUE,0.9,TRUE,0.75,0,0,"ACPtrial25",1.62358766803677,1.27249694572185,0.8,0.355555555555556,0.2,0.925
"1212",25,50,100,50,5,0.5,0.5,1,0.5,0.8,3,TRUE,0.9,TRUE,0.75,0,0,"ACPtrial25",1.92005497014099,2.06938952377421,0.8,0.666666666666667,0.333333333333333,0.931818181818182
"1213",25,50,100,50,5,0.5,0.5,1,0.5,0.8,3,TRUE,0.9,TRUE,0.75,0,0,"ACPtrial25",1.14869268748331,1.36033100479586,1,0.711111111111111,0.714285714285714,0.953488372093023
"1214",25,50,100,50,5,0.5,0.5,1,0.5,0.8,3,TRUE,0.9,TRUE,0.75,0,0,"ACPtrial25",1.26283754076984,1.41708164820253,1,0.755555555555556,0.833333333333333,0.931818181818182
"1215",25,50,100,50,5,0.5,0.5,1,0.5,0.8,3,TRUE,0.9,TRUE,0.75,0,0,"ACPtrial25",0.966578958280724,1.42184530461155,1,0.622222222222222,0.428571428571429,0.953488372093023
"1216",25,50,100,50,5,0.5,0.5,1,0.5,0.8,3,TRUE,0.9,TRUE,0.75,0,0,"ACPtrial25",4.52841594670053,1.87193098472697,0.6,0.755555555555556,0.222222222222222,1
"1217",25,50,100,50,5,0.5,0.5,1,0.5,0.8,3,TRUE,0.9,TRUE,0.75,0,0,"ACPtrial25",1.68374291446389,1.9854358161348,0.8,0.311111111111111,0.25,0.976190476190476
"1218",25,50,100,50,5,0.5,0.5,1,0.5,0.8,3,TRUE,0.9,TRUE,0.75,0,0,"ACPtrial25",1.82452883246878,1.49364684819719,0.8,0.533333333333333,0.333333333333333,0.977272727272727
"1219",25,50,100,50,5,0.5,0.5,1,0.5,0.8,3,TRUE,0.9,TRUE,0.75,0,0,"ACPtrial25",1.27896470710399,1.39408919268431,1,0.511111111111111,0.555555555555556,0.951219512195122
"1220",25,50,100,50,5,0.5,0.5,1,0.5,0.8,3,TRUE,0.9,TRUE,0.75,0,0,"ACPtrial25",2.02901623695423,1.12896851081958,1,0.466666666666667,0.5,1
"1221",25,50,100,50,5,0.5,0.5,1,0.5,0.8,3,TRUE,0.9,TRUE,0.75,0,0,"ACPtrial25",1.78496442477658,1.30984849085247,0.8,0.6,0.222222222222222,0.975609756097561
"1222",25,50,100,50,5,0.5,0.5,1,0.5,0.8,3,TRUE,0.9,TRUE,0.75,0,0,"ACPtrial25",1.23595817899743,1.14789524516754,1,0.666666666666667,0.5,0.977272727272727
"1223",25,50,100,50,5,0.5,0.5,1,0.5,0.8,3,TRUE,0.9,TRUE,0.75,0,0,"ACPtrial25",2.92947480940015,1.37081130167849,1,0.355555555555556,0.375,0.976190476190476
"1224",25,50,100,50,5,0.5,0.5,1,0.5,0.8,3,TRUE,0.9,TRUE,0.75,0,0,"ACPtrial25",1.79309503257859,1.17816428008946,0.8,0.511111111111111,0.25,0.952380952380952
"1225",25,50,100,50,5,0.5,0.5,1,0.5,0.8,3,TRUE,0.9,TRUE,0.75,0,0,"ACPtrial25",1.58022281450187,1.41041712198312,0.8,0.711111111111111,0.25,1
"1226",25,50,100,50,5,0.5,0.5,1,0.5,0.8,3,TRUE,0.9,TRUE,0.75,0,0,"ACPtrial25",12.7877167075515,1.26581599716313,0.8,0.177777777777778,0.285714285714286,1
"1227",25,50,100,50,5,0.5,0.5,1,0.5,0.8,3,TRUE,0.9,TRUE,0.75,0,0,"ACPtrial25",3.097293419281,1.67314629020211,1,0.555555555555556,0.444444444444444,0.951219512195122
"1228",25,50,100,50,5,0.5,0.5,1,0.5,0.8,3,TRUE,0.9,TRUE,0.75,0,0,"ACPtrial25",2.68017100263323,2.18317470347669,0.8,0.577777777777778,0.625,0.976190476190476
"1229",25,50,100,50,5,0.5,0.5,1,0.5,0.8,3,TRUE,0.9,TRUE,0.75,0,0,"ACPtrial25",0.999799715284163,1.41778269072307,1,0.711111111111111,0.444444444444444,0.878048780487805
"1230",25,50,100,50,5,0.5,0.5,1,0.5,0.8,3,TRUE,0.9,TRUE,0.75,0,0,"ACPtrial25",1.1567009044181,0.842410762554218,0.6,0.622222222222222,0.285714285714286,1
"1231",25,50,100,50,5,0.5,0.5,1,0.5,0.8,3,TRUE,0.9,TRUE,0.75,0,0,"ACPtrial25",1.27995166081791,1.73987400899403,0.8,0.622222222222222,0.222222222222222,0.975609756097561
"1232",25,50,100,50,5,0.5,0.5,1,0.5,0.8,3,TRUE,0.9,TRUE,0.75,0,0,"ACPtrial25",2.32964764215141,1.3340567320467,0.4,0.666666666666667,0.285714285714286,0.953488372093023
"1233",25,50,100,50,5,0.5,0.5,1,0.5,0.8,3,TRUE,0.9,TRUE,0.75,0,0,"ACPtrial25",1.43074643648866,1.07445196422469,0.8,0.6,0.285714285714286,0.930232558139535
"1234",25,50,100,50,5,0.5,0.5,1,0.5,0.8,3,TRUE,0.9,TRUE,0.75,0,0,"ACPtrial25",2.76558987163306,1.53721677605936,0.8,0.444444444444444,0.375,0.952380952380952
"1235",25,50,100,50,5,0.5,0.5,1,0.5,0.8,3,TRUE,0.9,TRUE,0.75,0,0,"ACPtrial25",2.21270696371595,1.54447897394479,0.4,0.244444444444444,0.285714285714286,0.976744186046512
"1236",25,50,100,50,5,0.5,0.5,1,0.5,0.8,3,TRUE,0.9,TRUE,0.75,0,0,"ACPtrial25",0.834051785224883,1.24850341086053,1,0.822222222222222,0.285714285714286,1
"1237",25,50,100,50,5,0.5,0.5,1,0.5,0.8,3,TRUE,0.9,TRUE,0.75,0,0,"ACPtrial25",2.85019948686395,1.31553737333641,0.4,0.644444444444444,0.5,1
"1238",25,50,100,50,5,0.5,0.5,1,0.5,0.8,3,TRUE,0.9,TRUE,0.75,0,0,"ACPtrial25",1.71797024968959,1.78418206783797,1,0.4,0.375,0.904761904761905
"1239",25,50,100,50,5,0.5,0.5,1,0.5,0.8,3,TRUE,0.9,TRUE,0.75,0,0,"ACPtrial25",1.13196915143314,1.32401732477354,0.8,0.644444444444444,0.222222222222222,0.926829268292683
"1240",25,50,100,50,5,0.5,0.5,1,0.5,0.8,3,TRUE,0.9,TRUE,0.75,0,0,"ACPtrial25",2.54472903534282,1.55440428956746,1,0.177777777777778,0.555555555555556,0.902439024390244
"1241",25,50,100,50,5,0.5,0.5,1,0.5,0.8,3,TRUE,0.9,TRUE,0.75,0,0,"ACPtrial25",5.56736081077859,2.23605100382732,1,0.111111111111111,0.5,0.977272727272727
"1242",25,50,100,50,5,0.5,0.5,1,0.5,0.8,3,TRUE,0.9,TRUE,0.75,0,0,"ACPtrial25",1.79646211505437,1.20691120556502,0.8,0.533333333333333,0.555555555555556,0.975609756097561
"1243",25,50,100,50,5,0.5,0.5,1,0.5,0.8,3,TRUE,0.9,TRUE,0.75,0,0,"ACPtrial25",5.17316581874114,2.75278252579565,1,0.533333333333333,0.625,1
"1244",25,50,100,50,5,0.5,0.5,1,0.5,0.8,3,TRUE,0.9,TRUE,0.75,0,0,"ACPtrial25",2.17833824964195,1.28888959991128,0.8,0.666666666666667,0.333333333333333,0.975609756097561
"1245",25,50,100,50,5,0.5,0.5,1,0.5,0.8,3,TRUE,0.9,TRUE,0.75,0,0,"ACPtrial25",1.94261211577473,1.72754946701315,1,0.622222222222222,0.625,0.952380952380952
"1246",25,50,100,50,5,0.5,0.5,1,0.5,0.8,3,TRUE,0.9,TRUE,0.75,0,0,"ACPtrial25",1.6011175020445,1.39469791132497,0.8,0.6,0.5,0.928571428571429
"1247",25,50,100,50,5,0.5,0.5,1,0.5,0.8,3,TRUE,0.9,TRUE,0.75,0,0,"ACPtrial25",1.3186354330316,1.04130986980503,0.6,0.666666666666667,0.333333333333333,0.954545454545455
"1248",25,50,100,50,5,0.5,0.5,1,0.5,0.8,3,TRUE,0.9,TRUE,0.75,0,0,"ACPtrial25",2.86777601934402,2.22922310091152,0.8,0.355555555555556,0.25,0.952380952380952
"1249",25,50,100,50,5,0.5,0.5,1,0.5,0.8,3,TRUE,0.9,TRUE,0.75,0,0,"ACPtrial25",1.74632704567427,1.27584080135331,0.4,0.733333333333333,0.222222222222222,0.975609756097561
"1250",25,50,100,50,5,0.5,0.5,1,0.5,0.8,3,TRUE,0.9,TRUE,0.75,0,0,"ACPtrial25",1.07144947877691,1.13942543794822,0.8,0.6,0.5,1
"1251",26,50,100,50,5,0.5,0.5,1,0.5,0.8,3,TRUE,0.9,TRUE,0.75,0,0,"ACPtrial26",1.6317250796853,3.66831877015102,1,0.511111111111111,0.428571428571429,0.837209302325581
"1252",26,50,100,50,5,0.5,0.5,1,0.5,0.8,3,TRUE,0.9,TRUE,0.75,0,0,"ACPtrial26",1.43054738573373,1.50685238928421,0.8,0.311111111111111,0.555555555555556,0.951219512195122
"1253",26,50,100,50,5,0.5,0.5,1,0.5,0.8,3,TRUE,0.9,TRUE,0.75,0,0,"ACPtrial26",0.702119031482758,1.38043256035025,0.4,0.844444444444444,0.2,0.975
"1254",26,50,100,50,5,0.5,0.5,1,0.5,0.8,3,TRUE,0.9,TRUE,0.75,0,0,"ACPtrial26",1.2692190161602,1.17942918708932,1,0.733333333333333,0.5,1
"1255",26,50,100,50,5,0.5,0.5,1,0.5,0.8,3,TRUE,0.9,TRUE,0.75,0,0,"ACPtrial26",4.09084673792507,2.18738976634046,1,0.377777777777778,0.285714285714286,0.976744186046512
"1256",26,50,100,50,5,0.5,0.5,1,0.5,0.8,3,TRUE,0.9,TRUE,0.75,0,0,"ACPtrial26",2.59533944555441,1.27973317472148,0.8,0.333333333333333,0.6,1
"1257",26,50,100,50,5,0.5,0.5,1,0.5,0.8,3,TRUE,0.9,TRUE,0.75,0,0,"ACPtrial26",1.09348649365247,1.31377668831318,0.8,0.555555555555556,0.375,0.952380952380952
"1258",26,50,100,50,5,0.5,0.5,1,0.5,0.8,3,TRUE,0.9,TRUE,0.75,0,0,"ACPtrial26",2.86848827254111,2.61023598632644,1,0.577777777777778,0.444444444444444,0.975609756097561
"1259",26,50,100,50,5,0.5,0.5,1,0.5,0.8,3,TRUE,0.9,TRUE,0.75,0,0,"ACPtrial26",2.11482964718609,1.48675620433291,1,0.533333333333333,0.571428571428571,1
"1260",26,50,100,50,5,0.5,0.5,1,0.5,0.8,3,TRUE,0.9,TRUE,0.75,0,0,"ACPtrial26",1.22450408854243,1.54160310175712,0.6,0.822222222222222,0.375,0.976190476190476
"1261",26,50,100,50,5,0.5,0.5,1,0.5,0.8,3,TRUE,0.9,TRUE,0.75,0,0,"ACPtrial26",2.67266084783602,1.40479876625178,0.8,0.688888888888889,0.5,0.954545454545455
"1262",26,50,100,50,5,0.5,0.5,1,0.5,0.8,3,TRUE,0.9,TRUE,0.75,0,0,"ACPtrial26",1.61981899020645,3.08511010896195,0.8,0.644444444444444,0.333333333333333,0.878048780487805
"1263",26,50,100,50,5,0.5,0.5,1,0.5,0.8,3,TRUE,0.9,TRUE,0.75,0,0,"ACPtrial26",2.26181116563259,1.58140731203231,0.8,0.311111111111111,0.4,0.888888888888889
"1264",26,50,100,50,5,0.5,0.5,1,0.5,0.8,3,TRUE,0.9,TRUE,0.75,0,0,"ACPtrial26",1.44743122126424,1.1065425043055,0.8,0.4,0.666666666666667,0.954545454545455
"1265",26,50,100,50,5,0.5,0.5,1,0.5,0.8,3,TRUE,0.9,TRUE,0.75,0,0,"ACPtrial26",1.25979732666582,1.32763483883847,0.8,0.688888888888889,0.5,0.954545454545455
"1266",26,50,100,50,5,0.5,0.5,1,0.5,0.8,3,TRUE,0.9,TRUE,0.75,0,0,"ACPtrial26",2.66928118556136,2.26760734280476,1,0.488888888888889,0.428571428571429,0.953488372093023
"1267",26,50,100,50,5,0.5,0.5,1,0.5,0.8,3,TRUE,0.9,TRUE,0.75,0,0,"ACPtrial26",1.16094212082598,0.914513445024821,0.4,0.733333333333333,0.125,1
"1268",26,50,100,50,5,0.5,0.5,1,0.5,0.8,3,TRUE,0.9,TRUE,0.75,0,0,"ACPtrial26",2.7529233474535,1.57283630258146,1,0.422222222222222,0.285714285714286,1
"1269",26,50,100,50,5,0.5,0.5,1,0.5,0.8,3,TRUE,0.9,TRUE,0.75,0,0,"ACPtrial26",1.33647348102466,1.90855843778173,1,0.577777777777778,0.3,0.95
"1270",26,50,100,50,5,0.5,0.5,1,0.5,0.8,3,TRUE,0.9,TRUE,0.75,0,0,"ACPtrial26",1.53739784441512,1.5594237044407,1,0.511111111111111,0.571428571428571,0.930232558139535
"1271",26,50,100,50,5,0.5,0.5,1,0.5,0.8,3,TRUE,0.9,TRUE,0.75,0,0,"ACPtrial26",1.14988322712861,1.60599959499968,1,0.8,0.714285714285714,0.930232558139535
"1272",26,50,100,50,5,0.5,0.5,1,0.5,0.8,3,TRUE,0.9,TRUE,0.75,0,0,"ACPtrial26",1.9838280130707,0.860163536662825,0.6,0.688888888888889,0.25,0.976190476190476
"1273",26,50,100,50,5,0.5,0.5,1,0.5,0.8,3,TRUE,0.9,TRUE,0.75,0,0,"ACPtrial26",2.45365452508291,1.30163070769942,1,0.311111111111111,0.4,0.955555555555556
"1274",26,50,100,50,5,0.5,0.5,1,0.5,0.8,3,TRUE,0.9,TRUE,0.75,0,0,"ACPtrial26",1.58482214253883,1.24593544747617,0.8,0.644444444444444,0.428571428571429,0.953488372093023
"1275",26,50,100,50,5,0.5,0.5,1,0.5,0.8,3,TRUE,0.9,TRUE,0.75,0,0,"ACPtrial26",1.51222146970445,1.85544378933318,1,0.822222222222222,0.571428571428571,0.976744186046512
"1276",26,50,100,50,5,0.5,0.5,1,0.5,0.8,3,TRUE,0.9,TRUE,0.75,0,0,"ACPtrial26",1.04427999173106,1.71658213554768,0.8,0.8,0.428571428571429,0.930232558139535
"1277",26,50,100,50,5,0.5,0.5,1,0.5,0.8,3,TRUE,0.9,TRUE,0.75,0,0,"ACPtrial26",1.19828328347839,1.13790566580705,0.4,0.866666666666667,0.25,1
"1278",26,50,100,50,5,0.5,0.5,1,0.5,0.8,3,TRUE,0.9,TRUE,0.75,0,0,"ACPtrial26",1.61413531013322,1.60605904819595,1,0.666666666666667,0.714285714285714,0.953488372093023
"1279",26,50,100,50,5,0.5,0.5,1,0.5,0.8,3,TRUE,0.9,TRUE,0.75,0,0,"ACPtrial26",2.40082501723365,1.33055293600315,1,0.355555555555556,0.285714285714286,1
"1280",26,50,100,50,5,0.5,0.5,1,0.5,0.8,3,TRUE,0.9,TRUE,0.75,0,0,"ACPtrial26",2.31742950658665,1.21824212371883,0.8,0.533333333333333,0.25,0.976190476190476
"1281",26,50,100,50,5,0.5,0.5,1,0.5,0.8,3,TRUE,0.9,TRUE,0.75,0,0,"ACPtrial26",4.24253894808682,2.60148689744479,1,0.0888888888888889,0.333333333333333,0.977272727272727
"1282",26,50,100,50,5,0.5,0.5,1,0.5,0.8,3,TRUE,0.9,TRUE,0.75,0,0,"ACPtrial26",1.45908727653956,1.55546218611946,1,0.533333333333333,0.571428571428571,1
"1283",26,50,100,50,5,0.5,0.5,1,0.5,0.8,3,TRUE,0.9,TRUE,0.75,0,0,"ACPtrial26",9.90585163882501,2.46685671548745,0.8,0.422222222222222,0.5,0.952380952380952
"1284",26,50,100,50,5,0.5,0.5,1,0.5,0.8,3,TRUE,0.9,TRUE,0.75,0,0,"ACPtrial26",1.62606494332311,1.17193975471734,0.8,0.644444444444444,0.333333333333333,1
"1285",26,50,100,50,5,0.5,0.5,1,0.5,0.8,3,TRUE,0.9,TRUE,0.75,0,0,"ACPtrial26",1.25055901652768,1.56181888396061,1,0.555555555555556,0.333333333333333,0.954545454545455
"1286",26,50,100,50,5,0.5,0.5,1,0.5,0.8,3,TRUE,0.9,TRUE,0.75,0,0,"ACPtrial26",1.02999231630241,1.12332642643853,0.8,0.8,0.6,0.977777777777778
"1287",26,50,100,50,5,0.5,0.5,1,0.5,0.8,3,TRUE,0.9,TRUE,0.75,0,0,"ACPtrial26",1.54666479521023,1.58754862149972,0.8,0.555555555555556,0.4,0.933333333333333
"1288",26,50,100,50,5,0.5,0.5,1,0.5,0.8,3,TRUE,0.9,TRUE,0.75,0,0,"ACPtrial26",1.01091407471495,1.19151399178039,1,0.444444444444444,0.8,0.911111111111111
"1289",26,50,100,50,5,0.5,0.5,1,0.5,0.8,3,TRUE,0.9,TRUE,0.75,0,0,"ACPtrial26",1.48863241960133,1.59257633412465,1,0.555555555555556,0.5,0.977272727272727
"1290",26,50,100,50,5,0.5,0.5,1,0.5,0.8,3,TRUE,0.9,TRUE,0.75,0,0,"ACPtrial26",1.50133043708744,1.384935066313,0.8,0.688888888888889,0.5,0.931818181818182
"1291",26,50,100,50,5,0.5,0.5,1,0.5,0.8,3,TRUE,0.9,TRUE,0.75,0,0,"ACPtrial26",1.40933478024632,2.86074953779747,1,0.6,0.25,1
"1292",26,50,100,50,5,0.5,0.5,1,0.5,0.8,3,TRUE,0.9,TRUE,0.75,0,0,"ACPtrial26",1.55781918007272,1.03494637407196,0.4,0.511111111111111,0.2,1
"1293",26,50,100,50,5,0.5,0.5,1,0.5,0.8,3,TRUE,0.9,TRUE,0.75,0,0,"ACPtrial26",1.73744290719883,1.32321967507475,1,0.333333333333333,0.857142857142857,0.976744186046512
"1294",26,50,100,50,5,0.5,0.5,1,0.5,0.8,3,TRUE,0.9,TRUE,0.75,0,0,"ACPtrial26",1.55064264464063,0.992658403571415,0.4,0.622222222222222,0.285714285714286,0.953488372093023
"1295",26,50,100,50,5,0.5,0.5,1,0.5,0.8,3,TRUE,0.9,TRUE,0.75,0,0,"ACPtrial26",2.24096437476556,2.47536487592581,0.4,0.622222222222222,0.333333333333333,0.954545454545455
"1296",26,50,100,50,5,0.5,0.5,1,0.5,0.8,3,TRUE,0.9,TRUE,0.75,0,0,"ACPtrial26",1.02422400695818,1.48265015448144,1,0.733333333333333,0.4,1
"1297",26,50,100,50,5,0.5,0.5,1,0.5,0.8,3,TRUE,0.9,TRUE,0.75,0,0,"ACPtrial26",1.60332629754399,1.14295617546767,0.4,0.622222222222222,0.25,0.880952380952381
"1298",26,50,100,50,5,0.5,0.5,1,0.5,0.8,3,TRUE,0.9,TRUE,0.75,0,0,"ACPtrial26",2.56903719124781,1.91430624932788,1,0.688888888888889,0.5,0.952380952380952
"1299",26,50,100,50,5,0.5,0.5,1,0.5,0.8,3,TRUE,0.9,TRUE,0.75,0,0,"ACPtrial26",1.01327077781143,1.01389933892269,0.8,0.644444444444444,0.6,0.933333333333333
"1300",26,50,100,50,5,0.5,0.5,1,0.5,0.8,3,TRUE,0.9,TRUE,0.75,0,0,"ACPtrial26",1.99507686994235,1.44439402610369,0.8,0.644444444444444,0.5,0.977272727272727
"1301",27,50,100,50,5,0.5,0.5,1,0.5,0.8,3,TRUE,0.9,TRUE,0.75,0,0,"ACPtrial27",1.31930256477231,1.45318300445061,1,0.577777777777778,0.625,0.904761904761905
"1302",27,50,100,50,5,0.5,0.5,1,0.5,0.8,3,TRUE,0.9,TRUE,0.75,0,0,"ACPtrial27",1.88309874933966,1.0706316688671,0.8,0.333333333333333,0.2,0.95
"1303",27,50,100,50,5,0.5,0.5,1,0.5,0.8,3,TRUE,0.9,TRUE,0.75,0,0,"ACPtrial27",1.75642571898182,1.46138718555675,0.8,0.4,0.333333333333333,0.954545454545455
"1304",27,50,100,50,5,0.5,0.5,1,0.5,0.8,3,TRUE,0.9,TRUE,0.75,0,0,"ACPtrial27",2.08804788338609,1.2715018081669,1,0.466666666666667,0.333333333333333,0.975609756097561
"1305",27,50,100,50,5,0.5,0.5,1,0.5,0.8,3,TRUE,0.9,TRUE,0.75,0,0,"ACPtrial27",1.45166821602794,0.920209202449064,0.6,0.422222222222222,0.25,0.976190476190476
"1306",27,50,100,50,5,0.5,0.5,1,0.5,0.8,3,TRUE,0.9,TRUE,0.75,0,0,"ACPtrial27",1.1901867322412,1.27090755975197,0.8,0.666666666666667,0.375,0.976190476190476
"1307",27,50,100,50,5,0.5,0.5,1,0.5,0.8,3,TRUE,0.9,TRUE,0.75,0,0,"ACPtrial27",0.920972547555593,1.65599270497737,1,0.711111111111111,0.333333333333333,0.954545454545455
"1308",27,50,100,50,5,0.5,0.5,1,0.5,0.8,3,TRUE,0.9,TRUE,0.75,0,0,"ACPtrial27",1.17075736147917,1.16166711273964,0.4,0.688888888888889,0.25,0.928571428571429
"1309",27,50,100,50,5,0.5,0.5,1,0.5,0.8,3,TRUE,0.9,TRUE,0.75,0,0,"ACPtrial27",3.18189769718632,1.8267944722349,1,0.4,0.333333333333333,0.954545454545455
"1310",27,50,100,50,5,0.5,0.5,1,0.5,0.8,3,TRUE,0.9,TRUE,0.75,0,0,"ACPtrial27",4.15885870846389,1.32921225965233,1,0.266666666666667,0.714285714285714,0.953488372093023
"1311",27,50,100,50,5,0.5,0.5,1,0.5,0.8,3,TRUE,0.9,TRUE,0.75,0,0,"ACPtrial27",0.859509205814948,0.927126138583217,0.4,0.622222222222222,0.333333333333333,0.977272727272727
"1312",27,50,100,50,5,0.5,0.5,1,0.5,0.8,3,TRUE,0.9,TRUE,0.75,0,0,"ACPtrial27",1.02110563224755,1.19594058438161,0.6,0.688888888888889,0.333333333333333,0.977272727272727
"1313",27,50,100,50,5,0.5,0.5,1,0.5,0.8,3,TRUE,0.9,TRUE,0.75,0,0,"ACPtrial27",2.13364165560794,1.358020746137,1,0.511111111111111,0.428571428571429,0.953488372093023
"1314",27,50,100,50,5,0.5,0.5,1,0.5,0.8,3,TRUE,0.9,TRUE,0.75,0,0,"ACPtrial27",2.6593443574277,1.22653509108836,0.4,0.444444444444444,0.5,0.931818181818182
"1315",27,50,100,50,5,0.5,0.5,1,0.5,0.8,3,TRUE,0.9,TRUE,0.75,0,0,"ACPtrial27",1.21267194004271,1.11604270190858,0.4,0.755555555555556,0.4,0.955555555555556
"1316",27,50,100,50,5,0.5,0.5,1,0.5,0.8,3,TRUE,0.9,TRUE,0.75,0,0,"ACPtrial27",2.55621217246481,1.35399485774488,0.8,0.311111111111111,0.375,0.928571428571429
"1317",27,50,100,50,5,0.5,0.5,1,0.5,0.8,3,TRUE,0.9,TRUE,0.75,0,0,"ACPtrial27",0.915818447367363,1.90197602844931,1,0.666666666666667,0.8,0.933333333333333
"1318",27,50,100,50,5,0.5,0.5,1,0.5,0.8,3,TRUE,0.9,TRUE,0.75,0,0,"ACPtrial27",4.50513399455015,1.19732826204968,1,0.133333333333333,0.5,1
"1319",27,50,100,50,5,0.5,0.5,1,0.5,0.8,3,TRUE,0.9,TRUE,0.75,0,0,"ACPtrial27",1.14550787404766,1.36045987705763,1,0.733333333333333,0.571428571428571,0.976744186046512
"1320",27,50,100,50,5,0.5,0.5,1,0.5,0.8,3,TRUE,0.9,TRUE,0.75,0,0,"ACPtrial27",1.13202716068199,1.12890092620395,1,0.533333333333333,0.25,0.904761904761905
"1321",27,50,100,50,5,0.5,0.5,1,0.5,0.8,3,TRUE,0.9,TRUE,0.75,0,0,"ACPtrial27",1.49116236334228,2.26654200749616,0.4,0.577777777777778,0.4,1
"1322",27,50,100,50,5,0.5,0.5,1,0.5,0.8,3,TRUE,0.9,TRUE,0.75,0,0,"ACPtrial27",2.8625178748048,2.05146804590586,1,0.311111111111111,0.5,1
"1323",27,50,100,50,5,0.5,0.5,1,0.5,0.8,3,TRUE,0.9,TRUE,0.75,0,0,"ACPtrial27",1.41860252859399,1.76362524463394,1,0.577777777777778,0.714285714285714,0.953488372093023
"1324",27,50,100,50,5,0.5,0.5,1,0.5,0.8,3,TRUE,0.9,TRUE,0.75,0,0,"ACPtrial27",1.02029216805578,1.3167306478117,0.8,0.555555555555556,0.6,0.977777777777778
"1325",27,50,100,50,5,0.5,0.5,1,0.5,0.8,3,TRUE,0.9,TRUE,0.75,0,0,"ACPtrial27",1.99372858463144,1.88079473015395,1,0.644444444444444,0.375,0.976190476190476
"1326",27,50,100,50,5,0.5,0.5,1,0.5,0.8,3,TRUE,0.9,TRUE,0.75,0,0,"ACPtrial27",1.08255644855296,1.3006286735694,0.6,0.577777777777778,0.333333333333333,1
"1327",27,50,100,50,5,0.5,0.5,1,0.5,0.8,3,TRUE,0.9,TRUE,0.75,0,0,"ACPtrial27",1.81564017813368,1.61367464371169,1,0.688888888888889,0.5,1
"1328",27,50,100,50,5,0.5,0.5,1,0.5,0.8,3,TRUE,0.9,TRUE,0.75,0,0,"ACPtrial27",1.45630551741321,1.06655900770629,0.8,0.444444444444444,0.444444444444444,0.975609756097561
"1329",27,50,100,50,5,0.5,0.5,1,0.5,0.8,3,TRUE,0.9,TRUE,0.75,0,0,"ACPtrial27",2.11311531943545,2.11856251010755,1,0.511111111111111,0.444444444444444,0.975609756097561
"1330",27,50,100,50,5,0.5,0.5,1,0.5,0.8,3,TRUE,0.9,TRUE,0.75,0,0,"ACPtrial27",1.48442019400913,1.20355779987471,0.8,0.8,0.428571428571429,1
"1331",27,50,100,50,5,0.5,0.5,1,0.5,0.8,3,TRUE,0.9,TRUE,0.75,0,0,"ACPtrial27",1.34378863698713,1.35595662362077,1,0.622222222222222,0.285714285714286,0.976744186046512
"1332",27,50,100,50,5,0.5,0.5,1,0.5,0.8,3,TRUE,0.9,TRUE,0.75,0,0,"ACPtrial27",3.13636451280134,1.61279834329428,1,0.266666666666667,0.666666666666667,1
"1333",27,50,100,50,5,0.5,0.5,1,0.5,0.8,3,TRUE,0.9,TRUE,0.75,0,0,"ACPtrial27",1.30226938024639,1.00711956227127,0.6,0.866666666666667,0.285714285714286,0.976744186046512
"1334",27,50,100,50,5,0.5,0.5,1,0.5,0.8,3,TRUE,0.9,TRUE,0.75,0,0,"ACPtrial27",2.02052872537283,1.08707705255502,1,0.244444444444444,0.2,0.975
"1335",27,50,100,50,5,0.5,0.5,1,0.5,0.8,3,TRUE,0.9,TRUE,0.75,0,0,"ACPtrial27",1.82558888630903,1.26718089541525,0.6,0.555555555555556,0.222222222222222,0.951219512195122
"1336",27,50,100,50,5,0.5,0.5,1,0.5,0.8,3,TRUE,0.9,TRUE,0.75,0,0,"ACPtrial27",1.21515148481871,1.17397303078641,1,0.577777777777778,0.833333333333333,0.931818181818182
"1337",27,50,100,50,5,0.5,0.5,1,0.5,0.8,3,TRUE,0.9,TRUE,0.75,0,0,"ACPtrial27",1.98021322209523,1.88099351930778,0.4,0.755555555555556,0.333333333333333,0.977272727272727
"1338",27,50,100,50,5,0.5,0.5,1,0.5,0.8,3,TRUE,0.9,TRUE,0.75,0,0,"ACPtrial27",2.74809221621392,2.08952526583682,0.4,0.733333333333333,0.285714285714286,0.976744186046512
"1339",27,50,100,50,5,0.5,0.5,1,0.5,0.8,3,TRUE,0.9,TRUE,0.75,0,0,"ACPtrial27",1.87993206488554,1.45845038710943,1,0.444444444444444,0.833333333333333,0.954545454545455
"1340",27,50,100,50,5,0.5,0.5,1,0.5,0.8,3,TRUE,0.9,TRUE,0.75,0,0,"ACPtrial27",1.94354259130391,1.31033578258455,1,0.311111111111111,0.4,0.955555555555556
"1341",27,50,100,50,5,0.5,0.5,1,0.5,0.8,3,TRUE,0.9,TRUE,0.75,0,0,"ACPtrial27",4.27527218329913,1.98954323795614,0.6,0.577777777777778,0.285714285714286,0.906976744186046
"1342",27,50,100,50,5,0.5,0.5,1,0.5,0.8,3,TRUE,0.9,TRUE,0.75,0,0,"ACPtrial27",1.23954950795953,1.98131711354595,1,0.6,0.444444444444444,0.975609756097561
"1343",27,50,100,50,5,0.5,0.5,1,0.5,0.8,3,TRUE,0.9,TRUE,0.75,0,0,"ACPtrial27",1.30770402622465,1.88563411030963,0.6,0.777777777777778,0.333333333333333,1
"1344",27,50,100,50,5,0.5,0.5,1,0.5,0.8,3,TRUE,0.9,TRUE,0.75,0,0,"ACPtrial27",1.7852159719015,1.43389004748932,0.8,0.577777777777778,0.5,1
"1345",27,50,100,50,5,0.5,0.5,1,0.5,0.8,3,TRUE,0.9,TRUE,0.75,0,0,"ACPtrial27",2.58004130737144,1.32211308036727,0.6,0.555555555555556,0.333333333333333,0.954545454545455
"1346",27,50,100,50,5,0.5,0.5,1,0.5,0.8,3,TRUE,0.9,TRUE,0.75,0,0,"ACPtrial27",2.65926755289019,1.48506744843693,0.8,0.244444444444444,0.5,0.977272727272727
"1347",27,50,100,50,5,0.5,0.5,1,0.5,0.8,3,TRUE,0.9,TRUE,0.75,0,0,"ACPtrial27",3.21326686126299,1.98992550058585,1,0.377777777777778,0.5,0.925
"1348",27,50,100,50,5,0.5,0.5,1,0.5,0.8,3,TRUE,0.9,TRUE,0.75,0,0,"ACPtrial27",3.46506153714894,2.10373622207736,0.4,0.6,0.285714285714286,0.953488372093023
"1349",27,50,100,50,5,0.5,0.5,1,0.5,0.8,3,TRUE,0.9,TRUE,0.75,0,0,"ACPtrial27",2.11934301733787,1.38329636729051,0.6,0.533333333333333,0.285714285714286,0.930232558139535
"1350",27,50,100,50,5,0.5,0.5,1,0.5,0.8,3,TRUE,0.9,TRUE,0.75,0,0,"ACPtrial27",1.73524341763157,1.16373829351854,1,0.577777777777778,0.714285714285714,0.953488372093023
"1351",28,50,100,50,5,0.5,0.5,1,0.5,0.8,3,TRUE,0.9,TRUE,0.75,0,0,"ACPtrial28",4.30287864100436,1.56306111236798,0.4,0.555555555555556,0.222222222222222,0.951219512195122
"1352",28,50,100,50,5,0.5,0.5,1,0.5,0.8,3,TRUE,0.9,TRUE,0.75,0,0,"ACPtrial28",3.521370448492,2.11277885804886,0.8,0.622222222222222,0.4,0.977777777777778
"1353",28,50,100,50,5,0.5,0.5,1,0.5,0.8,3,TRUE,0.9,TRUE,0.75,0,0,"ACPtrial28",1.10111108002529,1.21912584988749,1,0.622222222222222,0.571428571428571,0.906976744186046
"1354",28,50,100,50,5,0.5,0.5,1,0.5,0.8,3,TRUE,0.9,TRUE,0.75,0,0,"ACPtrial28",1.37651527902718,1.25947996522616,1,0.555555555555556,0.5,0.931818181818182
"1355",28,50,100,50,5,0.5,0.5,1,0.5,0.8,3,TRUE,0.9,TRUE,0.75,0,0,"ACPtrial28",2.01418423885845,2.02832342054356,0.8,0.488888888888889,0.285714285714286,0.953488372093023
"1356",28,50,100,50,5,0.5,0.5,1,0.5,0.8,3,TRUE,0.9,TRUE,0.75,0,0,"ACPtrial28",5.10914674944471,2.44128574208458,0.6,0.533333333333333,0.4,0.955555555555556
"1357",28,50,100,50,5,0.5,0.5,1,0.5,0.8,3,TRUE,0.9,TRUE,0.75,0,0,"ACPtrial28",1.00386497523593,1.46897489505841,1,0.755555555555556,0.571428571428571,0.953488372093023
"1358",28,50,100,50,5,0.5,0.5,1,0.5,0.8,3,TRUE,0.9,TRUE,0.75,0,0,"ACPtrial28",2.74091730762284,1.48336209236585,1,0.311111111111111,0.6,0.975
"1359",28,50,100,50,5,0.5,0.5,1,0.5,0.8,3,TRUE,0.9,TRUE,0.75,0,0,"ACPtrial28",8.79683298916247,1.51046737908721,0.8,0.4,0.285714285714286,0.976744186046512
"1360",28,50,100,50,5,0.5,0.5,1,0.5,0.8,3,TRUE,0.9,TRUE,0.75,0,0,"ACPtrial28",1.57720922722363,1.837056957539,0.8,0.711111111111111,0.5,0.952380952380952
"1361",28,50,100,50,5,0.5,0.5,1,0.5,0.8,3,TRUE,0.9,TRUE,0.75,0,0,"ACPtrial28",3.63922501097552,2.03756357934528,0.8,0.533333333333333,0.428571428571429,1
"1362",28,50,100,50,5,0.5,0.5,1,0.5,0.8,3,TRUE,0.9,TRUE,0.75,0,0,"ACPtrial28",1.21827639845904,1.50420347340722,1,0.777777777777778,0.666666666666667,0.954545454545455
"1363",28,50,100,50,5,0.5,0.5,1,0.5,0.8,3,TRUE,0.9,TRUE,0.75,0,0,"ACPtrial28",1.60316355970406,1.78418684422003,0.8,0.577777777777778,0.4,0.977777777777778
"1364",28,50,100,50,5,0.5,0.5,1,0.5,0.8,3,TRUE,0.9,TRUE,0.75,0,0,"ACPtrial28",1.30712326135544,1.20662707231295,1,0.577777777777778,0.714285714285714,0.976744186046512
"1365",28,50,100,50,5,0.5,0.5,1,0.5,0.8,3,TRUE,0.9,TRUE,0.75,0,0,"ACPtrial28",1.80744548847601,1.96023034079317,1,0.555555555555556,0.571428571428571,0.976744186046512
"1366",28,50,100,50,5,0.5,0.5,1,0.5,0.8,3,TRUE,0.9,TRUE,0.75,0,0,"ACPtrial28",2.00630686975778,1.50862032969714,1,0.533333333333333,0.625,0.952380952380952
"1367",28,50,100,50,5,0.5,0.5,1,0.5,0.8,3,TRUE,0.9,TRUE,0.75,0,0,"ACPtrial28",1.13173478992133,1.5686988511714,0.6,0.755555555555556,0.285714285714286,0.953488372093023
"1368",28,50,100,50,5,0.5,0.5,1,0.5,0.8,3,TRUE,0.9,TRUE,0.75,0,0,"ACPtrial28",2.12648510897287,1.5750272518122,0.8,0.755555555555556,0.5,0.977272727272727
"1369",28,50,100,50,5,0.5,0.5,1,0.5,0.8,3,TRUE,0.9,TRUE,0.75,0,0,"ACPtrial28",2.34997425576361,1.92224577018535,0.8,0.577777777777778,0.5,0.928571428571429
"1370",28,50,100,50,5,0.5,0.5,1,0.5,0.8,3,TRUE,0.9,TRUE,0.75,0,0,"ACPtrial28",3.2583594350148,1.46977945483511,1,0.333333333333333,0.6,0.933333333333333
"1371",28,50,100,50,5,0.5,0.5,1,0.5,0.8,3,TRUE,0.9,TRUE,0.75,0,0,"ACPtrial28",3.54046940369473,2.4895898688097,1,0.488888888888889,0.428571428571429,0.930232558139535
"1372",28,50,100,50,5,0.5,0.5,1,0.5,0.8,3,TRUE,0.9,TRUE,0.75,0,0,"ACPtrial28",2.30038135733868,1.25149245981495,1,0.2,0.5,0.954545454545455
"1373",28,50,100,50,5,0.5,0.5,1,0.5,0.8,3,TRUE,0.9,TRUE,0.75,0,0,"ACPtrial28",0.920566489561856,0.979600132523854,0.4,0.8,0.285714285714286,1
"1374",28,50,100,50,5,0.5,0.5,1,0.5,0.8,3,TRUE,0.9,TRUE,0.75,0,0,"ACPtrial28",1.63479363804505,1.5529981163625,1,0.666666666666667,0.428571428571429,1
"1375",28,50,100,50,5,0.5,0.5,1,0.5,0.8,3,TRUE,0.9,TRUE,0.75,0,0,"ACPtrial28",1.73929318996167,1.31692303180155,0.8,0.644444444444444,0.571428571428571,0.953488372093023
"1376",28,50,100,50,5,0.5,0.5,1,0.5,0.8,3,TRUE,0.9,TRUE,0.75,0,0,"ACPtrial28",1.24665838029021,1.27892737779429,0.8,0.688888888888889,0.555555555555556,0.926829268292683
"1377",28,50,100,50,5,0.5,0.5,1,0.5,0.8,3,TRUE,0.9,TRUE,0.75,0,0,"ACPtrial28",1.30544495798086,1.55891179367926,1,0.666666666666667,0.333333333333333,0.954545454545455
"1378",28,50,100,50,5,0.5,0.5,1,0.5,0.8,3,TRUE,0.9,TRUE,0.75,0,0,"ACPtrial28",1.69506153243855,1.03051740547279,0.8,0.711111111111111,0.3,1
"1379",28,50,100,50,5,0.5,0.5,1,0.5,0.8,3,TRUE,0.9,TRUE,0.75,0,0,"ACPtrial28",1.61368999002693,1.59303377808929,0.8,0.533333333333333,0.4,0.933333333333333
"1380",28,50,100,50,5,0.5,0.5,1,0.5,0.8,3,TRUE,0.9,TRUE,0.75,0,0,"ACPtrial28",1.54803099016977,1.73259151394344,0.6,0.666666666666667,0.25,0.976190476190476
"1381",28,50,100,50,5,0.5,0.5,1,0.5,0.8,3,TRUE,0.9,TRUE,0.75,0,0,"ACPtrial28",2.33693094813468,0.993079779994948,0.6,0.377777777777778,0.285714285714286,1
"1382",28,50,100,50,5,0.5,0.5,1,0.5,0.8,3,TRUE,0.9,TRUE,0.75,0,0,"ACPtrial28",3.46279968225315,1.60986634053524,1,0.177777777777778,0.857142857142857,0.930232558139535
"1383",28,50,100,50,5,0.5,0.5,1,0.5,0.8,3,TRUE,0.9,TRUE,0.75,0,0,"ACPtrial28",2.10387784767504,1.38949949163954,1,0.488888888888889,0.6,1
"1384",28,50,100,50,5,0.5,0.5,1,0.5,0.8,3,TRUE,0.9,TRUE,0.75,0,0,"ACPtrial28",1.05922016691116,1.62312802301097,1,0.644444444444444,0.666666666666667,1
"1385",28,50,100,50,5,0.5,0.5,1,0.5,0.8,3,TRUE,0.9,TRUE,0.75,0,0,"ACPtrial28",1.35890426861494,1.40900188964335,1,0.466666666666667,0.333333333333333,0.931818181818182
"1386",28,50,100,50,5,0.5,0.5,1,0.5,0.8,3,TRUE,0.9,TRUE,0.75,0,0,"ACPtrial28",1.30966392360006,1.06486839187461,0.6,0.666666666666667,0.285714285714286,0.953488372093023
"1387",28,50,100,50,5,0.5,0.5,1,0.5,0.8,3,TRUE,0.9,TRUE,0.75,0,0,"ACPtrial28",2.73374582812584,1.50794043512801,0.8,0.444444444444444,0.375,0.976190476190476
"1388",28,50,100,50,5,0.5,0.5,1,0.5,0.8,3,TRUE,0.9,TRUE,0.75,0,0,"ACPtrial28",1.44421793967485,1.46575896185092,1,0.666666666666667,0.666666666666667,1
"1389",28,50,100,50,5,0.5,0.5,1,0.5,0.8,3,TRUE,0.9,TRUE,0.75,0,0,"ACPtrial28",1.24813426278779,1.18155253775772,0.6,0.622222222222222,0.5,0.976190476190476
"1390",28,50,100,50,5,0.5,0.5,1,0.5,0.8,3,TRUE,0.9,TRUE,0.75,0,0,"ACPtrial28",2.89041514852014,1.02840563353133,0.8,0.355555555555556,0.375,0.952380952380952
"1391",28,50,100,50,5,0.5,0.5,1,0.5,0.8,3,TRUE,0.9,TRUE,0.75,0,0,"ACPtrial28",1.97420401376371,1.34061021441142,1,0.555555555555556,1,0.931818181818182
"1392",28,50,100,50,5,0.5,0.5,1,0.5,0.8,3,TRUE,0.9,TRUE,0.75,0,0,"ACPtrial28",1.49349365336227,1.39267673797621,0.8,0.577777777777778,0.428571428571429,0.976744186046512
"1393",28,50,100,50,5,0.5,0.5,1,0.5,0.8,3,TRUE,0.9,TRUE,0.75,0,0,"ACPtrial28",1.21747037532354,1.63796782640251,1,0.733333333333333,0.666666666666667,0.954545454545455
"1394",28,50,100,50,5,0.5,0.5,1,0.5,0.8,3,TRUE,0.9,TRUE,0.75,0,0,"ACPtrial28",2.42643979975212,1.12119058155819,0.6,0.355555555555556,0.333333333333333,1
"1395",28,50,100,50,5,0.5,0.5,1,0.5,0.8,3,TRUE,0.9,TRUE,0.75,0,0,"ACPtrial28",3.02147069297912,1.12089578265973,1,0.0444444444444444,0.857142857142857,0.953488372093023
"1396",28,50,100,50,5,0.5,0.5,1,0.5,0.8,3,TRUE,0.9,TRUE,0.75,0,0,"ACPtrial28",1.82261551595049,1.95173674523711,0.8,0.511111111111111,0.285714285714286,0.953488372093023
"1397",28,50,100,50,5,0.5,0.5,1,0.5,0.8,3,TRUE,0.9,TRUE,0.75,0,0,"ACPtrial28",7.56260561753906,2.8720597782396,0.8,0.644444444444444,0.571428571428571,1
"1398",28,50,100,50,5,0.5,0.5,1,0.5,0.8,3,TRUE,0.9,TRUE,0.75,0,0,"ACPtrial28",1.40880663006568,1.00611104850968,0.8,0.733333333333333,0.285714285714286,1
"1399",28,50,100,50,5,0.5,0.5,1,0.5,0.8,3,TRUE,0.9,TRUE,0.75,0,0,"ACPtrial28",1.46489040605427,1.67865492837426,0.6,0.666666666666667,0.222222222222222,0.951219512195122
"1400",28,50,100,50,5,0.5,0.5,1,0.5,0.8,3,TRUE,0.9,TRUE,0.75,0,0,"ACPtrial28",6.231378711767,2.15693537905907,0.6,0.333333333333333,0.444444444444444,0.902439024390244
"1401",29,50,100,50,5,0.5,0.5,1,0.5,0.8,3,TRUE,0.9,TRUE,0.75,0,0,"ACPtrial29",4.87117407215898,1.85820931356548,0.8,0.466666666666667,0.285714285714286,1
"1402",29,50,100,50,5,0.5,0.5,1,0.5,0.8,3,TRUE,0.9,TRUE,0.75,0,0,"ACPtrial29",1.98205156800199,1.35075221801378,0.6,0.6,0.4,0.933333333333333
"1403",29,50,100,50,5,0.5,0.5,1,0.5,0.8,3,TRUE,0.9,TRUE,0.75,0,0,"ACPtrial29",4.52201002548682,2.35294813038937,0.8,0.622222222222222,0.428571428571429,0.976744186046512
"1404",29,50,100,50,5,0.5,0.5,1,0.5,0.8,3,TRUE,0.9,TRUE,0.75,0,0,"ACPtrial29",3.18973824430462,2.52268981547864,0.6,0.6,0.285714285714286,1
"1405",29,50,100,50,5,0.5,0.5,1,0.5,0.8,3,TRUE,0.9,TRUE,0.75,0,0,"ACPtrial29",1.44593057262502,1.4112850956603,1,0.644444444444444,0.5,0.931818181818182
"1406",29,50,100,50,5,0.5,0.5,1,0.5,0.8,3,TRUE,0.9,TRUE,0.75,0,0,"ACPtrial29",0.777512211230706,1.36344109094125,1,0.866666666666667,0.8,1
"1407",29,50,100,50,5,0.5,0.5,1,0.5,0.8,3,TRUE,0.9,TRUE,0.75,0,0,"ACPtrial29",1.15710745850647,1.20413550447994,0.6,0.755555555555556,0.375,0.976190476190476
"1408",29,50,100,50,5,0.5,0.5,1,0.5,0.8,3,TRUE,0.9,TRUE,0.75,0,0,"ACPtrial29",2.99667779228343,1.3014816095002,1,0.377777777777778,0.571428571428571,1
"1409",29,50,100,50,5,0.5,0.5,1,0.5,0.8,3,TRUE,0.9,TRUE,0.75,0,0,"ACPtrial29",3.03888902139865,1.53610440403514,1,0.155555555555556,0.8,0.977777777777778
"1410",29,50,100,50,5,0.5,0.5,1,0.5,0.8,3,TRUE,0.9,TRUE,0.75,0,0,"ACPtrial29",1.94417985785185,1.59919422307893,1,0.466666666666667,0.714285714285714,1
"1411",29,50,100,50,5,0.5,0.5,1,0.5,0.8,3,TRUE,0.9,TRUE,0.75,0,0,"ACPtrial29",1.94970588451909,1.401871348958,1,0.155555555555556,0.625,0.904761904761905
"1412",29,50,100,50,5,0.5,0.5,1,0.5,0.8,3,TRUE,0.9,TRUE,0.75,0,0,"ACPtrial29",1.06445277134522,0.986046106409517,0.8,0.6,0.666666666666667,0.931818181818182
"1413",29,50,100,50,5,0.5,0.5,1,0.5,0.8,3,TRUE,0.9,TRUE,0.75,0,0,"ACPtrial29",1.2207162766542,2.49366333464254,1,0.622222222222222,0.666666666666667,0.977272727272727
"1414",29,50,100,50,5,0.5,0.5,1,0.5,0.8,3,TRUE,0.9,TRUE,0.75,0,0,"ACPtrial29",1.9882980790325,2.15961548752372,0.8,0.711111111111111,0.5,0.909090909090909
"1415",29,50,100,50,5,0.5,0.5,1,0.5,0.8,3,TRUE,0.9,TRUE,0.75,0,0,"ACPtrial29",1.30847903144801,1.18474793433348,0.8,0.688888888888889,0.428571428571429,1
"1416",29,50,100,50,5,0.5,0.5,1,0.5,0.8,3,TRUE,0.9,TRUE,0.75,0,0,"ACPtrial29",2.0371505805226,1.38617497872304,0.8,0.444444444444444,0.5,1
"1417",29,50,100,50,5,0.5,0.5,1,0.5,0.8,3,TRUE,0.9,TRUE,0.75,0,0,"ACPtrial29",1.21635784440182,2.06591917553449,0.8,0.622222222222222,0.222222222222222,0.951219512195122
"1418",29,50,100,50,5,0.5,0.5,1,0.5,0.8,3,TRUE,0.9,TRUE,0.75,0,0,"ACPtrial29",1.45527038236601,1.31991526134061,1,0.288888888888889,0.857142857142857,0.883720930232558
"1419",29,50,100,50,5,0.5,0.5,1,0.5,0.8,3,TRUE,0.9,TRUE,0.75,0,0,"ACPtrial29",3.08017845202645,1.4574099806284,0.6,0.644444444444444,0.25,0.952380952380952
"1420",29,50,100,50,5,0.5,0.5,1,0.5,0.8,3,TRUE,0.9,TRUE,0.75,0,0,"ACPtrial29",1.49862296624209,1.27524342977722,0.4,0.755555555555556,0.25,0.976190476190476
"1421",29,50,100,50,5,0.5,0.5,1,0.5,0.8,3,TRUE,0.9,TRUE,0.75,0,0,"ACPtrial29",1.14805872044584,0.881451516418123,0.8,0.622222222222222,0.666666666666667,0.977272727272727
"1422",29,50,100,50,5,0.5,0.5,1,0.5,0.8,3,TRUE,0.9,TRUE,0.75,0,0,"ACPtrial29",2.0186893071353,1.70061153349696,1,0.755555555555556,0.375,0.976190476190476
"1423",29,50,100,50,5,0.5,0.5,1,0.5,0.8,3,TRUE,0.9,TRUE,0.75,0,0,"ACPtrial29",2.0886057614986,1.11743251462255,0.8,0.288888888888889,0.272727272727273,0.974358974358974
"1424",29,50,100,50,5,0.5,0.5,1,0.5,0.8,3,TRUE,0.9,TRUE,0.75,0,0,"ACPtrial29",1.05450496816326,1.63475393996956,0.8,0.6,0.5,0.954545454545455
"1425",29,50,100,50,5,0.5,0.5,1,0.5,0.8,3,TRUE,0.9,TRUE,0.75,0,0,"ACPtrial29",1.91490443462166,1.56254914348381,0.8,0.511111111111111,0.5,0.928571428571429
"1426",29,50,100,50,5,0.5,0.5,1,0.5,0.8,3,TRUE,0.9,TRUE,0.75,0,0,"ACPtrial29",1.07335091104068,1.59449585691472,0.8,0.6,0.428571428571429,1
"1427",29,50,100,50,5,0.5,0.5,1,0.5,0.8,3,TRUE,0.9,TRUE,0.75,0,0,"ACPtrial29",1.33927130112889,1.1330704270391,0.4,0.577777777777778,0.222222222222222,1
"1428",29,50,100,50,5,0.5,0.5,1,0.5,0.8,3,TRUE,0.9,TRUE,0.75,0,0,"ACPtrial29",1.38837459065227,1.36980070501142,0.8,0.755555555555556,0.333333333333333,0.954545454545455
"1429",29,50,100,50,5,0.5,0.5,1,0.5,0.8,3,TRUE,0.9,TRUE,0.75,0,0,"ACPtrial29",0.802975675201823,1.23364882842123,1,0.622222222222222,0.6,0.977777777777778
"1430",29,50,100,50,5,0.5,0.5,1,0.5,0.8,3,TRUE,0.9,TRUE,0.75,0,0,"ACPtrial29",4.10639843243503,1.68820655522555,1,0.0666666666666667,0.428571428571429,1
"1431",29,50,100,50,5,0.5,0.5,1,0.5,0.8,3,TRUE,0.9,TRUE,0.75,0,0,"ACPtrial29",2.88149592859222,1.62622000343869,1,0.666666666666667,0.833333333333333,0.977272727272727
"1432",29,50,100,50,5,0.5,0.5,1,0.5,0.8,3,TRUE,0.9,TRUE,0.75,0,0,"ACPtrial29",2.14441530088052,1.49990647031394,1,0.222222222222222,0.4,0.975
"1433",29,50,100,50,5,0.5,0.5,1,0.5,0.8,3,TRUE,0.9,TRUE,0.75,0,0,"ACPtrial29",1.05428936034199,1.99163500667823,0.8,0.555555555555556,0.125,0.976190476190476
"1434",29,50,100,50,5,0.5,0.5,1,0.5,0.8,3,TRUE,0.9,TRUE,0.75,0,0,"ACPtrial29",1.23997915912107,1.13583166458395,0.4,0.711111111111111,0.2,0.975
"1435",29,50,100,50,5,0.5,0.5,1,0.5,0.8,3,TRUE,0.9,TRUE,0.75,0,0,"ACPtrial29",2.21555236816961,1.77757336938738,1,0.711111111111111,0.5,0.909090909090909
"1436",29,50,100,50,5,0.5,0.5,1,0.5,0.8,3,TRUE,0.9,TRUE,0.75,0,0,"ACPtrial29",2.96298506909435,1.28021695611317,0.6,0.6,0.181818181818182,0.974358974358974
"1437",29,50,100,50,5,0.5,0.5,1,0.5,0.8,3,TRUE,0.9,TRUE,0.75,0,0,"ACPtrial29",7.34085452404663,1.65681412203193,0.8,0.444444444444444,0.4,0.975
"1438",29,50,100,50,5,0.5,0.5,1,0.5,0.8,3,TRUE,0.9,TRUE,0.75,0,0,"ACPtrial29",2.35922873209534,1.55422143689728,1,0.266666666666667,0.333333333333333,0.829268292682927
"1439",29,50,100,50,5,0.5,0.5,1,0.5,0.8,3,TRUE,0.9,TRUE,0.75,0,0,"ACPtrial29",15.0312232979042,2.67142014556487,0.6,0.555555555555556,0.25,0.976190476190476
"1440",29,50,100,50,5,0.5,0.5,1,0.5,0.8,3,TRUE,0.9,TRUE,0.75,0,0,"ACPtrial29",2.47778098315401,1.56154789477584,0.4,0.6,0.25,0.928571428571429
"1441",29,50,100,50,5,0.5,0.5,1,0.5,0.8,3,TRUE,0.9,TRUE,0.75,0,0,"ACPtrial29",1.8566536053554,1.32564313908929,0.8,0.288888888888889,0.428571428571429,0.86046511627907
"1442",29,50,100,50,5,0.5,0.5,1,0.5,0.8,3,TRUE,0.9,TRUE,0.75,0,0,"ACPtrial29",1.88366900546393,1.45481825296555,0.6,0.733333333333333,0.25,0.976190476190476
"1443",29,50,100,50,5,0.5,0.5,1,0.5,0.8,3,TRUE,0.9,TRUE,0.75,0,0,"ACPtrial29",2.05600153324309,2.42458302972284,0.8,0.444444444444444,0.222222222222222,1
"1444",29,50,100,50,5,0.5,0.5,1,0.5,0.8,3,TRUE,0.9,TRUE,0.75,0,0,"ACPtrial29",5.90306729689121,1.40233333002752,1,0.311111111111111,0.166666666666667,0.977272727272727
"1445",29,50,100,50,5,0.5,0.5,1,0.5,0.8,3,TRUE,0.9,TRUE,0.75,0,0,"ACPtrial29",1.83426943896198,1.58903245102878,0.8,0.488888888888889,0.25,0.904761904761905
"1446",29,50,100,50,5,0.5,0.5,1,0.5,0.8,3,TRUE,0.9,TRUE,0.75,0,0,"ACPtrial29",4.3800455447915,1.85274665057617,1,0.111111111111111,0.375,0.976190476190476
"1447",29,50,100,50,5,0.5,0.5,1,0.5,0.8,3,TRUE,0.9,TRUE,0.75,0,0,"ACPtrial29",1.32871565541853,1.30202461502401,1,0.6,0.666666666666667,1
"1448",29,50,100,50,5,0.5,0.5,1,0.5,0.8,3,TRUE,0.9,TRUE,0.75,0,0,"ACPtrial29",1.20459642635205,2.01872351146741,1,0.577777777777778,0.333333333333333,1
"1449",29,50,100,50,5,0.5,0.5,1,0.5,0.8,3,TRUE,0.9,TRUE,0.75,0,0,"ACPtrial29",1.26686306912891,1.50620601274666,0.8,0.488888888888889,0.375,1
"1450",29,50,100,50,5,0.5,0.5,1,0.5,0.8,3,TRUE,0.9,TRUE,0.75,0,0,"ACPtrial29",0.974172939642019,1.39455373784794,0.8,0.711111111111111,0.5,1
"1451",30,50,100,50,5,0.5,0.5,1,0.5,0.8,3,TRUE,0.9,TRUE,0.75,0,0,"ACPtrial30",2.08854349935962,1.67864020855534,1,0.511111111111111,0.625,0.976190476190476
"1452",30,50,100,50,5,0.5,0.5,1,0.5,0.8,3,TRUE,0.9,TRUE,0.75,0,0,"ACPtrial30",0.82056759128711,1.26302708702224,1,0.844444444444444,0.5,0.977272727272727
"1453",30,50,100,50,5,0.5,0.5,1,0.5,0.8,3,TRUE,0.9,TRUE,0.75,0,0,"ACPtrial30",3.94957723724253,2.12626694107154,0.8,0.644444444444444,0.333333333333333,0.975609756097561
"1454",30,50,100,50,5,0.5,0.5,1,0.5,0.8,3,TRUE,0.9,TRUE,0.75,0,0,"ACPtrial30",2.53701470857483,2.13704772380978,0.8,0.6,0.571428571428571,0.953488372093023
"1455",30,50,100,50,5,0.5,0.5,1,0.5,0.8,3,TRUE,0.9,TRUE,0.75,0,0,"ACPtrial30",7.62191847226532,1.35540769018057,0.8,0.0888888888888889,0.222222222222222,0.951219512195122
"1456",30,50,100,50,5,0.5,0.5,1,0.5,0.8,3,TRUE,0.9,TRUE,0.75,0,0,"ACPtrial30",1.26760721159395,1.15856188631977,1,0.733333333333333,0.285714285714286,0.976744186046512
"1457",30,50,100,50,5,0.5,0.5,1,0.5,0.8,3,TRUE,0.9,TRUE,0.75,0,0,"ACPtrial30",1.62311145572209,1.50935282075127,0.6,0.777777777777778,0.5,0.977272727272727
"1458",30,50,100,50,5,0.5,0.5,1,0.5,0.8,3,TRUE,0.9,TRUE,0.75,0,0,"ACPtrial30",1.50723049148282,1.48071025743347,1,0.6,0.666666666666667,1
"1459",30,50,100,50,5,0.5,0.5,1,0.5,0.8,3,TRUE,0.9,TRUE,0.75,0,0,"ACPtrial30",1.23188153211069,1.49768005623123,0.8,0.666666666666667,0.4,0.975
"1460",30,50,100,50,5,0.5,0.5,1,0.5,0.8,3,TRUE,0.9,TRUE,0.75,0,0,"ACPtrial30",1.74878777368977,1.29112784875181,0.6,0.622222222222222,0.181818181818182,0.974358974358974
"1461",30,50,100,50,5,0.5,0.5,1,0.5,0.8,3,TRUE,0.9,TRUE,0.75,0,0,"ACPtrial30",2.96111723734467,1.7079103657172,0.8,0.622222222222222,0.5,0.977272727272727
"1462",30,50,100,50,5,0.5,0.5,1,0.5,0.8,3,TRUE,0.9,TRUE,0.75,0,0,"ACPtrial30",2.12334858377356,1.81229963240492,0.8,0.422222222222222,0.666666666666667,0.909090909090909
"1463",30,50,100,50,5,0.5,0.5,1,0.5,0.8,3,TRUE,0.9,TRUE,0.75,0,0,"ACPtrial30",3.21762944129457,1.88108182395054,0.4,0.555555555555556,0.333333333333333,0.977272727272727
"1464",30,50,100,50,5,0.5,0.5,1,0.5,0.8,3,TRUE,0.9,TRUE,0.75,0,0,"ACPtrial30",2.56481382077192,1.06817732376269,0.6,0.688888888888889,0.333333333333333,0.954545454545455
"1465",30,50,100,50,5,0.5,0.5,1,0.5,0.8,3,TRUE,0.9,TRUE,0.75,0,0,"ACPtrial30",3.12241400077926,1.77421572435042,0.8,0.288888888888889,0.428571428571429,0.976744186046512
"1466",30,50,100,50,5,0.5,0.5,1,0.5,0.8,3,TRUE,0.9,TRUE,0.75,0,0,"ACPtrial30",0.844822250301163,0.920235941571081,0.6,0.755555555555556,0.25,0.976190476190476
"1467",30,50,100,50,5,0.5,0.5,1,0.5,0.8,3,TRUE,0.9,TRUE,0.75,0,0,"ACPtrial30",1.38231747700182,1.38151014556816,0.8,0.688888888888889,0.6,1
"1468",30,50,100,50,5,0.5,0.5,1,0.5,0.8,3,TRUE,0.9,TRUE,0.75,0,0,"ACPtrial30",1.36893211955116,1.08384773402445,0.8,0.6,0.4,0.977777777777778
"1469",30,50,100,50,5,0.5,0.5,1,0.5,0.8,3,TRUE,0.9,TRUE,0.75,0,0,"ACPtrial30",1.6748585340484,1.87614630700653,0.8,0.688888888888889,0.375,0.976190476190476
"1470",30,50,100,50,5,0.5,0.5,1,0.5,0.8,3,TRUE,0.9,TRUE,0.75,0,0,"ACPtrial30",4.10970317462257,1.79196875338627,0.6,0.355555555555556,0.5,0.931818181818182
"1471",30,50,100,50,5,0.5,0.5,1,0.5,0.8,3,TRUE,0.9,TRUE,0.75,0,0,"ACPtrial30",1.53744531590414,1.60698921038248,1,0.577777777777778,0.5,0.977272727272727
"1472",30,50,100,50,5,0.5,0.5,1,0.5,0.8,3,TRUE,0.9,TRUE,0.75,0,0,"ACPtrial30",1.71900349264559,2.4437593426323,0.6,0.288888888888889,0.3,0.95
"1473",30,50,100,50,5,0.5,0.5,1,0.5,0.8,3,TRUE,0.9,TRUE,0.75,0,0,"ACPtrial30",1.15782026395908,1.30744668356531,0.6,0.644444444444444,0.285714285714286,0.930232558139535
"1474",30,50,100,50,5,0.5,0.5,1,0.5,0.8,3,TRUE,0.9,TRUE,0.75,0,0,"ACPtrial30",1.64373935856143,1.57650512479557,1,0.422222222222222,0.6,0.955555555555556
"1475",30,50,100,50,5,0.5,0.5,1,0.5,0.8,3,TRUE,0.9,TRUE,0.75,0,0,"ACPtrial30",1.86010991157681,1.2082874019745,0.8,0.511111111111111,0.571428571428571,0.976744186046512
"1476",30,50,100,50,5,0.5,0.5,1,0.5,0.8,3,TRUE,0.9,TRUE,0.75,0,0,"ACPtrial30",3.62701943389495,1.68196534076739,1,0.577777777777778,0.375,1
"1477",30,50,100,50,5,0.5,0.5,1,0.5,0.8,3,TRUE,0.9,TRUE,0.75,0,0,"ACPtrial30",1.95509478050661,1.63179774443069,0.8,0.577777777777778,0.444444444444444,0.975609756097561
"1478",30,50,100,50,5,0.5,0.5,1,0.5,0.8,3,TRUE,0.9,TRUE,0.75,0,0,"ACPtrial30",1.06572538102624,1.38779357338465,1,0.755555555555556,0.875,0.976190476190476
"1479",30,50,100,50,5,0.5,0.5,1,0.5,0.8,3,TRUE,0.9,TRUE,0.75,0,0,"ACPtrial30",3.47591123926924,1.42364721554969,1,0.488888888888889,0.333333333333333,1
"1480",30,50,100,50,5,0.5,0.5,1,0.5,0.8,3,TRUE,0.9,TRUE,0.75,0,0,"ACPtrial30",0.808881676835925,1.10131020171859,0.4,0.755555555555556,0.222222222222222,0.975609756097561
"1481",30,50,100,50,5,0.5,0.5,1,0.5,0.8,3,TRUE,0.9,TRUE,0.75,0,0,"ACPtrial30",0.834453500106926,1.65543183046149,0.8,0.733333333333333,0.375,0.952380952380952
"1482",30,50,100,50,5,0.5,0.5,1,0.5,0.8,3,TRUE,0.9,TRUE,0.75,0,0,"ACPtrial30",1.37191551954103,1.86397682075342,0.4,0.688888888888889,0.2,0.975
"1483",30,50,100,50,5,0.5,0.5,1,0.5,0.8,3,TRUE,0.9,TRUE,0.75,0,0,"ACPtrial30",1.63488654346994,1.45906961599509,1,0.511111111111111,0.625,0.857142857142857
"1484",30,50,100,50,5,0.5,0.5,1,0.5,0.8,3,TRUE,0.9,TRUE,0.75,0,0,"ACPtrial30",1.17047057724224,1.35468283827113,0.6,0.888888888888889,0,1
"1485",30,50,100,50,5,0.5,0.5,1,0.5,0.8,3,TRUE,0.9,TRUE,0.75,0,0,"ACPtrial30",1.57808575730747,1.927762076855,1,0.755555555555556,0.5,1
"1486",30,50,100,50,5,0.5,0.5,1,0.5,0.8,3,TRUE,0.9,TRUE,0.75,0,0,"ACPtrial30",3.73874383342865,2.67699065417741,0.6,0.622222222222222,0.181818181818182,0.923076923076923
"1487",30,50,100,50,5,0.5,0.5,1,0.5,0.8,3,TRUE,0.9,TRUE,0.75,0,0,"ACPtrial30",2.59307108617615,1.63958293511367,1,0.333333333333333,0.5,0.977272727272727
"1488",30,50,100,50,5,0.5,0.5,1,0.5,0.8,3,TRUE,0.9,TRUE,0.75,0,0,"ACPtrial30",0.856111032357129,1.45731495830077,1,0.688888888888889,0.375,1
"1489",30,50,100,50,5,0.5,0.5,1,0.5,0.8,3,TRUE,0.9,TRUE,0.75,0,0,"ACPtrial30",2.00887679546623,1.19547647818465,1,0.444444444444444,0.181818181818182,1
"1490",30,50,100,50,5,0.5,0.5,1,0.5,0.8,3,TRUE,0.9,TRUE,0.75,0,0,"ACPtrial30",1.33924948159303,1.26380522730197,1,0.666666666666667,0.571428571428571,0.976744186046512
"1491",30,50,100,50,5,0.5,0.5,1,0.5,0.8,3,TRUE,0.9,TRUE,0.75,0,0,"ACPtrial30",0.775671644561885,1.59490454637492,0.8,0.777777777777778,0.5,1
"1492",30,50,100,50,5,0.5,0.5,1,0.5,0.8,3,TRUE,0.9,TRUE,0.75,0,0,"ACPtrial30",3.00409684551763,1.01929870915101,0.8,0.6,0.285714285714286,1
"1493",30,50,100,50,5,0.5,0.5,1,0.5,0.8,3,TRUE,0.9,TRUE,0.75,0,0,"ACPtrial30",2.49775730798488,1.23778278672065,0.6,0.4,0.333333333333333,0.977272727272727
"1494",30,50,100,50,5,0.5,0.5,1,0.5,0.8,3,TRUE,0.9,TRUE,0.75,0,0,"ACPtrial30",1.57430196995343,0.92494776512827,0.6,0.466666666666667,0.4,0.955555555555556
"1495",30,50,100,50,5,0.5,0.5,1,0.5,0.8,3,TRUE,0.9,TRUE,0.75,0,0,"ACPtrial30",2.67705206382258,2.31980148688347,1,0.555555555555556,0.5,0.928571428571429
"1496",30,50,100,50,5,0.5,0.5,1,0.5,0.8,3,TRUE,0.9,TRUE,0.75,0,0,"ACPtrial30",3.82039837372522,1.83300085592178,1,0.311111111111111,0.571428571428571,0.953488372093023
"1497",30,50,100,50,5,0.5,0.5,1,0.5,0.8,3,TRUE,0.9,TRUE,0.75,0,0,"ACPtrial30",4.03476939159405,1.88035010070537,0.6,0.577777777777778,0.333333333333333,0.977272727272727
"1498",30,50,100,50,5,0.5,0.5,1,0.5,0.8,3,TRUE,0.9,TRUE,0.75,0,0,"ACPtrial30",1.86472805994129,1.78903745891809,0.4,0.688888888888889,0.285714285714286,0.930232558139535
"1499",30,50,100,50,5,0.5,0.5,1,0.5,0.8,3,TRUE,0.9,TRUE,0.75,0,0,"ACPtrial30",2.0660003796551,1.37880081814097,0.8,0.488888888888889,0.5,0.954545454545455
"1500",30,50,100,50,5,0.5,0.5,1,0.5,0.8,3,TRUE,0.9,TRUE,0.75,0,0,"ACPtrial30",4.28504121125395,1.39505197058654,1,0.311111111111111,0.625,0.904761904761905
"1501",31,50,100,50,5,0.5,0.5,1,0.5,0.8,3,TRUE,0.9,TRUE,0.75,0,0,"ACPtrial31",1.64668057970631,2.19831942479428,0.6,0.577777777777778,0.428571428571429,0.976744186046512
"1502",31,50,100,50,5,0.5,0.5,1,0.5,0.8,3,TRUE,0.9,TRUE,0.75,0,0,"ACPtrial31",1.31735195048865,1.59952719337122,0.8,0.644444444444444,0.428571428571429,1
"1503",31,50,100,50,5,0.5,0.5,1,0.5,0.8,3,TRUE,0.9,TRUE,0.75,0,0,"ACPtrial31",1.8655034797924,1.46118322447127,0.6,0.755555555555556,0.333333333333333,0.977272727272727
"1504",31,50,100,50,5,0.5,0.5,1,0.5,0.8,3,TRUE,0.9,TRUE,0.75,0,0,"ACPtrial31",1.36660165475308,1.00477642519999,0.6,0.888888888888889,0.285714285714286,1
"1505",31,50,100,50,5,0.5,0.5,1,0.5,0.8,3,TRUE,0.9,TRUE,0.75,0,0,"ACPtrial31",1.92234432884069,1.35274969409617,0.8,0.6,0.222222222222222,0.975609756097561
"1506",31,50,100,50,5,0.5,0.5,1,0.5,0.8,3,TRUE,0.9,TRUE,0.75,0,0,"ACPtrial31",1.20395398266359,0.717868335245832,0.4,0.733333333333333,0.3,0.95
"1507",31,50,100,50,5,0.5,0.5,1,0.5,0.8,3,TRUE,0.9,TRUE,0.75,0,0,"ACPtrial31",3.75416539244776,1.74418508247413,1,0.711111111111111,0.5,1
"1508",31,50,100,50,5,0.5,0.5,1,0.5,0.8,3,TRUE,0.9,TRUE,0.75,0,0,"ACPtrial31",1.52136464481563,1.64060519016028,0.6,0.6,0.4,0.888888888888889
"1509",31,50,100,50,5,0.5,0.5,1,0.5,0.8,3,TRUE,0.9,TRUE,0.75,0,0,"ACPtrial31",1.49481272171366,1.38907362847503,0.8,0.555555555555556,0.25,0.976190476190476
"1510",31,50,100,50,5,0.5,0.5,1,0.5,0.8,3,TRUE,0.9,TRUE,0.75,0,0,"ACPtrial31",0.835209329488839,1.21396013472842,1,0.777777777777778,0.375,1
"1511",31,50,100,50,5,0.5,0.5,1,0.5,0.8,3,TRUE,0.9,TRUE,0.75,0,0,"ACPtrial31",1.99399752761967,1.67317672898219,1,0.422222222222222,0.714285714285714,1
"1512",31,50,100,50,5,0.5,0.5,1,0.5,0.8,3,TRUE,0.9,TRUE,0.75,0,0,"ACPtrial31",3.87571510280572,1.83668513800618,0.8,0.688888888888889,0.571428571428571,0.976744186046512
"1513",31,50,100,50,5,0.5,0.5,1,0.5,0.8,3,TRUE,0.9,TRUE,0.75,0,0,"ACPtrial31",1.59751064743275,1.24498469246942,0.8,0.511111111111111,0.555555555555556,0.951219512195122
"1514",31,50,100,50,5,0.5,0.5,1,0.5,0.8,3,TRUE,0.9,TRUE,0.75,0,0,"ACPtrial31",3.89066704035603,2.30060216976029,1,0.355555555555556,0.5,1
"1515",31,50,100,50,5,0.5,0.5,1,0.5,0.8,3,TRUE,0.9,TRUE,0.75,0,0,"ACPtrial31",2.09893713856782,1.34362514085204,0.8,0.488888888888889,0.8,0.977777777777778
"1516",31,50,100,50,5,0.5,0.5,1,0.5,0.8,3,TRUE,0.9,TRUE,0.75,0,0,"ACPtrial31",1.75976393757463,1.25178882764344,1,0.711111111111111,0.666666666666667,1
"1517",31,50,100,50,5,0.5,0.5,1,0.5,0.8,3,TRUE,0.9,TRUE,0.75,0,0,"ACPtrial31",0.89312312859977,1.43554015827071,0.8,0.866666666666667,0.363636363636364,1
"1518",31,50,100,50,5,0.5,0.5,1,0.5,0.8,3,TRUE,0.9,TRUE,0.75,0,0,"ACPtrial31",2.71699562751789,1.69011109364851,1,0.555555555555556,1,1
"1519",31,50,100,50,5,0.5,0.5,1,0.5,0.8,3,TRUE,0.9,TRUE,0.75,0,0,"ACPtrial31",1.92268149098179,2.35347006343628,1,0.422222222222222,0.9,0.775
"1520",31,50,100,50,5,0.5,0.5,1,0.5,0.8,3,TRUE,0.9,TRUE,0.75,0,0,"ACPtrial31",3.15715210578748,1.72892285991897,1,0.622222222222222,0.6,0.955555555555556
"1521",31,50,100,50,5,0.5,0.5,1,0.5,0.8,3,TRUE,0.9,TRUE,0.75,0,0,"ACPtrial31",1.2283542990355,1.58978862601746,1,0.688888888888889,0.222222222222222,0.975609756097561
"1522",31,50,100,50,5,0.5,0.5,1,0.5,0.8,3,TRUE,0.9,TRUE,0.75,0,0,"ACPtrial31",1.95494662944735,1.83225856212606,1,0.533333333333333,0.571428571428571,0.976744186046512
"1523",31,50,100,50,5,0.5,0.5,1,0.5,0.8,3,TRUE,0.9,TRUE,0.75,0,0,"ACPtrial31",4.57971354827867,1.24219774909139,0.6,0.8,0.222222222222222,1
"1524",31,50,100,50,5,0.5,0.5,1,0.5,0.8,3,TRUE,0.9,TRUE,0.75,0,0,"ACPtrial31",4.88847831608445,1.26584943794549,1,0.177777777777778,0.666666666666667,1
"1525",31,50,100,50,5,0.5,0.5,1,0.5,0.8,3,TRUE,0.9,TRUE,0.75,0,0,"ACPtrial31",1.67965343751821,1.33488649748159,0.8,0.466666666666667,0.428571428571429,1
"1526",31,50,100,50,5,0.5,0.5,1,0.5,0.8,3,TRUE,0.9,TRUE,0.75,0,0,"ACPtrial31",3.4443016471729,1.47566942224207,0.6,0.533333333333333,0.428571428571429,0.953488372093023
"1527",31,50,100,50,5,0.5,0.5,1,0.5,0.8,3,TRUE,0.9,TRUE,0.75,0,0,"ACPtrial31",1.39996948161099,1.18703314535097,0.4,0.711111111111111,0.3,0.975
"1528",31,50,100,50,5,0.5,0.5,1,0.5,0.8,3,TRUE,0.9,TRUE,0.75,0,0,"ACPtrial31",1.27974808180035,1.15055248418147,0.4,0.733333333333333,0.5,1
"1529",31,50,100,50,5,0.5,0.5,1,0.5,0.8,3,TRUE,0.9,TRUE,0.75,0,0,"ACPtrial31",1.31123012136621,1.92052420622805,1,0.755555555555556,0.571428571428571,0.953488372093023
"1530",31,50,100,50,5,0.5,0.5,1,0.5,0.8,3,TRUE,0.9,TRUE,0.75,0,0,"ACPtrial31",2.37253617122844,1.43938790417061,1,0.511111111111111,0.428571428571429,0.953488372093023
"1531",31,50,100,50,5,0.5,0.5,1,0.5,0.8,3,TRUE,0.9,TRUE,0.75,0,0,"ACPtrial31",2.00072511978665,1.55926943002435,1,0.466666666666667,0.714285714285714,0.976744186046512
"1532",31,50,100,50,5,0.5,0.5,1,0.5,0.8,3,TRUE,0.9,TRUE,0.75,0,0,"ACPtrial31",1.26725274786056,1.49912025118297,0.6,0.733333333333333,0.333333333333333,0.975609756097561
"1533",31,50,100,50,5,0.5,0.5,1,0.5,0.8,3,TRUE,0.9,TRUE,0.75,0,0,"ACPtrial31",1.61817269461402,1.56152398140049,0.8,0.555555555555556,0.5,0.886363636363636
"1534",31,50,100,50,5,0.5,0.5,1,0.5,0.8,3,TRUE,0.9,TRUE,0.75,0,0,"ACPtrial31",1.4864547947767,1.32456865966951,0.8,0.533333333333333,0.714285714285714,0.930232558139535
"1535",31,50,100,50,5,0.5,0.5,1,0.5,0.8,3,TRUE,0.9,TRUE,0.75,0,0,"ACPtrial31",1.41502809185842,1.55937324877598,1,0.466666666666667,0.222222222222222,0.951219512195122
"1536",31,50,100,50,5,0.5,0.5,1,0.5,0.8,3,TRUE,0.9,TRUE,0.75,0,0,"ACPtrial31",1.70349782859249,1.2971355127023,0.8,0.733333333333333,0.222222222222222,0.975609756097561
"1537",31,50,100,50,5,0.5,0.5,1,0.5,0.8,3,TRUE,0.9,TRUE,0.75,0,0,"ACPtrial31",3.06818671538599,1.29715290700345,0.4,0.777777777777778,0.3,0.975
"1538",31,50,100,50,5,0.5,0.5,1,0.5,0.8,3,TRUE,0.9,TRUE,0.75,0,0,"ACPtrial31",1.48997621671123,1.53825501132069,0.8,0.333333333333333,0.5,0.952380952380952
"1539",31,50,100,50,5,0.5,0.5,1,0.5,0.8,3,TRUE,0.9,TRUE,0.75,0,0,"ACPtrial31",1.82539302134246,1.31092037121864,0.6,0.511111111111111,0.25,1
"1540",31,50,100,50,5,0.5,0.5,1,0.5,0.8,3,TRUE,0.9,TRUE,0.75,0,0,"ACPtrial31",1.60553532820161,1.81828343074817,1,0.333333333333333,0.5,0.714285714285714
"1541",31,50,100,50,5,0.5,0.5,1,0.5,0.8,3,TRUE,0.9,TRUE,0.75,0,0,"ACPtrial31",6.36767298498498,1.44349589013561,1,0.377777777777778,0.375,0.952380952380952
"1542",31,50,100,50,5,0.5,0.5,1,0.5,0.8,3,TRUE,0.9,TRUE,0.75,0,0,"ACPtrial31",1.58922922206784,1.96181795012662,0.8,0.844444444444444,0.333333333333333,1
"1543",31,50,100,50,5,0.5,0.5,1,0.5,0.8,3,TRUE,0.9,TRUE,0.75,0,0,"ACPtrial31",2.23901093827478,1.65072285923247,0.6,0.644444444444444,0.428571428571429,1
"1544",31,50,100,50,5,0.5,0.5,1,0.5,0.8,3,TRUE,0.9,TRUE,0.75,0,0,"ACPtrial31",1.90106128211803,2.18930904959329,0.8,0.533333333333333,0.4,0.977777777777778
"1545",31,50,100,50,5,0.5,0.5,1,0.5,0.8,3,TRUE,0.9,TRUE,0.75,0,0,"ACPtrial31",1.28922011212201,1.05533223220724,1,0.711111111111111,0.75,1
"1546",31,50,100,50,5,0.5,0.5,1,0.5,0.8,3,TRUE,0.9,TRUE,0.75,0,0,"ACPtrial31",2.13496705790408,1.47667662978304,0.8,0.688888888888889,0.833333333333333,1
"1547",31,50,100,50,5,0.5,0.5,1,0.5,0.8,3,TRUE,0.9,TRUE,0.75,0,0,"ACPtrial31",1.28211449040292,2.54347768032204,1,0.422222222222222,0.8,0.933333333333333
"1548",31,50,100,50,5,0.5,0.5,1,0.5,0.8,3,TRUE,0.9,TRUE,0.75,0,0,"ACPtrial31",1.79756503870457,1.25489863002471,1,0.466666666666667,0.428571428571429,0.976744186046512
"1549",31,50,100,50,5,0.5,0.5,1,0.5,0.8,3,TRUE,0.9,TRUE,0.75,0,0,"ACPtrial31",1.91549963270969,1.18297136507612,1,0.577777777777778,0.666666666666667,1
"1550",31,50,100,50,5,0.5,0.5,1,0.5,0.8,3,TRUE,0.9,TRUE,0.75,0,0,"ACPtrial31",2.01382683393102,1.8903664652245,0.4,0.644444444444444,0.25,0.928571428571429
"1551",32,50,100,50,5,0.5,0.5,1,0.5,0.8,3,TRUE,0.9,TRUE,0.75,0,0,"ACPtrial32",1.24469763534872,1.14382745125861,1,0.644444444444444,0.666666666666667,0.977272727272727
"1552",32,50,100,50,5,0.5,0.5,1,0.5,0.8,3,TRUE,0.9,TRUE,0.75,0,0,"ACPtrial32",2.18037453536243,2.13453871392135,1,0.511111111111111,0.8,0.933333333333333
"1553",32,50,100,50,5,0.5,0.5,1,0.5,0.8,3,TRUE,0.9,TRUE,0.75,0,0,"ACPtrial32",1.13317049558468,1.21412571854629,0.8,0.577777777777778,0.25,0.976190476190476
"1554",32,50,100,50,5,0.5,0.5,1,0.5,0.8,3,TRUE,0.9,TRUE,0.75,0,0,"ACPtrial32",0.839052393402923,1.26405815435549,1,0.8,0.428571428571429,0.976744186046512
"1555",32,50,100,50,5,0.5,0.5,1,0.5,0.8,3,TRUE,0.9,TRUE,0.75,0,0,"ACPtrial32",1.40035089665267,1.35785692636289,0.6,0.644444444444444,0.6,0.977777777777778
"1556",32,50,100,50,5,0.5,0.5,1,0.5,0.8,3,TRUE,0.9,TRUE,0.75,0,0,"ACPtrial32",2.98299068917076,1.28074186462786,0.4,0.444444444444444,0.285714285714286,0.953488372093023
"1557",32,50,100,50,5,0.5,0.5,1,0.5,0.8,3,TRUE,0.9,TRUE,0.75,0,0,"ACPtrial32",1.31340588677093,1.4990272655658,1,0.533333333333333,0.625,0.976190476190476
"1558",32,50,100,50,5,0.5,0.5,1,0.5,0.8,3,TRUE,0.9,TRUE,0.75,0,0,"ACPtrial32",1.42958437019579,1.27736610631033,1,0.288888888888889,0.5,0.904761904761905
"1559",32,50,100,50,5,0.5,0.5,1,0.5,0.8,3,TRUE,0.9,TRUE,0.75,0,0,"ACPtrial32",1.1497595849156,1.36063654962347,1,0.511111111111111,1,0.911111111111111
"1560",32,50,100,50,5,0.5,0.5,1,0.5,0.8,3,TRUE,0.9,TRUE,0.75,0,0,"ACPtrial32",1.80965825819508,2.2776097384972,1,0.644444444444444,0.444444444444444,0.975609756097561
"1561",32,50,100,50,5,0.5,0.5,1,0.5,0.8,3,TRUE,0.9,TRUE,0.75,0,0,"ACPtrial32",2.48779202612408,1.14805091706644,0.6,0.377777777777778,0.25,1
"1562",32,50,100,50,5,0.5,0.5,1,0.5,0.8,3,TRUE,0.9,TRUE,0.75,0,0,"ACPtrial32",1.25084603119132,1.17605275911902,0.6,0.644444444444444,0.285714285714286,0.976744186046512
"1563",32,50,100,50,5,0.5,0.5,1,0.5,0.8,3,TRUE,0.9,TRUE,0.75,0,0,"ACPtrial32",1.51531172359818,1.21605887973239,1,0.244444444444444,0.3,1
"1564",32,50,100,50,5,0.5,0.5,1,0.5,0.8,3,TRUE,0.9,TRUE,0.75,0,0,"ACPtrial32",1.97102086233842,2.61354635504269,0.8,0.711111111111111,0.6,0.911111111111111
"1565",32,50,100,50,5,0.5,0.5,1,0.5,0.8,3,TRUE,0.9,TRUE,0.75,0,0,"ACPtrial32",1.59431068597954,1.49898819209827,1,0.422222222222222,0.5,1
"1566",32,50,100,50,5,0.5,0.5,1,0.5,0.8,3,TRUE,0.9,TRUE,0.75,0,0,"ACPtrial32",1.84146773005322,1.32564091849403,0.8,0.444444444444444,0.222222222222222,0.926829268292683
"1567",32,50,100,50,5,0.5,0.5,1,0.5,0.8,3,TRUE,0.9,TRUE,0.75,0,0,"ACPtrial32",5.84808791491584,1.67809485259196,0.8,0.422222222222222,0.4,0.955555555555556
"1568",32,50,100,50,5,0.5,0.5,1,0.5,0.8,3,TRUE,0.9,TRUE,0.75,0,0,"ACPtrial32",0.858983699971857,1.20137740582086,0.6,0.8,0.4,1
"1569",32,50,100,50,5,0.5,0.5,1,0.5,0.8,3,TRUE,0.9,TRUE,0.75,0,0,"ACPtrial32",3.09833550511203,3.05514139137668,1,0.755555555555556,0.666666666666667,0.931818181818182
"1570",32,50,100,50,5,0.5,0.5,1,0.5,0.8,3,TRUE,0.9,TRUE,0.75,0,0,"ACPtrial32",1.77603467006923,1.45425938729222,0.8,0.711111111111111,0.5,0.977272727272727
"1571",32,50,100,50,5,0.5,0.5,1,0.5,0.8,3,TRUE,0.9,TRUE,0.75,0,0,"ACPtrial32",1.24184541571536,1.52272807594567,1,0.577777777777778,0.25,0.928571428571429
"1572",32,50,100,50,5,0.5,0.5,1,0.5,0.8,3,TRUE,0.9,TRUE,0.75,0,0,"ACPtrial32",1.88381443650873,1.75537924831318,1,0.266666666666667,0.142857142857143,0.953488372093023
"1573",32,50,100,50,5,0.5,0.5,1,0.5,0.8,3,TRUE,0.9,TRUE,0.75,0,0,"ACPtrial32",2.49577228219373,2.64255170541633,0.6,0.6,0.222222222222222,0.926829268292683
"1574",32,50,100,50,5,0.5,0.5,1,0.5,0.8,3,TRUE,0.9,TRUE,0.75,0,0,"ACPtrial32",1.71058282459732,1.85099869239525,0.6,0.711111111111111,0.25,0.952380952380952
"1575",32,50,100,50,5,0.5,0.5,1,0.5,0.8,3,TRUE,0.9,TRUE,0.75,0,0,"ACPtrial32",1.37580675370096,1.22348290364371,0.4,0.622222222222222,0.333333333333333,0.977272727272727
"1576",32,50,100,50,5,0.5,0.5,1,0.5,0.8,3,TRUE,0.9,TRUE,0.75,0,0,"ACPtrial32",1.88291578353195,2.0031805397232,1,0.644444444444444,0.714285714285714,0.883720930232558
"1577",32,50,100,50,5,0.5,0.5,1,0.5,0.8,3,TRUE,0.9,TRUE,0.75,0,0,"ACPtrial32",1.38407829614603,1.13836652745036,1,0.555555555555556,0.333333333333333,1
"1578",32,50,100,50,5,0.5,0.5,1,0.5,0.8,3,TRUE,0.9,TRUE,0.75,0,0,"ACPtrial32",0.925824811427158,1.48946550110946,1,0.444444444444444,0.571428571428571,0.930232558139535
"1579",32,50,100,50,5,0.5,0.5,1,0.5,0.8,3,TRUE,0.9,TRUE,0.75,0,0,"ACPtrial32",2.84339007058913,1.35901441530719,1,0.222222222222222,0.25,1
"1580",32,50,100,50,5,0.5,0.5,1,0.5,0.8,3,TRUE,0.9,TRUE,0.75,0,0,"ACPtrial32",1.37532550592421,1.27034122774912,0.8,0.6,0.333333333333333,0.931818181818182
"1581",32,50,100,50,5,0.5,0.5,1,0.5,0.8,3,TRUE,0.9,TRUE,0.75,0,0,"ACPtrial32",2.46547705976878,1.67300968335527,1,0.333333333333333,0.555555555555556,0.975609756097561
"1582",32,50,100,50,5,0.5,0.5,1,0.5,0.8,3,TRUE,0.9,TRUE,0.75,0,0,"ACPtrial32",2.83874499712359,3.55346103014609,1,0.511111111111111,0.222222222222222,0.926829268292683
"1583",32,50,100,50,5,0.5,0.5,1,0.5,0.8,3,TRUE,0.9,TRUE,0.75,0,0,"ACPtrial32",1.96736091911934,1.28221224535502,1,0.466666666666667,0.8,0.955555555555556
"1584",32,50,100,50,5,0.5,0.5,1,0.5,0.8,3,TRUE,0.9,TRUE,0.75,0,0,"ACPtrial32",2.25548181657122,1.79293560450198,0.8,0.733333333333333,0.285714285714286,0.976744186046512
"1585",32,50,100,50,5,0.5,0.5,1,0.5,0.8,3,TRUE,0.9,TRUE,0.75,0,0,"ACPtrial32",1.53284744073842,1.22991537293159,1,0.777777777777778,0.571428571428571,0.976744186046512
"1586",32,50,100,50,5,0.5,0.5,1,0.5,0.8,3,TRUE,0.9,TRUE,0.75,0,0,"ACPtrial32",2.34447132750188,1.51649590934906,1,0.422222222222222,0.444444444444444,1
"1587",32,50,100,50,5,0.5,0.5,1,0.5,0.8,3,TRUE,0.9,TRUE,0.75,0,0,"ACPtrial32",3.88459650012137,1.28096476162229,0.6,0.422222222222222,0.333333333333333,1
"1588",32,50,100,50,5,0.5,0.5,1,0.5,0.8,3,TRUE,0.9,TRUE,0.75,0,0,"ACPtrial32",2.25411821747355,1.92517780864773,1,0.555555555555556,0.666666666666667,0.886363636363636
"1589",32,50,100,50,5,0.5,0.5,1,0.5,0.8,3,TRUE,0.9,TRUE,0.75,0,0,"ACPtrial32",3.8850540388461,2.1140548351696,1,0.577777777777778,0.571428571428571,0.976744186046512
"1590",32,50,100,50,5,0.5,0.5,1,0.5,0.8,3,TRUE,0.9,TRUE,0.75,0,0,"ACPtrial32",1.2802189496525,1.44780356450993,1,0.577777777777778,0.5,0.863636363636364
"1591",32,50,100,50,5,0.5,0.5,1,0.5,0.8,3,TRUE,0.9,TRUE,0.75,0,0,"ACPtrial32",0.861758955094459,1.15286732391023,1,0.666666666666667,0.571428571428571,0.976744186046512
"1592",32,50,100,50,5,0.5,0.5,1,0.5,0.8,3,TRUE,0.9,TRUE,0.75,0,0,"ACPtrial32",1.22245243436145,1.13435327295322,1,0.533333333333333,0.5,0.931818181818182
"1593",32,50,100,50,5,0.5,0.5,1,0.5,0.8,3,TRUE,0.9,TRUE,0.75,0,0,"ACPtrial32",2.89968711354202,1.62541318765077,0.6,0.577777777777778,0.5,0.952380952380952
"1594",32,50,100,50,5,0.5,0.5,1,0.5,0.8,3,TRUE,0.9,TRUE,0.75,0,0,"ACPtrial32",2.39572625921031,2.05253969509496,1,0.533333333333333,0.166666666666667,0.947368421052632
"1595",32,50,100,50,5,0.5,0.5,1,0.5,0.8,3,TRUE,0.9,TRUE,0.75,0,0,"ACPtrial32",2.43806804604626,1.60831034958157,0.6,0.622222222222222,0.571428571428571,0.976744186046512
"1596",32,50,100,50,5,0.5,0.5,1,0.5,0.8,3,TRUE,0.9,TRUE,0.75,0,0,"ACPtrial32",2.31541378709643,2.72079305869636,0.8,0.488888888888889,0.6,0.911111111111111
"1597",32,50,100,50,5,0.5,0.5,1,0.5,0.8,3,TRUE,0.9,TRUE,0.75,0,0,"ACPtrial32",1.81691030317804,1.78336502861977,1,0.533333333333333,0.375,0.952380952380952
"1598",32,50,100,50,5,0.5,0.5,1,0.5,0.8,3,TRUE,0.9,TRUE,0.75,0,0,"ACPtrial32",1.84647105213794,1.20212958703306,0.8,0.688888888888889,0.111111111111111,0.975609756097561
"1599",32,50,100,50,5,0.5,0.5,1,0.5,0.8,3,TRUE,0.9,TRUE,0.75,0,0,"ACPtrial32",1.03672142665549,1.2158815347964,1,0.733333333333333,0.8,1
"1600",32,50,100,50,5,0.5,0.5,1,0.5,0.8,3,TRUE,0.9,TRUE,0.75,0,0,"ACPtrial32",1.2801371992203,1.57097859051036,1,0.644444444444444,0.5,0.928571428571429
"1601",33,50,100,50,5,0.5,0.5,1,0.5,0.8,3,TRUE,0.9,TRUE,0.75,0,0,"ACPtrial33",2.13121600333673,1.69141917426773,1,0.266666666666667,0.625,0.833333333333333
"1602",33,50,100,50,5,0.5,0.5,1,0.5,0.8,3,TRUE,0.9,TRUE,0.75,0,0,"ACPtrial33",1.38238148406615,2.30163605197966,0.8,0.533333333333333,0.125,0.952380952380952
"1603",33,50,100,50,5,0.5,0.5,1,0.5,0.8,3,TRUE,0.9,TRUE,0.75,0,0,"ACPtrial33",2.0793986589222,2.10735134580704,0.8,0.511111111111111,0.5,0.976190476190476
"1604",33,50,100,50,5,0.5,0.5,1,0.5,0.8,3,TRUE,0.9,TRUE,0.75,0,0,"ACPtrial33",1.87273724472218,1.73713133719837,0.8,0.755555555555556,0.333333333333333,0.954545454545455
"1605",33,50,100,50,5,0.5,0.5,1,0.5,0.8,3,TRUE,0.9,TRUE,0.75,0,0,"ACPtrial33",1.02909912196406,1.26571094384332,0.4,0.822222222222222,0.285714285714286,1
"1606",33,50,100,50,5,0.5,0.5,1,0.5,0.8,3,TRUE,0.9,TRUE,0.75,0,0,"ACPtrial33",1.67258410336928,1.53753551391341,0.6,0.711111111111111,0.5,0.977272727272727
"1607",33,50,100,50,5,0.5,0.5,1,0.5,0.8,3,TRUE,0.9,TRUE,0.75,0,0,"ACPtrial33",2.15196380124406,1.62787255637696,1,0.222222222222222,0.8,1
"1608",33,50,100,50,5,0.5,0.5,1,0.5,0.8,3,TRUE,0.9,TRUE,0.75,0,0,"ACPtrial33",1.06326683468143,1.79600608905088,0.4,0.8,0.222222222222222,1
"1609",33,50,100,50,5,0.5,0.5,1,0.5,0.8,3,TRUE,0.9,TRUE,0.75,0,0,"ACPtrial33",2.43704904903861,1.59220647569281,0.8,0.4,0.571428571428571,0.976744186046512
"1610",33,50,100,50,5,0.5,0.5,1,0.5,0.8,3,TRUE,0.9,TRUE,0.75,0,0,"ACPtrial33",2.87646342093755,2.38665014332433,0.8,0.288888888888889,0.454545454545455,0.923076923076923
"1611",33,50,100,50,5,0.5,0.5,1,0.5,0.8,3,TRUE,0.9,TRUE,0.75,0,0,"ACPtrial33",4.04585762146009,1.73770342487783,0.8,0.488888888888889,0.285714285714286,1
"1612",33,50,100,50,5,0.5,0.5,1,0.5,0.8,3,TRUE,0.9,TRUE,0.75,0,0,"ACPtrial33",2.93134073046879,1.74776100889789,0.8,0.577777777777778,0.3,1
"1613",33,50,100,50,5,0.5,0.5,1,0.5,0.8,3,TRUE,0.9,TRUE,0.75,0,0,"ACPtrial33",0.647413802336001,0.865093918402587,0.4,0.911111111111111,0.333333333333333,1
"1614",33,50,100,50,5,0.5,0.5,1,0.5,0.8,3,TRUE,0.9,TRUE,0.75,0,0,"ACPtrial33",1.47195553909635,1.53502875087646,1,0.777777777777778,0.625,0.952380952380952
"1615",33,50,100,50,5,0.5,0.5,1,0.5,0.8,3,TRUE,0.9,TRUE,0.75,0,0,"ACPtrial33",1.11303894031912,1.37813740445036,1,0.177777777777778,0.444444444444444,0.975609756097561
"1616",33,50,100,50,5,0.5,0.5,1,0.5,0.8,3,TRUE,0.9,TRUE,0.75,0,0,"ACPtrial33",1.81366778080922,1.76453248256501,0.8,0.488888888888889,0.333333333333333,0.951219512195122
"1617",33,50,100,50,5,0.5,0.5,1,0.5,0.8,3,TRUE,0.9,TRUE,0.75,0,0,"ACPtrial33",1.18977081455031,1.37588573313344,0.6,0.844444444444444,0.333333333333333,0.954545454545455
"1618",33,50,100,50,5,0.5,0.5,1,0.5,0.8,3,TRUE,0.9,TRUE,0.75,0,0,"ACPtrial33",1.43408888640977,1.15472423683765,0.4,0.311111111111111,0.5,0.976190476190476
"1619",33,50,100,50,5,0.5,0.5,1,0.5,0.8,3,TRUE,0.9,TRUE,0.75,0,0,"ACPtrial33",3.56332658552014,2.08016116345972,0.8,0.177777777777778,0.4,0.95
"1620",33,50,100,50,5,0.5,0.5,1,0.5,0.8,3,TRUE,0.9,TRUE,0.75,0,0,"ACPtrial33",2.494692837236,2.1594694540413,1,0.311111111111111,0.4,1
"1621",33,50,100,50,5,0.5,0.5,1,0.5,0.8,3,TRUE,0.9,TRUE,0.75,0,0,"ACPtrial33",2.08663759938057,1.19550823088548,1,0.355555555555556,0.833333333333333,1
"1622",33,50,100,50,5,0.5,0.5,1,0.5,0.8,3,TRUE,0.9,TRUE,0.75,0,0,"ACPtrial33",2.26493106901218,1.33058039535713,1,0.466666666666667,0.571428571428571,0.953488372093023
"1623",33,50,100,50,5,0.5,0.5,1,0.5,0.8,3,TRUE,0.9,TRUE,0.75,0,0,"ACPtrial33",1.58323267302019,1.61154488422901,0.8,0.755555555555556,0.25,1
"1624",33,50,100,50,5,0.5,0.5,1,0.5,0.8,3,TRUE,0.9,TRUE,0.75,0,0,"ACPtrial33",5.34431586451307,1.52320133658203,0.4,0.644444444444444,0.5,0.976190476190476
"1625",33,50,100,50,5,0.5,0.5,1,0.5,0.8,3,TRUE,0.9,TRUE,0.75,0,0,"ACPtrial33",1.22656962102303,1.53840637846311,0.8,0.711111111111111,0.333333333333333,1
"1626",33,50,100,50,5,0.5,0.5,1,0.5,0.8,3,TRUE,0.9,TRUE,0.75,0,0,"ACPtrial33",2.05858006299584,1.35155637775577,1,0.311111111111111,0.666666666666667,1
"1627",33,50,100,50,5,0.5,0.5,1,0.5,0.8,3,TRUE,0.9,TRUE,0.75,0,0,"ACPtrial33",1.551730724069,1.36421871427989,1,0.644444444444444,0.666666666666667,1
"1628",33,50,100,50,5,0.5,0.5,1,0.5,0.8,3,TRUE,0.9,TRUE,0.75,0,0,"ACPtrial33",0.891528189357313,1.89777287777669,1,0.688888888888889,0.333333333333333,1
"1629",33,50,100,50,5,0.5,0.5,1,0.5,0.8,3,TRUE,0.9,TRUE,0.75,0,0,"ACPtrial33",0.755892708221237,1.07135826473308,0.6,0.888888888888889,0.333333333333333,0.977272727272727
"1630",33,50,100,50,5,0.5,0.5,1,0.5,0.8,3,TRUE,0.9,TRUE,0.75,0,0,"ACPtrial33",1.16897432644956,1.02193618762255,0.4,0.666666666666667,0.285714285714286,0.976744186046512
"1631",33,50,100,50,5,0.5,0.5,1,0.5,0.8,3,TRUE,0.9,TRUE,0.75,0,0,"ACPtrial33",1.3284293369539,1.05388992760267,0.6,0.666666666666667,0.333333333333333,0.975609756097561
"1632",33,50,100,50,5,0.5,0.5,1,0.5,0.8,3,TRUE,0.9,TRUE,0.75,0,0,"ACPtrial33",0.970332142230988,1.24150546391889,1,0.666666666666667,0.833333333333333,0.954545454545455
"1633",33,50,100,50,5,0.5,0.5,1,0.5,0.8,3,TRUE,0.9,TRUE,0.75,0,0,"ACPtrial33",3.04482286274791,0.996852671691807,1,0.0888888888888889,0.333333333333333,1
"1634",33,50,100,50,5,0.5,0.5,1,0.5,0.8,3,TRUE,0.9,TRUE,0.75,0,0,"ACPtrial33",1.40191202773328,1.27360989979516,1,0.511111111111111,0.666666666666667,1
"1635",33,50,100,50,5,0.5,0.5,1,0.5,0.8,3,TRUE,0.9,TRUE,0.75,0,0,"ACPtrial33",3.12203566865079,2.14290645004381,0.8,0.488888888888889,0.285714285714286,0.976744186046512
"1636",33,50,100,50,5,0.5,0.5,1,0.5,0.8,3,TRUE,0.9,TRUE,0.75,0,0,"ACPtrial33",1.88895487153541,1.32834228309309,0.8,0.4,0.444444444444444,1
"1637",33,50,100,50,5,0.5,0.5,1,0.5,0.8,3,TRUE,0.9,TRUE,0.75,0,0,"ACPtrial33",1.73229357554637,1.32619159040616,0.8,0.222222222222222,0.25,0.976190476190476
"1638",33,50,100,50,5,0.5,0.5,1,0.5,0.8,3,TRUE,0.9,TRUE,0.75,0,0,"ACPtrial33",0.852299666968226,1.11566260186634,0.4,0.733333333333333,0.25,0.976190476190476
"1639",33,50,100,50,5,0.5,0.5,1,0.5,0.8,3,TRUE,0.9,TRUE,0.75,0,0,"ACPtrial33",1.69296943451749,1.18442934520331,1,0.577777777777778,0.444444444444444,0.951219512195122
"1640",33,50,100,50,5,0.5,0.5,1,0.5,0.8,3,TRUE,0.9,TRUE,0.75,0,0,"ACPtrial33",1.34580660938613,1.40588804236018,1,0.555555555555556,0.666666666666667,0.954545454545455
"1641",33,50,100,50,5,0.5,0.5,1,0.5,0.8,3,TRUE,0.9,TRUE,0.75,0,0,"ACPtrial33",1.91656562151453,1.84795822812625,1,0.577777777777778,0.333333333333333,0.954545454545455
"1642",33,50,100,50,5,0.5,0.5,1,0.5,0.8,3,TRUE,0.9,TRUE,0.75,0,0,"ACPtrial33",1.75345159215648,1.15078802695848,0.8,0.311111111111111,0.285714285714286,0.976744186046512
"1643",33,50,100,50,5,0.5,0.5,1,0.5,0.8,3,TRUE,0.9,TRUE,0.75,0,0,"ACPtrial33",1.55625290224802,1.32468897579603,0.6,0.555555555555556,0.333333333333333,0.977272727272727
"1644",33,50,100,50,5,0.5,0.5,1,0.5,0.8,3,TRUE,0.9,TRUE,0.75,0,0,"ACPtrial33",2.17186587643825,1.33187334083073,0.8,0.644444444444444,0.571428571428571,1
"1645",33,50,100,50,5,0.5,0.5,1,0.5,0.8,3,TRUE,0.9,TRUE,0.75,0,0,"ACPtrial33",1.68368247748029,1.39204024251958,0.8,0.8,0.666666666666667,0.977272727272727
"1646",33,50,100,50,5,0.5,0.5,1,0.5,0.8,3,TRUE,0.9,TRUE,0.75,0,0,"ACPtrial33",2.40821164936779,0.874547761425586,0.6,0.333333333333333,0.375,1
"1647",33,50,100,50,5,0.5,0.5,1,0.5,0.8,3,TRUE,0.9,TRUE,0.75,0,0,"ACPtrial33",0.976800369134998,1.07047626246628,0.4,0.733333333333333,0.4,1
"1648",33,50,100,50,5,0.5,0.5,1,0.5,0.8,3,TRUE,0.9,TRUE,0.75,0,0,"ACPtrial33",2.2806817425721,1.43735725579188,1,0.177777777777778,0.25,0.952380952380952
"1649",33,50,100,50,5,0.5,0.5,1,0.5,0.8,3,TRUE,0.9,TRUE,0.75,0,0,"ACPtrial33",1.86292900170561,1.23545445653117,0.8,0.288888888888889,0.571428571428571,0.976744186046512
"1650",33,50,100,50,5,0.5,0.5,1,0.5,0.8,3,TRUE,0.9,TRUE,0.75,0,0,"ACPtrial33",2.37312460638124,1.50890859192976,1,0.444444444444444,0.5,0.931818181818182
"1651",34,50,100,50,5,0.5,0.5,1,0.5,0.8,3,TRUE,0.9,TRUE,0.75,0,0,"ACPtrial34",2.60077998006107,1.35202295056968,1,0.311111111111111,0.571428571428571,0.976744186046512
"1652",34,50,100,50,5,0.5,0.5,1,0.5,0.8,3,TRUE,0.9,TRUE,0.75,0,0,"ACPtrial34",3.27242117996545,1.80390967871087,1,0.333333333333333,0.666666666666667,1
"1653",34,50,100,50,5,0.5,0.5,1,0.5,0.8,3,TRUE,0.9,TRUE,0.75,0,0,"ACPtrial34",1.84282597437583,1.47794266272439,0.8,0.511111111111111,0.2,0.975
"1654",34,50,100,50,5,0.5,0.5,1,0.5,0.8,3,TRUE,0.9,TRUE,0.75,0,0,"ACPtrial34",1.75839127210033,1.2420411560528,0.4,0.644444444444444,0.5,0.977272727272727
"1655",34,50,100,50,5,0.5,0.5,1,0.5,0.8,3,TRUE,0.9,TRUE,0.75,0,0,"ACPtrial34",2.98961577417104,1.3540883155814,0.8,0.511111111111111,0.285714285714286,0.953488372093023
"1656",34,50,100,50,5,0.5,0.5,1,0.5,0.8,3,TRUE,0.9,TRUE,0.75,0,0,"ACPtrial34",1.90593327035722,1.40904933541413,1,0.622222222222222,0.571428571428571,0.976744186046512
"1657",34,50,100,50,5,0.5,0.5,1,0.5,0.8,3,TRUE,0.9,TRUE,0.75,0,0,"ACPtrial34",0.826530820857508,0.909527094625123,0.6,0.777777777777778,0.333333333333333,1
"1658",34,50,100,50,5,0.5,0.5,1,0.5,0.8,3,TRUE,0.9,TRUE,0.75,0,0,"ACPtrial34",1.00840988056586,1.56644058419127,1,0.666666666666667,0.285714285714286,0.930232558139535
"1659",34,50,100,50,5,0.5,0.5,1,0.5,0.8,3,TRUE,0.9,TRUE,0.75,0,0,"ACPtrial34",2.11579295735032,1.26907770339339,0.6,0.4,0.4,0.911111111111111
"1660",34,50,100,50,5,0.5,0.5,1,0.5,0.8,3,TRUE,0.9,TRUE,0.75,0,0,"ACPtrial34",1.14602593403617,1.27082956174355,0.6,0.688888888888889,0.285714285714286,1
"1661",34,50,100,50,5,0.5,0.5,1,0.5,0.8,3,TRUE,0.9,TRUE,0.75,0,0,"ACPtrial34",2.33005015332827,1.59341184454855,0.8,0.422222222222222,0.428571428571429,0.906976744186046
"1662",34,50,100,50,5,0.5,0.5,1,0.5,0.8,3,TRUE,0.9,TRUE,0.75,0,0,"ACPtrial34",1.52379461610502,1.93524145339882,0.8,0.666666666666667,0.5,0.954545454545455
"1663",34,50,100,50,5,0.5,0.5,1,0.5,0.8,3,TRUE,0.9,TRUE,0.75,0,0,"ACPtrial34",1.61427463909224,1.30970383535007,0.6,0.6,0.222222222222222,0.975609756097561
"1664",34,50,100,50,5,0.5,0.5,1,0.5,0.8,3,TRUE,0.9,TRUE,0.75,0,0,"ACPtrial34",2.88821181386483,2.04008517181265,1,0.155555555555556,0.375,0.976190476190476
"1665",34,50,100,50,5,0.5,0.5,1,0.5,0.8,3,TRUE,0.9,TRUE,0.75,0,0,"ACPtrial34",1.86038117215079,1.88780357440783,1,0.6,0.571428571428571,0.906976744186046
"1666",34,50,100,50,5,0.5,0.5,1,0.5,0.8,3,TRUE,0.9,TRUE,0.75,0,0,"ACPtrial34",1.83539308663491,1.25051993135631,1,0.622222222222222,0.833333333333333,0.954545454545455
"1667",34,50,100,50,5,0.5,0.5,1,0.5,0.8,3,TRUE,0.9,TRUE,0.75,0,0,"ACPtrial34",1.1185084807137,1.40725501282972,0.8,0.622222222222222,0.5,1
"1668",34,50,100,50,5,0.5,0.5,1,0.5,0.8,3,TRUE,0.9,TRUE,0.75,0,0,"ACPtrial34",1.53122412691393,4.02862714834753,1,0.711111111111111,0.25,0.976190476190476
"1669",34,50,100,50,5,0.5,0.5,1,0.5,0.8,3,TRUE,0.9,TRUE,0.75,0,0,"ACPtrial34",1.54128734617933,2.61871699079626,1,0.533333333333333,0.666666666666667,1
"1670",34,50,100,50,5,0.5,0.5,1,0.5,0.8,3,TRUE,0.9,TRUE,0.75,0,0,"ACPtrial34",1.38262133316092,2.02228988980568,1,0.733333333333333,0.285714285714286,0.976744186046512
"1671",34,50,100,50,5,0.5,0.5,1,0.5,0.8,3,TRUE,0.9,TRUE,0.75,0,0,"ACPtrial34",3.4906232653819,1.33990580344388,1,0,0.25,0.904761904761905
"1672",34,50,100,50,5,0.5,0.5,1,0.5,0.8,3,TRUE,0.9,TRUE,0.75,0,0,"ACPtrial34",3.34729759150691,1.46843523953697,1,0.244444444444444,0.571428571428571,0.906976744186046
"1673",34,50,100,50,5,0.5,0.5,1,0.5,0.8,3,TRUE,0.9,TRUE,0.75,0,0,"ACPtrial34",1.49998346708328,1.82052323978519,1,0.511111111111111,0.285714285714286,0.953488372093023
"1674",34,50,100,50,5,0.5,0.5,1,0.5,0.8,3,TRUE,0.9,TRUE,0.75,0,0,"ACPtrial34",1.89969797580966,2.86764580610066,0.8,0.444444444444444,0.4,0.977777777777778
"1675",34,50,100,50,5,0.5,0.5,1,0.5,0.8,3,TRUE,0.9,TRUE,0.75,0,0,"ACPtrial34",1.75285034457519,1.2756066857194,1,0.511111111111111,0.5,1
"1676",34,50,100,50,5,0.5,0.5,1,0.5,0.8,3,TRUE,0.9,TRUE,0.75,0,0,"ACPtrial34",1.75667218479532,1.68198260063738,1,0.688888888888889,0.444444444444444,0.975609756097561
"1677",34,50,100,50,5,0.5,0.5,1,0.5,0.8,3,TRUE,0.9,TRUE,0.75,0,0,"ACPtrial34",1.74186438127031,1.38449938422559,0.6,0.711111111111111,0.285714285714286,0.976744186046512
"1678",34,50,100,50,5,0.5,0.5,1,0.5,0.8,3,TRUE,0.9,TRUE,0.75,0,0,"ACPtrial34",0.968152253920723,1.04582066677981,0.8,0.644444444444444,0.3,1
"1679",34,50,100,50,5,0.5,0.5,1,0.5,0.8,3,TRUE,0.9,TRUE,0.75,0,0,"ACPtrial34",1.9585488331735,1.41022623119921,0.8,0.577777777777778,0.625,0.952380952380952
"1680",34,50,100,50,5,0.5,0.5,1,0.5,0.8,3,TRUE,0.9,TRUE,0.75,0,0,"ACPtrial34",8.15405697462398,2.70484630147281,0.6,0.577777777777778,0.25,1
"1681",34,50,100,50,5,0.5,0.5,1,0.5,0.8,3,TRUE,0.9,TRUE,0.75,0,0,"ACPtrial34",1.00538904825187,1.14103794577111,1,0.644444444444444,0.571428571428571,0.930232558139535
"1682",34,50,100,50,5,0.5,0.5,1,0.5,0.8,3,TRUE,0.9,TRUE,0.75,0,0,"ACPtrial34",2.74267758663911,1.41635780215951,1,0.4,0.625,0.952380952380952
"1683",34,50,100,50,5,0.5,0.5,1,0.5,0.8,3,TRUE,0.9,TRUE,0.75,0,0,"ACPtrial34",2.77755767654841,1.49609684324884,0.6,0.511111111111111,0.125,1
"1684",34,50,100,50,5,0.5,0.5,1,0.5,0.8,3,TRUE,0.9,TRUE,0.75,0,0,"ACPtrial34",0.962293717583442,1.76050625552447,1,0.755555555555556,0.2,1
"1685",34,50,100,50,5,0.5,0.5,1,0.5,0.8,3,TRUE,0.9,TRUE,0.75,0,0,"ACPtrial34",0.541272737496053,0.848184421221019,0.4,0.888888888888889,0.285714285714286,1
"1686",34,50,100,50,5,0.5,0.5,1,0.5,0.8,3,TRUE,0.9,TRUE,0.75,0,0,"ACPtrial34",1.3725175983821,1.78800329086422,0.8,0.644444444444444,0.333333333333333,0.977272727272727
"1687",34,50,100,50,5,0.5,0.5,1,0.5,0.8,3,TRUE,0.9,TRUE,0.75,0,0,"ACPtrial34",1.35919511924406,1.59169778912266,0.8,0.822222222222222,0.5,0.977272727272727
"1688",34,50,100,50,5,0.5,0.5,1,0.5,0.8,3,TRUE,0.9,TRUE,0.75,0,0,"ACPtrial34",2.21756505024656,1.36612676466805,1,0.488888888888889,0.5,0.977272727272727
"1689",34,50,100,50,5,0.5,0.5,1,0.5,0.8,3,TRUE,0.9,TRUE,0.75,0,0,"ACPtrial34",1.22964633475496,1.07533173969211,1,0.711111111111111,1,1
"1690",34,50,100,50,5,0.5,0.5,1,0.5,0.8,3,TRUE,0.9,TRUE,0.75,0,0,"ACPtrial34",1.38193754635752,2.10084982570926,1,0.688888888888889,0.333333333333333,0.977272727272727
"1691",34,50,100,50,5,0.5,0.5,1,0.5,0.8,3,TRUE,0.9,TRUE,0.75,0,0,"ACPtrial34",3.70065000266141,1.71748720231955,0.6,0.666666666666667,0.333333333333333,0.977272727272727
"1692",34,50,100,50,5,0.5,0.5,1,0.5,0.8,3,TRUE,0.9,TRUE,0.75,0,0,"ACPtrial34",1.13739792758723,1.60059218828846,0.8,0.6,0.2,0.975
"1693",34,50,100,50,5,0.5,0.5,1,0.5,0.8,3,TRUE,0.9,TRUE,0.75,0,0,"ACPtrial34",1.58645871282157,1.37303517040786,1,0.422222222222222,0.25,0.952380952380952
"1694",34,50,100,50,5,0.5,0.5,1,0.5,0.8,3,TRUE,0.9,TRUE,0.75,0,0,"ACPtrial34",1.19169834085001,1.16074708819366,0.4,0.577777777777778,0.222222222222222,0.853658536585366
"1695",34,50,100,50,5,0.5,0.5,1,0.5,0.8,3,TRUE,0.9,TRUE,0.75,0,0,"ACPtrial34",2.09073086241079,2.10651017204421,0.8,0.844444444444444,0.285714285714286,0.976744186046512
"1696",34,50,100,50,5,0.5,0.5,1,0.5,0.8,3,TRUE,0.9,TRUE,0.75,0,0,"ACPtrial34",2.90835145570659,1.16417858723787,1,0.333333333333333,0.25,0.952380952380952
"1697",34,50,100,50,5,0.5,0.5,1,0.5,0.8,3,TRUE,0.9,TRUE,0.75,0,0,"ACPtrial34",4.5590412499769,2.77957409981225,1,0.466666666666667,0.5,0.976190476190476
"1698",34,50,100,50,5,0.5,0.5,1,0.5,0.8,3,TRUE,0.9,TRUE,0.75,0,0,"ACPtrial34",2.48850887555354,1.76695838712977,1,0.422222222222222,0.571428571428571,1
"1699",34,50,100,50,5,0.5,0.5,1,0.5,0.8,3,TRUE,0.9,TRUE,0.75,0,0,"ACPtrial34",1.15653678765671,1.27806840220953,0.4,0.688888888888889,0.222222222222222,1
"1700",34,50,100,50,5,0.5,0.5,1,0.5,0.8,3,TRUE,0.9,TRUE,0.75,0,0,"ACPtrial34",3.58001864293101,1.6755720283581,1,0.355555555555556,0.428571428571429,0.930232558139535
"1701",35,50,100,50,5,0.5,0.5,1,0.5,0.8,3,TRUE,0.9,TRUE,0.75,0,0,"ACPtrial35",3.96327947149101,2.60322355607789,0.8,0.533333333333333,0.222222222222222,0.975609756097561
"1702",35,50,100,50,5,0.5,0.5,1,0.5,0.8,3,TRUE,0.9,TRUE,0.75,0,0,"ACPtrial35",5.85820947154897,1.76883877804779,0.4,0.711111111111111,0.222222222222222,0.975609756097561
"1703",35,50,100,50,5,0.5,0.5,1,0.5,0.8,3,TRUE,0.9,TRUE,0.75,0,0,"ACPtrial35",1.53352143827754,1.87301830174524,1,0.444444444444444,0.428571428571429,0.976744186046512
"1704",35,50,100,50,5,0.5,0.5,1,0.5,0.8,3,TRUE,0.9,TRUE,0.75,0,0,"ACPtrial35",2.05723188743637,1.29751442621021,0.8,0.6,0.333333333333333,0.954545454545455
"1705",35,50,100,50,5,0.5,0.5,1,0.5,0.8,3,TRUE,0.9,TRUE,0.75,0,0,"ACPtrial35",3.64398274315259,1.67728459403478,1,0.355555555555556,0.625,0.952380952380952
"1706",35,50,100,50,5,0.5,0.5,1,0.5,0.8,3,TRUE,0.9,TRUE,0.75,0,0,"ACPtrial35",2.05545275279365,1.4495321200262,1,0.422222222222222,0.428571428571429,0.86046511627907
"1707",35,50,100,50,5,0.5,0.5,1,0.5,0.8,3,TRUE,0.9,TRUE,0.75,0,0,"ACPtrial35",1.20834678425378,1.69416523804826,0.8,0.6,0.285714285714286,0.953488372093023
"1708",35,50,100,50,5,0.5,0.5,1,0.5,0.8,3,TRUE,0.9,TRUE,0.75,0,0,"ACPtrial35",1.64319802839848,1.51146413375265,0.6,0.444444444444444,0.142857142857143,0.883720930232558
"1709",35,50,100,50,5,0.5,0.5,1,0.5,0.8,3,TRUE,0.9,TRUE,0.75,0,0,"ACPtrial35",1.27926188412592,1.22965479711348,1,0.511111111111111,0.666666666666667,0.977272727272727
"1710",35,50,100,50,5,0.5,0.5,1,0.5,0.8,3,TRUE,0.9,TRUE,0.75,0,0,"ACPtrial35",1.05711708463375,0.777474163141156,0.6,0.666666666666667,0.5,0.977272727272727
"1711",35,50,100,50,5,0.5,0.5,1,0.5,0.8,3,TRUE,0.9,TRUE,0.75,0,0,"ACPtrial35",1.18740932142616,1.66441829998918,0.6,0.733333333333333,0.333333333333333,0.977272727272727
"1712",35,50,100,50,5,0.5,0.5,1,0.5,0.8,3,TRUE,0.9,TRUE,0.75,0,0,"ACPtrial35",3.56429413677292,1.68210583270473,0.8,0.155555555555556,0.285714285714286,0.930232558139535
"1713",35,50,100,50,5,0.5,0.5,1,0.5,0.8,3,TRUE,0.9,TRUE,0.75,0,0,"ACPtrial35",2.11844960799855,1.40785290178663,1,0.266666666666667,0.714285714285714,0.976744186046512
"1714",35,50,100,50,5,0.5,0.5,1,0.5,0.8,3,TRUE,0.9,TRUE,0.75,0,0,"ACPtrial35",1.89829240689268,2.13544779023101,1,0.577777777777778,0.4,0.977777777777778
"1715",35,50,100,50,5,0.5,0.5,1,0.5,0.8,3,TRUE,0.9,TRUE,0.75,0,0,"ACPtrial35",1.62474321608924,1.66499333133929,0.6,0.533333333333333,0.333333333333333,0.954545454545455
"1716",35,50,100,50,5,0.5,0.5,1,0.5,0.8,3,TRUE,0.9,TRUE,0.75,0,0,"ACPtrial35",3.45076741267403,1.61930946194754,1,0.333333333333333,0.5,0.954545454545455
"1717",35,50,100,50,5,0.5,0.5,1,0.5,0.8,3,TRUE,0.9,TRUE,0.75,0,0,"ACPtrial35",1.62819994008385,1.48808141035848,1,0.6,0.833333333333333,1
"1718",35,50,100,50,5,0.5,0.5,1,0.5,0.8,3,TRUE,0.9,TRUE,0.75,0,0,"ACPtrial35",4.11386559174608,1.5191694139336,0.6,0.622222222222222,0.285714285714286,1
"1719",35,50,100,50,5,0.5,0.5,1,0.5,0.8,3,TRUE,0.9,TRUE,0.75,0,0,"ACPtrial35",2.38064503194856,1.41957186377771,1,0.377777777777778,0.5,0.931818181818182
"1720",35,50,100,50,5,0.5,0.5,1,0.5,0.8,3,TRUE,0.9,TRUE,0.75,0,0,"ACPtrial35",1.4912438545936,1.56436304147342,1,0.577777777777778,0.833333333333333,0.909090909090909
"1721",35,50,100,50,5,0.5,0.5,1,0.5,0.8,3,TRUE,0.9,TRUE,0.75,0,0,"ACPtrial35",3.83416217078313,2.73272828012576,1,0.6,0.714285714285714,0.930232558139535
"1722",35,50,100,50,5,0.5,0.5,1,0.5,0.8,3,TRUE,0.9,TRUE,0.75,0,0,"ACPtrial35",1.61865995491935,1.48194513176218,1,0.644444444444444,1,1
"1723",35,50,100,50,5,0.5,0.5,1,0.5,0.8,3,TRUE,0.9,TRUE,0.75,0,0,"ACPtrial35",0.788363789614258,1.0779795191659,0.8,0.8,0.666666666666667,0.977272727272727
"1724",35,50,100,50,5,0.5,0.5,1,0.5,0.8,3,TRUE,0.9,TRUE,0.75,0,0,"ACPtrial35",1.8562938292208,2.09776028324339,1,0.4,0.428571428571429,0.930232558139535
"1725",35,50,100,50,5,0.5,0.5,1,0.5,0.8,3,TRUE,0.9,TRUE,0.75,0,0,"ACPtrial35",1.14707862284611,0.95524210551604,0.6,0.577777777777778,0.428571428571429,0.930232558139535
"1726",35,50,100,50,5,0.5,0.5,1,0.5,0.8,3,TRUE,0.9,TRUE,0.75,0,0,"ACPtrial35",2.46287390590231,1.75471968037237,0.8,0.822222222222222,0.571428571428571,1
"1727",35,50,100,50,5,0.5,0.5,1,0.5,0.8,3,TRUE,0.9,TRUE,0.75,0,0,"ACPtrial35",1.3448362954004,0.953704295333131,0.8,0.311111111111111,0.6,1
"1728",35,50,100,50,5,0.5,0.5,1,0.5,0.8,3,TRUE,0.9,TRUE,0.75,0,0,"ACPtrial35",1.63657241836396,1.40282921623399,1,0.466666666666667,0.333333333333333,0.977272727272727
"1729",35,50,100,50,5,0.5,0.5,1,0.5,0.8,3,TRUE,0.9,TRUE,0.75,0,0,"ACPtrial35",1.22794956584637,1.60531999280202,1,0.711111111111111,0.428571428571429,0.930232558139535
"1730",35,50,100,50,5,0.5,0.5,1,0.5,0.8,3,TRUE,0.9,TRUE,0.75,0,0,"ACPtrial35",2.21996449986602,1.40288544442821,0.8,0.177777777777778,0.428571428571429,1
"1731",35,50,100,50,5,0.5,0.5,1,0.5,0.8,3,TRUE,0.9,TRUE,0.75,0,0,"ACPtrial35",1.69107920764188,1.04943603812038,0.6,0.644444444444444,0.25,0.976190476190476
"1732",35,50,100,50,5,0.5,0.5,1,0.5,0.8,3,TRUE,0.9,TRUE,0.75,0,0,"ACPtrial35",0.932927702970988,0.967565277060404,0.4,0.777777777777778,0.333333333333333,0.977272727272727
"1733",35,50,100,50,5,0.5,0.5,1,0.5,0.8,3,TRUE,0.9,TRUE,0.75,0,0,"ACPtrial35",2.77376141824672,1.77091193738845,0.8,0.622222222222222,0.5,0.977272727272727
"1734",35,50,100,50,5,0.5,0.5,1,0.5,0.8,3,TRUE,0.9,TRUE,0.75,0,0,"ACPtrial35",3.60460599581166,2.91969495207373,0.8,0.577777777777778,0.285714285714286,0.953488372093023
"1735",35,50,100,50,5,0.5,0.5,1,0.5,0.8,3,TRUE,0.9,TRUE,0.75,0,0,"ACPtrial35",3.99504152211509,1.97940212634083,0.8,0.555555555555556,0.5,0.931818181818182
"1736",35,50,100,50,5,0.5,0.5,1,0.5,0.8,3,TRUE,0.9,TRUE,0.75,0,0,"ACPtrial35",1.30884299601652,1.43735514643784,1,0.688888888888889,0.333333333333333,0.954545454545455
"1737",35,50,100,50,5,0.5,0.5,1,0.5,0.8,3,TRUE,0.9,TRUE,0.75,0,0,"ACPtrial35",4.73413452342042,1.51166444018938,1,0.0666666666666667,0.666666666666667,0.977272727272727
"1738",35,50,100,50,5,0.5,0.5,1,0.5,0.8,3,TRUE,0.9,TRUE,0.75,0,0,"ACPtrial35",1.02865086980066,1.20653669487048,1,0.6,0.571428571428571,0.976744186046512
"1739",35,50,100,50,5,0.5,0.5,1,0.5,0.8,3,TRUE,0.9,TRUE,0.75,0,0,"ACPtrial35",1.14042959802807,1.17291990143855,0.8,0.533333333333333,0.333333333333333,0.954545454545455
"1740",35,50,100,50,5,0.5,0.5,1,0.5,0.8,3,TRUE,0.9,TRUE,0.75,0,0,"ACPtrial35",1.6995608702164,1.35721897752398,1,0.577777777777778,0.285714285714286,1
"1741",35,50,100,50,5,0.5,0.5,1,0.5,0.8,3,TRUE,0.9,TRUE,0.75,0,0,"ACPtrial35",2.55944129739394,1.57160115764137,1,0.177777777777778,0.571428571428571,0.976744186046512
"1742",35,50,100,50,5,0.5,0.5,1,0.5,0.8,3,TRUE,0.9,TRUE,0.75,0,0,"ACPtrial35",1.05658982107264,0.953021383581435,0.4,0.733333333333333,0.333333333333333,1
"1743",35,50,100,50,5,0.5,0.5,1,0.5,0.8,3,TRUE,0.9,TRUE,0.75,0,0,"ACPtrial35",2.51903197087075,1.75387251938168,0.8,0.4,0.333333333333333,0.977272727272727
"1744",35,50,100,50,5,0.5,0.5,1,0.5,0.8,3,TRUE,0.9,TRUE,0.75,0,0,"ACPtrial35",2.1151211852439,2.43617996288632,0.6,0.711111111111111,0.4,0.977777777777778
"1745",35,50,100,50,5,0.5,0.5,1,0.5,0.8,3,TRUE,0.9,TRUE,0.75,0,0,"ACPtrial35",1.04856962287607,1.00598436601247,0.6,0.755555555555556,0.272727272727273,0.948717948717949
"1746",35,50,100,50,5,0.5,0.5,1,0.5,0.8,3,TRUE,0.9,TRUE,0.75,0,0,"ACPtrial35",1.27101944576789,3.04415456962308,1,0.644444444444444,0.4,1
"1747",35,50,100,50,5,0.5,0.5,1,0.5,0.8,3,TRUE,0.9,TRUE,0.75,0,0,"ACPtrial35",2.21035906143283,1.59614545323657,0.6,0.466666666666667,0.333333333333333,0.977272727272727
"1748",35,50,100,50,5,0.5,0.5,1,0.5,0.8,3,TRUE,0.9,TRUE,0.75,0,0,"ACPtrial35",1.90886417791354,1.57647820672849,0.6,0.622222222222222,0.333333333333333,1
"1749",35,50,100,50,5,0.5,0.5,1,0.5,0.8,3,TRUE,0.9,TRUE,0.75,0,0,"ACPtrial35",1.00906364534975,1.11115874902779,0.4,0.8,0.428571428571429,1
"1750",35,50,100,50,5,0.5,0.5,1,0.5,0.8,3,TRUE,0.9,TRUE,0.75,0,0,"ACPtrial35",2.37987980766879,1.72972178393116,0.8,0.666666666666667,0.4,1
"1751",36,50,100,50,5,0.5,0.5,1,0.5,0.8,3,TRUE,0.9,TRUE,0.75,0,0,"ACPtrial36",1.26361759676763,1.09956256455971,0.6,0.733333333333333,0.25,0.976190476190476
"1752",36,50,100,50,5,0.5,0.5,1,0.5,0.8,3,TRUE,0.9,TRUE,0.75,0,0,"ACPtrial36",1.43481354429933,1.09999653395474,0.8,0.6,0.6,0.933333333333333
"1753",36,50,100,50,5,0.5,0.5,1,0.5,0.8,3,TRUE,0.9,TRUE,0.75,0,0,"ACPtrial36",4.90159467987155,1.38972628718087,1,0.333333333333333,0.571428571428571,0.976744186046512
"1754",36,50,100,50,5,0.5,0.5,1,0.5,0.8,3,TRUE,0.9,TRUE,0.75,0,0,"ACPtrial36",3.81682006692464,2.16087921575579,0.8,0.333333333333333,0.555555555555556,0.902439024390244
"1755",36,50,100,50,5,0.5,0.5,1,0.5,0.8,3,TRUE,0.9,TRUE,0.75,0,0,"ACPtrial36",1.00396091647307,1.38396481387237,1,0.688888888888889,0.714285714285714,0.976744186046512
"1756",36,50,100,50,5,0.5,0.5,1,0.5,0.8,3,TRUE,0.9,TRUE,0.75,0,0,"ACPtrial36",2.101949646866,1.28067301135505,1,0.488888888888889,0.571428571428571,0.953488372093023
"1757",36,50,100,50,5,0.5,0.5,1,0.5,0.8,3,TRUE,0.9,TRUE,0.75,0,0,"ACPtrial36",0.748703980721493,1.01949722294017,0.6,0.8,0.375,0.976190476190476
"1758",36,50,100,50,5,0.5,0.5,1,0.5,0.8,3,TRUE,0.9,TRUE,0.75,0,0,"ACPtrial36",2.50415336861787,1.65552824588326,1,0.244444444444444,0.428571428571429,0.976744186046512
"1759",36,50,100,50,5,0.5,0.5,1,0.5,0.8,3,TRUE,0.9,TRUE,0.75,0,0,"ACPtrial36",1.83307407565677,1.51833776248643,1,0.444444444444444,0.428571428571429,0.906976744186046
"1760",36,50,100,50,5,0.5,0.5,1,0.5,0.8,3,TRUE,0.9,TRUE,0.75,0,0,"ACPtrial36",1.32578229711188,1.67818772023896,1,0.511111111111111,0.8,0.977777777777778
"1761",36,50,100,50,5,0.5,0.5,1,0.5,0.8,3,TRUE,0.9,TRUE,0.75,0,0,"ACPtrial36",1.74246871119847,1.5420308798115,0.6,0.422222222222222,0.125,0.976190476190476
"1762",36,50,100,50,5,0.5,0.5,1,0.5,0.8,3,TRUE,0.9,TRUE,0.75,0,0,"ACPtrial36",1.30119333876547,1.36410565456161,0.8,0.533333333333333,0.428571428571429,0.930232558139535
"1763",36,50,100,50,5,0.5,0.5,1,0.5,0.8,3,TRUE,0.9,TRUE,0.75,0,0,"ACPtrial36",9.37730894772176,1.87936462764212,0.6,0.488888888888889,0.25,0.952380952380952
"1764",36,50,100,50,5,0.5,0.5,1,0.5,0.8,3,TRUE,0.9,TRUE,0.75,0,0,"ACPtrial36",1.69321215190293,1.85448101143357,0.8,0.777777777777778,0.333333333333333,1
"1765",36,50,100,50,5,0.5,0.5,1,0.5,0.8,3,TRUE,0.9,TRUE,0.75,0,0,"ACPtrial36",2.29587589394839,1.5958091675556,1,0.2,0.666666666666667,0.977272727272727
"1766",36,50,100,50,5,0.5,0.5,1,0.5,0.8,3,TRUE,0.9,TRUE,0.75,0,0,"ACPtrial36",1.099043976643,1.63322712264566,1,0.555555555555556,0.625,1
"1767",36,50,100,50,5,0.5,0.5,1,0.5,0.8,3,TRUE,0.9,TRUE,0.75,0,0,"ACPtrial36",1.20286030920566,1.46068757735462,0.8,0.533333333333333,0.285714285714286,0.930232558139535
"1768",36,50,100,50,5,0.5,0.5,1,0.5,0.8,3,TRUE,0.9,TRUE,0.75,0,0,"ACPtrial36",1.47477562507174,1.02770920166271,0.8,0.6,0.333333333333333,1
"1769",36,50,100,50,5,0.5,0.5,1,0.5,0.8,3,TRUE,0.9,TRUE,0.75,0,0,"ACPtrial36",1.28208160334328,2.73526214616506,0.6,0.555555555555556,0.2,1
"1770",36,50,100,50,5,0.5,0.5,1,0.5,0.8,3,TRUE,0.9,TRUE,0.75,0,0,"ACPtrial36",0.674248567162552,0.935281609072684,0.4,0.888888888888889,0.285714285714286,1
"1771",36,50,100,50,5,0.5,0.5,1,0.5,0.8,3,TRUE,0.9,TRUE,0.75,0,0,"ACPtrial36",1.53798346307781,1.49152148851354,0.8,0.577777777777778,0.375,0.952380952380952
"1772",36,50,100,50,5,0.5,0.5,1,0.5,0.8,3,TRUE,0.9,TRUE,0.75,0,0,"ACPtrial36",2.4443135232858,2.49914381892667,0.6,0.777777777777778,0.25,0.976190476190476
"1773",36,50,100,50,5,0.5,0.5,1,0.5,0.8,3,TRUE,0.9,TRUE,0.75,0,0,"ACPtrial36",0.940363293027483,1.05106195084198,1,0.666666666666667,0.5,0.952380952380952
"1774",36,50,100,50,5,0.5,0.5,1,0.5,0.8,3,TRUE,0.9,TRUE,0.75,0,0,"ACPtrial36",3.30816395377559,3.71303010797007,0.6,0.888888888888889,0.25,1
"1775",36,50,100,50,5,0.5,0.5,1,0.5,0.8,3,TRUE,0.9,TRUE,0.75,0,0,"ACPtrial36",1.23456897453913,1.21847136299194,0.6,0.822222222222222,0.25,1
"1776",36,50,100,50,5,0.5,0.5,1,0.5,0.8,3,TRUE,0.9,TRUE,0.75,0,0,"ACPtrial36",2.20519857253368,1.61847258845218,0.8,0.666666666666667,0.222222222222222,1
"1777",36,50,100,50,5,0.5,0.5,1,0.5,0.8,3,TRUE,0.9,TRUE,0.75,0,0,"ACPtrial36",2.01724842759941,2.17327259483539,1,0.6,0.5,0.833333333333333
"1778",36,50,100,50,5,0.5,0.5,1,0.5,0.8,3,TRUE,0.9,TRUE,0.75,0,0,"ACPtrial36",1.82180275833588,1.98509430491136,0.8,0.533333333333333,0.571428571428571,0.813953488372093
"1779",36,50,100,50,5,0.5,0.5,1,0.5,0.8,3,TRUE,0.9,TRUE,0.75,0,0,"ACPtrial36",10.8560995501635,1.67781473696103,1,0.2,0.333333333333333,1
"1780",36,50,100,50,5,0.5,0.5,1,0.5,0.8,3,TRUE,0.9,TRUE,0.75,0,0,"ACPtrial36",6.55393821506362,2.62023162484391,0.6,0.466666666666667,0.285714285714286,0.883720930232558
"1781",36,50,100,50,5,0.5,0.5,1,0.5,0.8,3,TRUE,0.9,TRUE,0.75,0,0,"ACPtrial36",5.42729413723315,1.36146228904503,1,0.555555555555556,0.375,0.976190476190476
"1782",36,50,100,50,5,0.5,0.5,1,0.5,0.8,3,TRUE,0.9,TRUE,0.75,0,0,"ACPtrial36",1.57696743278996,1.5442439637577,1,0.622222222222222,0.833333333333333,1
"1783",36,50,100,50,5,0.5,0.5,1,0.5,0.8,3,TRUE,0.9,TRUE,0.75,0,0,"ACPtrial36",2.15511002678619,1.92955193383297,1,0.555555555555556,0.4,1
"1784",36,50,100,50,5,0.5,0.5,1,0.5,0.8,3,TRUE,0.9,TRUE,0.75,0,0,"ACPtrial36",8.78766331523844,2.66222893770432,1,0.0222222222222222,0.571428571428571,0.976744186046512
"1785",36,50,100,50,5,0.5,0.5,1,0.5,0.8,3,TRUE,0.9,TRUE,0.75,0,0,"ACPtrial36",3.94452436670035,1.46049880987959,0.8,0.8,0.428571428571429,1
"1786",36,50,100,50,5,0.5,0.5,1,0.5,0.8,3,TRUE,0.9,TRUE,0.75,0,0,"ACPtrial36",2.1108768420774,1.46957820328063,1,0.466666666666667,0.666666666666667,0.977272727272727
"1787",36,50,100,50,5,0.5,0.5,1,0.5,0.8,3,TRUE,0.9,TRUE,0.75,0,0,"ACPtrial36",1.37611661342155,1.359069596636,0.4,0.688888888888889,0.285714285714286,0.976744186046512
"1788",36,50,100,50,5,0.5,0.5,1,0.5,0.8,3,TRUE,0.9,TRUE,0.75,0,0,"ACPtrial36",0.776346726194601,0.999281242308649,0.6,0.755555555555556,0.333333333333333,1
"1789",36,50,100,50,5,0.5,0.5,1,0.5,0.8,3,TRUE,0.9,TRUE,0.75,0,0,"ACPtrial36",1.58812683720463,1.55517469563647,0.6,0.622222222222222,0.375,0.976190476190476
"1790",36,50,100,50,5,0.5,0.5,1,0.5,0.8,3,TRUE,0.9,TRUE,0.75,0,0,"ACPtrial36",1.26485747987411,1.44535054621832,0.4,0.622222222222222,0.3,0.975
"1791",36,50,100,50,5,0.5,0.5,1,0.5,0.8,3,TRUE,0.9,TRUE,0.75,0,0,"ACPtrial36",2.90908553220421,1.58091362639149,0.6,0.644444444444444,0.333333333333333,0.975609756097561
"1792",36,50,100,50,5,0.5,0.5,1,0.5,0.8,3,TRUE,0.9,TRUE,0.75,0,0,"ACPtrial36",0.696322097654015,1.00375281302262,0.6,0.8,0.375,1
"1793",36,50,100,50,5,0.5,0.5,1,0.5,0.8,3,TRUE,0.9,TRUE,0.75,0,0,"ACPtrial36",1.15964283212802,1.00176574060292,0.4,0.644444444444444,0.333333333333333,1
"1794",36,50,100,50,5,0.5,0.5,1,0.5,0.8,3,TRUE,0.9,TRUE,0.75,0,0,"ACPtrial36",8.55077368474207,2.04297603800529,0.8,0.0888888888888889,0.25,0.976190476190476
"1795",36,50,100,50,5,0.5,0.5,1,0.5,0.8,3,TRUE,0.9,TRUE,0.75,0,0,"ACPtrial36",1.42448341897254,2.29383737347232,0.6,0.844444444444444,0.375,1
"1796",36,50,100,50,5,0.5,0.5,1,0.5,0.8,3,TRUE,0.9,TRUE,0.75,0,0,"ACPtrial36",1.57662682320135,1.60453936942516,1,0.466666666666667,0.5,0.954545454545455
"1797",36,50,100,50,5,0.5,0.5,1,0.5,0.8,3,TRUE,0.9,TRUE,0.75,0,0,"ACPtrial36",1.28079849843528,1.47387282965475,0.8,0.555555555555556,0.333333333333333,0.886363636363636
"1798",36,50,100,50,5,0.5,0.5,1,0.5,0.8,3,TRUE,0.9,TRUE,0.75,0,0,"ACPtrial36",3.86802631557528,1.52457042676998,1,0.0222222222222222,0.714285714285714,0.976744186046512
"1799",36,50,100,50,5,0.5,0.5,1,0.5,0.8,3,TRUE,0.9,TRUE,0.75,0,0,"ACPtrial36",2.64492284124975,1.32892662988328,0.6,0.644444444444444,0.25,0.976190476190476
"1800",36,50,100,50,5,0.5,0.5,1,0.5,0.8,3,TRUE,0.9,TRUE,0.75,0,0,"ACPtrial36",0.990724269680176,1.20267525016013,1,0.733333333333333,0.6,1
"1801",37,50,100,50,5,0.5,0.5,1,0.5,0.8,3,TRUE,0.9,FALSE,0.75,0,0,"ACPtrial37",0.620322274566597,0.8137312450559,0.6,0.777777777777778,0.25,0.976190476190476
"1802",37,50,100,50,5,0.5,0.5,1,0.5,0.8,3,TRUE,0.9,FALSE,0.75,0,0,"ACPtrial37",1.03000931718132,1.04197547036836,1,0.577777777777778,0.333333333333333,1
"1803",37,50,100,50,5,0.5,0.5,1,0.5,0.8,3,TRUE,0.9,FALSE,0.75,0,0,"ACPtrial37",1.04921109058524,0.943929752698125,1,0.377777777777778,0.25,0.952380952380952
"1804",37,50,100,50,5,0.5,0.5,1,0.5,0.8,3,TRUE,0.9,FALSE,0.75,0,0,"ACPtrial37",1.24014632228182,0.743213486531598,1,0.0222222222222222,0.333333333333333,1
"1805",37,50,100,50,5,0.5,0.5,1,0.5,0.8,3,TRUE,0.9,FALSE,0.75,0,0,"ACPtrial37",1.07529214074998,0.929224487950461,1,0.311111111111111,0.333333333333333,0.951219512195122
"1806",37,50,100,50,5,0.5,0.5,1,0.5,0.8,3,TRUE,0.9,FALSE,0.75,0,0,"ACPtrial37",1.61154357629623,1.03607086811534,0.8,0.288888888888889,0.181818181818182,0.948717948717949
"1807",37,50,100,50,5,0.5,0.5,1,0.5,0.8,3,TRUE,0.9,FALSE,0.75,0,0,"ACPtrial37",0.69227170553781,0.805175372526933,0.6,0.666666666666667,0.25,0.952380952380952
"1808",37,50,100,50,5,0.5,0.5,1,0.5,0.8,3,TRUE,0.9,FALSE,0.75,0,0,"ACPtrial37",0.79532780836303,0.861167716890653,0.8,0.666666666666667,0.5,0.909090909090909
"1809",37,50,100,50,5,0.5,0.5,1,0.5,0.8,3,TRUE,0.9,FALSE,0.75,0,0,"ACPtrial37",0.787421159061763,0.801370968729863,0.8,0.311111111111111,0.428571428571429,0.930232558139535
"1810",37,50,100,50,5,0.5,0.5,1,0.5,0.8,3,TRUE,0.9,FALSE,0.75,0,0,"ACPtrial37",1.02398324875195,0.994719002454481,1,0.711111111111111,0.625,0.976190476190476
"1811",37,50,100,50,5,0.5,0.5,1,0.5,0.8,3,TRUE,0.9,FALSE,0.75,0,0,"ACPtrial37",0.722204467364723,0.945878423439269,1,0.733333333333333,0.6,0.955555555555556
"1812",37,50,100,50,5,0.5,0.5,1,0.5,0.8,3,TRUE,0.9,FALSE,0.75,0,0,"ACPtrial37",0.70807362430831,0.957712274923457,1,0.711111111111111,0.333333333333333,0.951219512195122
"1813",37,50,100,50,5,0.5,0.5,1,0.5,0.8,3,TRUE,0.9,FALSE,0.75,0,0,"ACPtrial37",0.957910971633139,0.737247319971776,0.6,0.377777777777778,0.333333333333333,0.951219512195122
"1814",37,50,100,50,5,0.5,0.5,1,0.5,0.8,3,TRUE,0.9,FALSE,0.75,0,0,"ACPtrial37",1.23309155269328,1.04115681979718,0.6,0.377777777777778,0.375,1
"1815",37,50,100,50,5,0.5,0.5,1,0.5,0.8,3,TRUE,0.9,FALSE,0.75,0,0,"ACPtrial37",0.776631323827596,0.876723108648571,0.8,0.644444444444444,0.8,0.933333333333333
"1816",37,50,100,50,5,0.5,0.5,1,0.5,0.8,3,TRUE,0.9,FALSE,0.75,0,0,"ACPtrial37",0.689833795821958,0.820744779068499,0.6,0.711111111111111,0.25,0.976190476190476
"1817",37,50,100,50,5,0.5,0.5,1,0.5,0.8,3,TRUE,0.9,FALSE,0.75,0,0,"ACPtrial37",0.856856234238377,1.13159312721978,1,0.688888888888889,0.375,0.976190476190476
"1818",37,50,100,50,5,0.5,0.5,1,0.5,0.8,3,TRUE,0.9,FALSE,0.75,0,0,"ACPtrial37",0.649527530002228,0.760458475657546,0.8,0.6,0.5,0.909090909090909
"1819",37,50,100,50,5,0.5,0.5,1,0.5,0.8,3,TRUE,0.9,FALSE,0.75,0,0,"ACPtrial37",0.773181073750795,0.924060405431833,1,0.377777777777778,0.4,0.95
"1820",37,50,100,50,5,0.5,0.5,1,0.5,0.8,3,TRUE,0.9,FALSE,0.75,0,0,"ACPtrial37",1.0287196622913,0.820084566667312,1,0.266666666666667,0.5,1
"1821",37,50,100,50,5,0.5,0.5,1,0.5,0.8,3,TRUE,0.9,FALSE,0.75,0,0,"ACPtrial37",1.10213808360119,1.15012630693158,0.6,0.577777777777778,0.333333333333333,0.954545454545455
"1822",37,50,100,50,5,0.5,0.5,1,0.5,0.8,3,TRUE,0.9,FALSE,0.75,0,0,"ACPtrial37",0.96075879182211,0.862076809545628,1,0.488888888888889,0.8,0.955555555555556
"1823",37,50,100,50,5,0.5,0.5,1,0.5,0.8,3,TRUE,0.9,FALSE,0.75,0,0,"ACPtrial37",0.73704571528742,0.810571650547917,0.6,0.644444444444444,0.285714285714286,0.837209302325581
"1824",37,50,100,50,5,0.5,0.5,1,0.5,0.8,3,TRUE,0.9,FALSE,0.75,0,0,"ACPtrial37",0.630492563999254,0.80344050231681,0.6,0.666666666666667,0.5,0.954545454545455
"1825",37,50,100,50,5,0.5,0.5,1,0.5,0.8,3,TRUE,0.9,FALSE,0.75,0,0,"ACPtrial37",0.856295428203441,0.990993148896638,0.8,0.755555555555556,0.222222222222222,0.975609756097561
"1826",37,50,100,50,5,0.5,0.5,1,0.5,0.8,3,TRUE,0.9,FALSE,0.75,0,0,"ACPtrial37",1.14000038129616,0.822553468991582,0.8,0.377777777777778,0.428571428571429,0.953488372093023
"1827",37,50,100,50,5,0.5,0.5,1,0.5,0.8,3,TRUE,0.9,FALSE,0.75,0,0,"ACPtrial37",0.697435494890371,0.801228608759855,0.8,0.688888888888889,0.5,0.977272727272727
"1828",37,50,100,50,5,0.5,0.5,1,0.5,0.8,3,TRUE,0.9,FALSE,0.75,0,0,"ACPtrial37",0.750792684100557,0.937867272496595,1,0.622222222222222,0.6,0.977777777777778
"1829",37,50,100,50,5,0.5,0.5,1,0.5,0.8,3,TRUE,0.9,FALSE,0.75,0,0,"ACPtrial37",1.10375935633458,1.01466809793048,0.8,0.488888888888889,0.444444444444444,0.926829268292683
"1830",37,50,100,50,5,0.5,0.5,1,0.5,0.8,3,TRUE,0.9,FALSE,0.75,0,0,"ACPtrial37",1.1581654666584,0.957389133921172,0.6,0.511111111111111,0.2,0.975
"1831",37,50,100,50,5,0.5,0.5,1,0.5,0.8,3,TRUE,0.9,FALSE,0.75,0,0,"ACPtrial37",0.775124039948448,0.91976626188487,1,0.711111111111111,0.666666666666667,0.931818181818182
"1832",37,50,100,50,5,0.5,0.5,1,0.5,0.8,3,TRUE,0.9,FALSE,0.75,0,0,"ACPtrial37",0.724558352286004,0.869609157422456,0.6,0.6,0.285714285714286,1
"1833",37,50,100,50,5,0.5,0.5,1,0.5,0.8,3,TRUE,0.9,FALSE,0.75,0,0,"ACPtrial37",1.0473047493575,0.920347012149399,0.4,0.6,0.222222222222222,0.975609756097561
"1834",37,50,100,50,5,0.5,0.5,1,0.5,0.8,3,TRUE,0.9,FALSE,0.75,0,0,"ACPtrial37",0.816860832239083,0.983952357859613,0.8,0.666666666666667,0.285714285714286,0.976744186046512
"1835",37,50,100,50,5,0.5,0.5,1,0.5,0.8,3,TRUE,0.9,FALSE,0.75,0,0,"ACPtrial37",0.746467943976477,0.775481290692517,0.8,0.533333333333333,0.333333333333333,0.931818181818182
"1836",37,50,100,50,5,0.5,0.5,1,0.5,0.8,3,TRUE,0.9,FALSE,0.75,0,0,"ACPtrial37",0.673970841411484,0.75392545957703,0.8,0.555555555555556,0.222222222222222,0.853658536585366
"1837",37,50,100,50,5,0.5,0.5,1,0.5,0.8,3,TRUE,0.9,FALSE,0.75,0,0,"ACPtrial37",0.866614701670357,0.810985876014484,1,0.511111111111111,0.5,0.977272727272727
"1838",37,50,100,50,5,0.5,0.5,1,0.5,0.8,3,TRUE,0.9,FALSE,0.75,0,0,"ACPtrial37",1.02729236821726,1.00841649292072,1,0.488888888888889,0.444444444444444,0.951219512195122
"1839",37,50,100,50,5,0.5,0.5,1,0.5,0.8,3,TRUE,0.9,FALSE,0.75,0,0,"ACPtrial37",0.70549033679176,0.786475860881022,0.4,0.711111111111111,0.5,1
"1840",37,50,100,50,5,0.5,0.5,1,0.5,0.8,3,TRUE,0.9,FALSE,0.75,0,0,"ACPtrial37",0.695839535401423,0.77806897842196,1,0.644444444444444,0.444444444444444,0.926829268292683
"1841",37,50,100,50,5,0.5,0.5,1,0.5,0.8,3,TRUE,0.9,FALSE,0.75,0,0,"ACPtrial37",1.07082796243753,0.863206717754804,0.8,0.488888888888889,0.181818181818182,1
"1842",37,50,100,50,5,0.5,0.5,1,0.5,0.8,3,TRUE,0.9,FALSE,0.75,0,0,"ACPtrial37",0.644715092334659,0.695738674812917,0.8,0.666666666666667,0.428571428571429,0.953488372093023
"1843",37,50,100,50,5,0.5,0.5,1,0.5,0.8,3,TRUE,0.9,FALSE,0.75,0,0,"ACPtrial37",0.691700924300635,0.909791182676301,0.8,0.8,0.142857142857143,0.976744186046512
"1844",37,50,100,50,5,0.5,0.5,1,0.5,0.8,3,TRUE,0.9,FALSE,0.75,0,0,"ACPtrial37",0.716354660995268,0.967561541713915,0.8,0.622222222222222,0.285714285714286,1
"1845",37,50,100,50,5,0.5,0.5,1,0.5,0.8,3,TRUE,0.9,FALSE,0.75,0,0,"ACPtrial37",1.1774953654362,0.868887884170131,1,0.511111111111111,0.5,0.976190476190476
"1846",37,50,100,50,5,0.5,0.5,1,0.5,0.8,3,TRUE,0.9,FALSE,0.75,0,0,"ACPtrial37",0.6827907658114,0.755335367074661,1,0.422222222222222,0.8,0.977777777777778
"1847",37,50,100,50,5,0.5,0.5,1,0.5,0.8,3,TRUE,0.9,FALSE,0.75,0,0,"ACPtrial37",0.844455776960415,0.789847785079135,0.8,0.444444444444444,0.428571428571429,0.976744186046512
"1848",37,50,100,50,5,0.5,0.5,1,0.5,0.8,3,TRUE,0.9,FALSE,0.75,0,0,"ACPtrial37",1.18458083446924,0.725873733570515,0.8,0.333333333333333,0.375,1
"1849",37,50,100,50,5,0.5,0.5,1,0.5,0.8,3,TRUE,0.9,FALSE,0.75,0,0,"ACPtrial37",0.696817150014165,0.784579356086999,0.6,0.6,0.181818181818182,0.974358974358974
"1850",37,50,100,50,5,0.5,0.5,1,0.5,0.8,3,TRUE,0.9,FALSE,0.75,0,0,"ACPtrial37",1.00538772082886,0.927444884913165,1,0.466666666666667,0.833333333333333,0.909090909090909
"1851",38,50,100,50,5,0.5,0.5,1,0.5,0.8,3,TRUE,0.9,FALSE,0.75,0,0,"ACPtrial38",0.95955047165864,0.845309200797728,0.6,0.444444444444444,0.333333333333333,0.909090909090909
"1852",38,50,100,50,5,0.5,0.5,1,0.5,0.8,3,TRUE,0.9,FALSE,0.75,0,0,"ACPtrial38",0.979944946657001,0.903611407004614,1,0.577777777777778,0.714285714285714,1
"1853",38,50,100,50,5,0.5,0.5,1,0.5,0.8,3,TRUE,0.9,FALSE,0.75,0,0,"ACPtrial38",0.900695116496723,0.842360961818181,0.8,0.444444444444444,0.5,0.976190476190476
"1854",38,50,100,50,5,0.5,0.5,1,0.5,0.8,3,TRUE,0.9,FALSE,0.75,0,0,"ACPtrial38",0.811484544025634,0.884974617387954,0.8,0.644444444444444,0.6,0.933333333333333
"1855",38,50,100,50,5,0.5,0.5,1,0.5,0.8,3,TRUE,0.9,FALSE,0.75,0,0,"ACPtrial38",1.1458280244218,0.770333468557972,1,0.111111111111111,0.571428571428571,0.976744186046512
"1856",38,50,100,50,5,0.5,0.5,1,0.5,0.8,3,TRUE,0.9,FALSE,0.75,0,0,"ACPtrial38",0.675844141926249,0.818548036921076,0.4,0.711111111111111,0.428571428571429,1
"1857",38,50,100,50,5,0.5,0.5,1,0.5,0.8,3,TRUE,0.9,FALSE,0.75,0,0,"ACPtrial38",0.864900001839724,0.786976340594269,0.6,0.555555555555556,0.375,0.904761904761905
"1858",38,50,100,50,5,0.5,0.5,1,0.5,0.8,3,TRUE,0.9,FALSE,0.75,0,0,"ACPtrial38",0.82436990547522,0.81587206634167,1,0.644444444444444,0.428571428571429,1
"1859",38,50,100,50,5,0.5,0.5,1,0.5,0.8,3,TRUE,0.9,FALSE,0.75,0,0,"ACPtrial38",0.650711605118966,0.798071739965597,0.4,0.866666666666667,0.333333333333333,0.931818181818182
"1860",38,50,100,50,5,0.5,0.5,1,0.5,0.8,3,TRUE,0.9,FALSE,0.75,0,0,"ACPtrial38",0.766919913715976,0.966992659781957,1,0.822222222222222,0.428571428571429,0.976744186046512
"1861",38,50,100,50,5,0.5,0.5,1,0.5,0.8,3,TRUE,0.9,FALSE,0.75,0,0,"ACPtrial38",0.892794339485643,0.827727518567097,0.8,0.488888888888889,0.4,0.977777777777778
"1862",38,50,100,50,5,0.5,0.5,1,0.5,0.8,3,TRUE,0.9,FALSE,0.75,0,0,"ACPtrial38",0.818624430856118,0.884801562464895,1,0.6,0.6,0.955555555555556
"1863",38,50,100,50,5,0.5,0.5,1,0.5,0.8,3,TRUE,0.9,FALSE,0.75,0,0,"ACPtrial38",1.23846534235964,0.952801811625846,1,0.288888888888889,0.375,1
"1864",38,50,100,50,5,0.5,0.5,1,0.5,0.8,3,TRUE,0.9,FALSE,0.75,0,0,"ACPtrial38",0.896543816549079,0.830953206101534,1,0.355555555555556,0.6,0.955555555555556
"1865",38,50,100,50,5,0.5,0.5,1,0.5,0.8,3,TRUE,0.9,FALSE,0.75,0,0,"ACPtrial38",1.20750249473449,1.06079165247579,0.8,0.688888888888889,0.375,1
"1866",38,50,100,50,5,0.5,0.5,1,0.5,0.8,3,TRUE,0.9,FALSE,0.75,0,0,"ACPtrial38",0.763703985018094,0.88601392079741,0.8,0.6,0.222222222222222,0.975609756097561
"1867",38,50,100,50,5,0.5,0.5,1,0.5,0.8,3,TRUE,0.9,FALSE,0.75,0,0,"ACPtrial38",1.04314291203797,0.882209918585906,0.8,0.333333333333333,0.666666666666667,0.931818181818182
"1868",38,50,100,50,5,0.5,0.5,1,0.5,0.8,3,TRUE,0.9,FALSE,0.75,0,0,"ACPtrial38",1.42404356070185,1.01298969884906,1,0.377777777777778,0.6,0.955555555555556
"1869",38,50,100,50,5,0.5,0.5,1,0.5,0.8,3,TRUE,0.9,FALSE,0.75,0,0,"ACPtrial38",0.609566585011762,0.787341423367911,0.4,0.822222222222222,0.285714285714286,0.930232558139535
"1870",38,50,100,50,5,0.5,0.5,1,0.5,0.8,3,TRUE,0.9,FALSE,0.75,0,0,"ACPtrial38",1.19208353247007,1.03169039041537,1,0.622222222222222,0.5,1
"1871",38,50,100,50,5,0.5,0.5,1,0.5,0.8,3,TRUE,0.9,FALSE,0.75,0,0,"ACPtrial38",1.56584912649657,1.02887507777493,0.8,0.288888888888889,0.428571428571429,0.976744186046512
"1872",38,50,100,50,5,0.5,0.5,1,0.5,0.8,3,TRUE,0.9,FALSE,0.75,0,0,"ACPtrial38",0.820613239877435,0.714085059167835,0.8,0.266666666666667,0.666666666666667,0.902439024390244
"1873",38,50,100,50,5,0.5,0.5,1,0.5,0.8,3,TRUE,0.9,FALSE,0.75,0,0,"ACPtrial38",0.668315666092573,0.652474512940493,0.4,0.577777777777778,0.333333333333333,0.886363636363636
"1874",38,50,100,50,5,0.5,0.5,1,0.5,0.8,3,TRUE,0.9,FALSE,0.75,0,0,"ACPtrial38",0.83719176735957,0.927045373282673,0.6,0.644444444444444,0.25,1
"1875",38,50,100,50,5,0.5,0.5,1,0.5,0.8,3,TRUE,0.9,FALSE,0.75,0,0,"ACPtrial38",0.792845300954047,0.986363878351887,1,0.711111111111111,0.428571428571429,0.953488372093023
"1876",38,50,100,50,5,0.5,0.5,1,0.5,0.8,3,TRUE,0.9,FALSE,0.75,0,0,"ACPtrial38",0.931555678554171,0.794051491127514,1,0.577777777777778,0.666666666666667,1
"1877",38,50,100,50,5,0.5,0.5,1,0.5,0.8,3,TRUE,0.9,FALSE,0.75,0,0,"ACPtrial38",0.799308529786526,0.834540528351188,0.6,0.533333333333333,0.333333333333333,0.931818181818182
"1878",38,50,100,50,5,0.5,0.5,1,0.5,0.8,3,TRUE,0.9,FALSE,0.75,0,0,"ACPtrial38",1.16457799303712,0.945418654923749,1,0.288888888888889,0.625,0.952380952380952
"1879",38,50,100,50,5,0.5,0.5,1,0.5,0.8,3,TRUE,0.9,FALSE,0.75,0,0,"ACPtrial38",0.668002207907862,0.838850678829711,0.8,0.8,0.571428571428571,1
"1880",38,50,100,50,5,0.5,0.5,1,0.5,0.8,3,TRUE,0.9,FALSE,0.75,0,0,"ACPtrial38",1.15984050649899,0.835354346286304,1,0.2,0.428571428571429,1
"1881",38,50,100,50,5,0.5,0.5,1,0.5,0.8,3,TRUE,0.9,FALSE,0.75,0,0,"ACPtrial38",0.655859088118857,0.924464433234137,1,0.577777777777778,0.5,0.954545454545455
"1882",38,50,100,50,5,0.5,0.5,1,0.5,0.8,3,TRUE,0.9,FALSE,0.75,0,0,"ACPtrial38",0.734135072794249,0.883690118047278,0.6,0.666666666666667,0.333333333333333,0.977272727272727
"1883",38,50,100,50,5,0.5,0.5,1,0.5,0.8,3,TRUE,0.9,FALSE,0.75,0,0,"ACPtrial38",0.737522061682768,0.838429334497814,0.6,0.733333333333333,0.5,0.931818181818182
"1884",38,50,100,50,5,0.5,0.5,1,0.5,0.8,3,TRUE,0.9,FALSE,0.75,0,0,"ACPtrial38",0.749423185045848,0.808762749426752,0.6,0.511111111111111,0.285714285714286,1
"1885",38,50,100,50,5,0.5,0.5,1,0.5,0.8,3,TRUE,0.9,FALSE,0.75,0,0,"ACPtrial38",1.144924556607,0.978149056655172,1,0.488888888888889,0.5,0.931818181818182
"1886",38,50,100,50,5,0.5,0.5,1,0.5,0.8,3,TRUE,0.9,FALSE,0.75,0,0,"ACPtrial38",0.629826410277821,0.842660329327119,1,0.622222222222222,0.6,0.911111111111111
"1887",38,50,100,50,5,0.5,0.5,1,0.5,0.8,3,TRUE,0.9,FALSE,0.75,0,0,"ACPtrial38",1.01722119340787,0.944818506803275,0.8,0.333333333333333,0.285714285714286,0.976744186046512
"1888",38,50,100,50,5,0.5,0.5,1,0.5,0.8,3,TRUE,0.9,FALSE,0.75,0,0,"ACPtrial38",0.617705996641808,0.767563027552774,0.8,0.711111111111111,0.25,0.952380952380952
"1889",38,50,100,50,5,0.5,0.5,1,0.5,0.8,3,TRUE,0.9,FALSE,0.75,0,0,"ACPtrial38",0.718249906756996,0.763834647666219,1,0.711111111111111,0.428571428571429,1
"1890",38,50,100,50,5,0.5,0.5,1,0.5,0.8,3,TRUE,0.9,FALSE,0.75,0,0,"ACPtrial38",1.37208012634843,0.853176450816462,1,0.222222222222222,0.25,0.928571428571429
"1891",38,50,100,50,5,0.5,0.5,1,0.5,0.8,3,TRUE,0.9,FALSE,0.75,0,0,"ACPtrial38",1.0451676190384,1.01434876139731,1,0.511111111111111,0.333333333333333,0.977272727272727
"1892",38,50,100,50,5,0.5,0.5,1,0.5,0.8,3,TRUE,0.9,FALSE,0.75,0,0,"ACPtrial38",0.685797334293403,0.858378684373886,1,0.777777777777778,0.571428571428571,1
"1893",38,50,100,50,5,0.5,0.5,1,0.5,0.8,3,TRUE,0.9,FALSE,0.75,0,0,"ACPtrial38",0.767921339995922,0.841756431954028,0.8,0.644444444444444,0.5,0.975
"1894",38,50,100,50,5,0.5,0.5,1,0.5,0.8,3,TRUE,0.9,FALSE,0.75,0,0,"ACPtrial38",0.711003402161634,0.832553762625588,1,0.555555555555556,0.4,0.977777777777778
"1895",38,50,100,50,5,0.5,0.5,1,0.5,0.8,3,TRUE,0.9,FALSE,0.75,0,0,"ACPtrial38",0.943488639614442,0.840848887074983,0.8,0.555555555555556,0.333333333333333,1
"1896",38,50,100,50,5,0.5,0.5,1,0.5,0.8,3,TRUE,0.9,FALSE,0.75,0,0,"ACPtrial38",1.38492412208278,1.10894388153785,0.8,0.422222222222222,0.4,0.955555555555556
"1897",38,50,100,50,5,0.5,0.5,1,0.5,0.8,3,TRUE,0.9,FALSE,0.75,0,0,"ACPtrial38",1.2128932020771,0.87873474569651,0.8,0.133333333333333,0.375,0.904761904761905
"1898",38,50,100,50,5,0.5,0.5,1,0.5,0.8,3,TRUE,0.9,FALSE,0.75,0,0,"ACPtrial38",1.44958245338553,0.983511543298991,1,0.288888888888889,0.444444444444444,0.951219512195122
"1899",38,50,100,50,5,0.5,0.5,1,0.5,0.8,3,TRUE,0.9,FALSE,0.75,0,0,"ACPtrial38",0.939946015616124,0.95806125460842,1,0.6,0.6,0.977777777777778
"1900",38,50,100,50,5,0.5,0.5,1,0.5,0.8,3,TRUE,0.9,FALSE,0.75,0,0,"ACPtrial38",0.48236100559322,0.648092880447741,0.6,0.822222222222222,0.285714285714286,0.953488372093023
"1901",39,50,100,50,5,0.5,0.5,1,0.5,0.8,3,TRUE,0.9,FALSE,0.75,0,0,"ACPtrial39",0.765680307404283,0.906378898266778,0.8,0.733333333333333,0.5,1
"1902",39,50,100,50,5,0.5,0.5,1,0.5,0.8,3,TRUE,0.9,FALSE,0.75,0,0,"ACPtrial39",0.803833263695586,0.802193636554789,0.6,0.755555555555556,0.333333333333333,0.977272727272727
"1903",39,50,100,50,5,0.5,0.5,1,0.5,0.8,3,TRUE,0.9,FALSE,0.75,0,0,"ACPtrial39",0.598617909736343,0.728186035789876,0.8,0.8,0.375,0.976190476190476
"1904",39,50,100,50,5,0.5,0.5,1,0.5,0.8,3,TRUE,0.9,FALSE,0.75,0,0,"ACPtrial39",0.966978433624714,0.921651205824534,1,0.311111111111111,0.222222222222222,1
"1905",39,50,100,50,5,0.5,0.5,1,0.5,0.8,3,TRUE,0.9,FALSE,0.75,0,0,"ACPtrial39",0.954283520605317,0.939160630301733,0.8,0.688888888888889,0.5,0.977272727272727
"1906",39,50,100,50,5,0.5,0.5,1,0.5,0.8,3,TRUE,0.9,FALSE,0.75,0,0,"ACPtrial39",1.13111881802199,0.926505428085925,0.8,0.244444444444444,0.333333333333333,0.931818181818182
"1907",39,50,100,50,5,0.5,0.5,1,0.5,0.8,3,TRUE,0.9,FALSE,0.75,0,0,"ACPtrial39",0.765538647722187,0.887719486789494,0.6,0.822222222222222,0.428571428571429,0.976744186046512
"1908",39,50,100,50,5,0.5,0.5,1,0.5,0.8,3,TRUE,0.9,FALSE,0.75,0,0,"ACPtrial39",0.895037045487307,0.869371247034049,0.8,0.422222222222222,0.444444444444444,0.951219512195122
"1909",39,50,100,50,5,0.5,0.5,1,0.5,0.8,3,TRUE,0.9,FALSE,0.75,0,0,"ACPtrial39",0.725750604743187,0.928355828187872,0.8,0.644444444444444,0.25,0.976190476190476
"1910",39,50,100,50,5,0.5,0.5,1,0.5,0.8,3,TRUE,0.9,FALSE,0.75,0,0,"ACPtrial39",0.765318967859988,0.905996900243846,0.4,0.844444444444444,0.333333333333333,0.977272727272727
"1911",39,50,100,50,5,0.5,0.5,1,0.5,0.8,3,TRUE,0.9,FALSE,0.75,0,0,"ACPtrial39",0.836429755420523,0.872532398655677,0.8,0.555555555555556,0.571428571428571,0.976744186046512
"1912",39,50,100,50,5,0.5,0.5,1,0.5,0.8,3,TRUE,0.9,FALSE,0.75,0,0,"ACPtrial39",0.815651477538006,0.968483338183536,0.4,0.822222222222222,0.25,0.976190476190476
"1913",39,50,100,50,5,0.5,0.5,1,0.5,0.8,3,TRUE,0.9,FALSE,0.75,0,0,"ACPtrial39",0.854008239758956,0.818113238048538,1,0.533333333333333,0.5,1
"1914",39,50,100,50,5,0.5,0.5,1,0.5,0.8,3,TRUE,0.9,FALSE,0.75,0,0,"ACPtrial39",0.9197242311123,0.817231435649392,1,0.511111111111111,0.5,0.976190476190476
"1915",39,50,100,50,5,0.5,0.5,1,0.5,0.8,3,TRUE,0.9,FALSE,0.75,0,0,"ACPtrial39",1.03877102161467,0.958986344924025,0.8,0.511111111111111,0.3,1
"1916",39,50,100,50,5,0.5,0.5,1,0.5,0.8,3,TRUE,0.9,FALSE,0.75,0,0,"ACPtrial39",0.814863610454513,0.958492784592562,1,0.577777777777778,0.428571428571429,0.976744186046512
"1917",39,50,100,50,5,0.5,0.5,1,0.5,0.8,3,TRUE,0.9,FALSE,0.75,0,0,"ACPtrial39",0.837635762113882,0.900217832446994,0.8,0.577777777777778,0.333333333333333,0.902439024390244
"1918",39,50,100,50,5,0.5,0.5,1,0.5,0.8,3,TRUE,0.9,FALSE,0.75,0,0,"ACPtrial39",0.813224136488444,0.964887940012207,1,0.622222222222222,0.571428571428571,0.930232558139535
"1919",39,50,100,50,5,0.5,0.5,1,0.5,0.8,3,TRUE,0.9,FALSE,0.75,0,0,"ACPtrial39",1.37820906344888,1.02641481309237,1,0.311111111111111,0.6,0.977777777777778
"1920",39,50,100,50,5,0.5,0.5,1,0.5,0.8,3,TRUE,0.9,FALSE,0.75,0,0,"ACPtrial39",0.706875441817767,0.736117427444917,0.8,0.577777777777778,0.571428571428571,0.953488372093023
"1921",39,50,100,50,5,0.5,0.5,1,0.5,0.8,3,TRUE,0.9,FALSE,0.75,0,0,"ACPtrial39",1.26278885814604,0.976660219204542,1,0.311111111111111,0.5,0.976190476190476
"1922",39,50,100,50,5,0.5,0.5,1,0.5,0.8,3,TRUE,0.9,FALSE,0.75,0,0,"ACPtrial39",0.965272406731772,1.04341181844549,0.6,0.6,0.4,0.955555555555556
"1923",39,50,100,50,5,0.5,0.5,1,0.5,0.8,3,TRUE,0.9,FALSE,0.75,0,0,"ACPtrial39",0.540140758326066,0.734023388748039,0.4,0.888888888888889,0.222222222222222,1
"1924",39,50,100,50,5,0.5,0.5,1,0.5,0.8,3,TRUE,0.9,FALSE,0.75,0,0,"ACPtrial39",0.780595299039806,0.900958863895684,0.8,0.711111111111111,0.285714285714286,1
"1925",39,50,100,50,5,0.5,0.5,1,0.5,0.8,3,TRUE,0.9,FALSE,0.75,0,0,"ACPtrial39",0.863680191328617,0.808355059097885,1,0.555555555555556,0.416666666666667,0.947368421052632
"1926",39,50,100,50,5,0.5,0.5,1,0.5,0.8,3,TRUE,0.9,FALSE,0.75,0,0,"ACPtrial39",0.629658596241691,0.929310022006009,1,0.666666666666667,0.5,0.977272727272727
"1927",39,50,100,50,5,0.5,0.5,1,0.5,0.8,3,TRUE,0.9,FALSE,0.75,0,0,"ACPtrial39",0.965750682481603,0.921925358055099,1,0.244444444444444,0.272727272727273,0.974358974358974
"1928",39,50,100,50,5,0.5,0.5,1,0.5,0.8,3,TRUE,0.9,FALSE,0.75,0,0,"ACPtrial39",0.855685060447835,0.897417782071051,0.8,0.711111111111111,0.285714285714286,0.976744186046512
"1929",39,50,100,50,5,0.5,0.5,1,0.5,0.8,3,TRUE,0.9,FALSE,0.75,0,0,"ACPtrial39",0.86040678250594,0.755620905147176,0.8,0.6,0.5,0.977272727272727
"1930",39,50,100,50,5,0.5,0.5,1,0.5,0.8,3,TRUE,0.9,FALSE,0.75,0,0,"ACPtrial39",0.862457908692925,0.819548315734778,0.8,0.355555555555556,0.222222222222222,1
"1931",39,50,100,50,5,0.5,0.5,1,0.5,0.8,3,TRUE,0.9,FALSE,0.75,0,0,"ACPtrial39",0.861375467207831,0.959641605339887,1,0.511111111111111,0.375,0.952380952380952
"1932",39,50,100,50,5,0.5,0.5,1,0.5,0.8,3,TRUE,0.9,FALSE,0.75,0,0,"ACPtrial39",0.967774597208347,0.890687570612162,0.8,0.644444444444444,0.375,0.952380952380952
"1933",39,50,100,50,5,0.5,0.5,1,0.5,0.8,3,TRUE,0.9,FALSE,0.75,0,0,"ACPtrial39",0.889034543722989,0.864869294825611,0.6,0.511111111111111,0.375,0.952380952380952
"1934",39,50,100,50,5,0.5,0.5,1,0.5,0.8,3,TRUE,0.9,FALSE,0.75,0,0,"ACPtrial39",0.715167799467393,0.904127765961584,0.6,0.777777777777778,0.285714285714286,1
"1935",39,50,100,50,5,0.5,0.5,1,0.5,0.8,3,TRUE,0.9,FALSE,0.75,0,0,"ACPtrial39",0.865274698398802,0.857824093710005,0.8,0.422222222222222,0.8,0.911111111111111
"1936",39,50,100,50,5,0.5,0.5,1,0.5,0.8,3,TRUE,0.9,FALSE,0.75,0,0,"ACPtrial39",0.517144335757228,0.834050207250156,1,0.6,0.333333333333333,0.954545454545455
"1937",39,50,100,50,5,0.5,0.5,1,0.5,0.8,3,TRUE,0.9,FALSE,0.75,0,0,"ACPtrial39",0.527092196702946,0.778189118986606,0.4,0.822222222222222,0.25,1
"1938",39,50,100,50,5,0.5,0.5,1,0.5,0.8,3,TRUE,0.9,FALSE,0.75,0,0,"ACPtrial39",0.662052388955232,0.84288070980603,0.8,0.688888888888889,0.428571428571429,1
"1939",39,50,100,50,5,0.5,0.5,1,0.5,0.8,3,TRUE,0.9,FALSE,0.75,0,0,"ACPtrial39",0.817710122143294,0.849822972187945,0.8,0.555555555555556,0.428571428571429,1
"1940",39,50,100,50,5,0.5,0.5,1,0.5,0.8,3,TRUE,0.9,FALSE,0.75,0,0,"ACPtrial39",0.73244823316031,0.84385967936962,0.8,0.355555555555556,0.5,0.954545454545455
"1941",39,50,100,50,5,0.5,0.5,1,0.5,0.8,3,TRUE,0.9,FALSE,0.75,0,0,"ACPtrial39",1.09113913333174,0.739837405454389,0.8,0.311111111111111,0.428571428571429,0.953488372093023
"1942",39,50,100,50,5,0.5,0.5,1,0.5,0.8,3,TRUE,0.9,FALSE,0.75,0,0,"ACPtrial39",0.600173089933486,0.814921878131135,0.6,0.711111111111111,0.333333333333333,1
"1943",39,50,100,50,5,0.5,0.5,1,0.5,0.8,3,TRUE,0.9,FALSE,0.75,0,0,"ACPtrial39",0.761688911558851,0.812321255254443,0.4,0.6,0.4,1
"1944",39,50,100,50,5,0.5,0.5,1,0.5,0.8,3,TRUE,0.9,FALSE,0.75,0,0,"ACPtrial39",0.896710295459517,0.903851140968912,1,0.6,0.25,0.976190476190476
"1945",39,50,100,50,5,0.5,0.5,1,0.5,0.8,3,TRUE,0.9,FALSE,0.75,0,0,"ACPtrial39",0.730690399471892,0.861908218334678,1,0.577777777777778,0.5,0.976190476190476
"1946",39,50,100,50,5,0.5,0.5,1,0.5,0.8,3,TRUE,0.9,FALSE,0.75,0,0,"ACPtrial39",0.692293635553215,0.842662714473402,0.8,0.688888888888889,0.666666666666667,0.954545454545455
"1947",39,50,100,50,5,0.5,0.5,1,0.5,0.8,3,TRUE,0.9,FALSE,0.75,0,0,"ACPtrial39",1.14507013111558,0.866394088477345,0.8,0.488888888888889,0.222222222222222,0.975609756097561
"1948",39,50,100,50,5,0.5,0.5,1,0.5,0.8,3,TRUE,0.9,FALSE,0.75,0,0,"ACPtrial39",0.712865801830008,0.8198332964051,0.6,0.577777777777778,0.25,0.976190476190476
"1949",39,50,100,50,5,0.5,0.5,1,0.5,0.8,3,TRUE,0.9,FALSE,0.75,0,0,"ACPtrial39",1.06583128544867,0.927470340493249,0.6,0.511111111111111,0.166666666666667,0.931818181818182
"1950",39,50,100,50,5,0.5,0.5,1,0.5,0.8,3,TRUE,0.9,FALSE,0.75,0,0,"ACPtrial39",1.09435267011455,0.784003706141731,1,0.422222222222222,1,1
"1951",40,50,100,50,5,0.5,0.5,1,0.5,0.8,3,TRUE,0.9,FALSE,0.75,0,0,"ACPtrial40",1.15613827478842,1.02488355551016,1,0.511111111111111,0.5,0.976190476190476
"1952",40,50,100,50,5,0.5,0.5,1,0.5,0.8,3,TRUE,0.9,FALSE,0.75,0,0,"ACPtrial40",0.79644352864348,0.879194808742532,0.8,0.288888888888889,0.444444444444444,0.902439024390244
"1953",40,50,100,50,5,0.5,0.5,1,0.5,0.8,3,TRUE,0.9,FALSE,0.75,0,0,"ACPtrial40",0.6696447787677,0.965229745694284,1,0.8,0.714285714285714,0.953488372093023
"1954",40,50,100,50,5,0.5,0.5,1,0.5,0.8,3,TRUE,0.9,FALSE,0.75,0,0,"ACPtrial40",0.91724910239454,0.947889792237164,0.6,0.711111111111111,0.285714285714286,0.976744186046512
"1955",40,50,100,50,5,0.5,0.5,1,0.5,0.8,3,TRUE,0.9,FALSE,0.75,0,0,"ACPtrial40",0.647403604640202,0.87298115142507,0.6,0.6,0.2,0.975
"1956",40,50,100,50,5,0.5,0.5,1,0.5,0.8,3,TRUE,0.9,FALSE,0.75,0,0,"ACPtrial40",0.775834465131411,0.944204103336859,0.8,0.466666666666667,0.333333333333333,0.926829268292683
"1957",40,50,100,50,5,0.5,0.5,1,0.5,0.8,3,TRUE,0.9,FALSE,0.75,0,0,"ACPtrial40",0.687094988857488,0.901633143811528,0.6,0.777777777777778,0.444444444444444,0.926829268292683
"1958",40,50,100,50,5,0.5,0.5,1,0.5,0.8,3,TRUE,0.9,FALSE,0.75,0,0,"ACPtrial40",0.904642522670821,0.79415659209392,0.4,0.466666666666667,0.222222222222222,1
"1959",40,50,100,50,5,0.5,0.5,1,0.5,0.8,3,TRUE,0.9,FALSE,0.75,0,0,"ACPtrial40",0.840016623432787,0.795063013356932,0.6,0.644444444444444,0.5,0.977272727272727
"1960",40,50,100,50,5,0.5,0.5,1,0.5,0.8,3,TRUE,0.9,FALSE,0.75,0,0,"ACPtrial40",0.703541678951603,0.725040915285346,0.6,0.622222222222222,0.25,0.976190476190476
"1961",40,50,100,50,5,0.5,0.5,1,0.5,0.8,3,TRUE,0.9,FALSE,0.75,0,0,"ACPtrial40",0.657899678778966,0.845557895729074,0.6,0.466666666666667,0.285714285714286,0.976744186046512
"1962",40,50,100,50,5,0.5,0.5,1,0.5,0.8,3,TRUE,0.9,FALSE,0.75,0,0,"ACPtrial40",1.09253506609862,0.973341728606794,1,0.577777777777778,0.4,0.977777777777778
"1963",40,50,100,50,5,0.5,0.5,1,0.5,0.8,3,TRUE,0.9,FALSE,0.75,0,0,"ACPtrial40",1.04338186864624,0.880961818956183,0.8,0.244444444444444,0.25,0.928571428571429
"1964",40,50,100,50,5,0.5,0.5,1,0.5,0.8,3,TRUE,0.9,FALSE,0.75,0,0,"ACPtrial40",1.22422645579981,0.961287371732391,1,0.422222222222222,0.285714285714286,0.976744186046512
"1965",40,50,100,50,5,0.5,0.5,1,0.5,0.8,3,TRUE,0.9,FALSE,0.75,0,0,"ACPtrial40",0.738949195464628,0.983190843174333,1,0.688888888888889,0.428571428571429,0.953488372093023
"1966",40,50,100,50,5,0.5,0.5,1,0.5,0.8,3,TRUE,0.9,FALSE,0.75,0,0,"ACPtrial40",0.800458050871972,0.788547461553309,0.8,0.488888888888889,0.5,0.976190476190476
"1967",40,50,100,50,5,0.5,0.5,1,0.5,0.8,3,TRUE,0.9,FALSE,0.75,0,0,"ACPtrial40",0.668805673755516,0.840879740647987,0.8,0.711111111111111,0.428571428571429,1
"1968",40,50,100,50,5,0.5,0.5,1,0.5,0.8,3,TRUE,0.9,FALSE,0.75,0,0,"ACPtrial40",0.665929349179734,0.840148572181687,1,0.6,0.545454545454545,1
"1969",40,50,100,50,5,0.5,0.5,1,0.5,0.8,3,TRUE,0.9,FALSE,0.75,0,0,"ACPtrial40",1.0213757460043,1.03838340242191,1,0.644444444444444,0.857142857142857,0.976744186046512
"1970",40,50,100,50,5,0.5,0.5,1,0.5,0.8,3,TRUE,0.9,FALSE,0.75,0,0,"ACPtrial40",0.746959649100944,0.906386760518781,1,0.533333333333333,0.444444444444444,0.951219512195122
"1971",40,50,100,50,5,0.5,0.5,1,0.5,0.8,3,TRUE,0.9,FALSE,0.75,0,0,"ACPtrial40",1.04174790330468,1.00939284244841,0.8,0.444444444444444,0.571428571428571,0.883720930232558
"1972",40,50,100,50,5,0.5,0.5,1,0.5,0.8,3,TRUE,0.9,FALSE,0.75,0,0,"ACPtrial40",0.714661920576531,0.888290857053347,0.6,0.8,0.428571428571429,1
"1973",40,50,100,50,5,0.5,0.5,1,0.5,0.8,3,TRUE,0.9,FALSE,0.75,0,0,"ACPtrial40",0.775910147456969,0.92531944843001,1,0.622222222222222,0.5,1
"1974",40,50,100,50,5,0.5,0.5,1,0.5,0.8,3,TRUE,0.9,FALSE,0.75,0,0,"ACPtrial40",0.842233302823502,0.891155632120287,1,0.644444444444444,0.333333333333333,1
"1975",40,50,100,50,5,0.5,0.5,1,0.5,0.8,3,TRUE,0.9,FALSE,0.75,0,0,"ACPtrial40",0.864115705562777,0.850013210821448,0.8,0.488888888888889,0.222222222222222,0.853658536585366
"1976",40,50,100,50,5,0.5,0.5,1,0.5,0.8,3,TRUE,0.9,FALSE,0.75,0,0,"ACPtrial40",0.800392906726139,0.791567115807646,1,0.4,0.4,0.95
"1977",40,50,100,50,5,0.5,0.5,1,0.5,0.8,3,TRUE,0.9,FALSE,0.75,0,0,"ACPtrial40",1.18637853668964,0.892804869994989,1,0.355555555555556,0.714285714285714,1
"1978",40,50,100,50,5,0.5,0.5,1,0.5,0.8,3,TRUE,0.9,FALSE,0.75,0,0,"ACPtrial40",0.895683120561534,0.937410870011919,1,0.555555555555556,0.6,0.955555555555556
"1979",40,50,100,50,5,0.5,0.5,1,0.5,0.8,3,TRUE,0.9,FALSE,0.75,0,0,"ACPtrial40",0.961576788713343,0.872838205648795,0.8,0.688888888888889,0.333333333333333,1
"1980",40,50,100,50,5,0.5,0.5,1,0.5,0.8,3,TRUE,0.9,FALSE,0.75,0,0,"ACPtrial40",0.74773339016473,0.777998517792818,0.8,0.711111111111111,0.666666666666667,0.954545454545455
"1981",40,50,100,50,5,0.5,0.5,1,0.5,0.8,3,TRUE,0.9,FALSE,0.75,0,0,"ACPtrial40",0.838254692896435,0.939133968858809,0.4,0.622222222222222,0.25,0.976190476190476
"1982",40,50,100,50,5,0.5,0.5,1,0.5,0.8,3,TRUE,0.9,FALSE,0.75,0,0,"ACPtrial40",0.717471379107298,0.834197874554489,1,0.4,0.571428571428571,0.976744186046512
"1983",40,50,100,50,5,0.5,0.5,1,0.5,0.8,3,TRUE,0.9,FALSE,0.75,0,0,"ACPtrial40",0.780416480044561,0.805708997703603,0.8,0.422222222222222,0.3,0.9
"1984",40,50,100,50,5,0.5,0.5,1,0.5,0.8,3,TRUE,0.9,FALSE,0.75,0,0,"ACPtrial40",0.713831956186275,0.860709681504777,1,0.688888888888889,0.25,0.976190476190476
"1985",40,50,100,50,5,0.5,0.5,1,0.5,0.8,3,TRUE,0.9,FALSE,0.75,0,0,"ACPtrial40",0.954857782141521,0.837727362210621,0.8,0.511111111111111,0.333333333333333,0.931818181818182
"1986",40,50,100,50,5,0.5,0.5,1,0.5,0.8,3,TRUE,0.9,FALSE,0.75,0,0,"ACPtrial40",0.736555835144492,0.91554516622185,1,0.755555555555556,0.666666666666667,0.977272727272727
"1987",40,50,100,50,5,0.5,0.5,1,0.5,0.8,3,TRUE,0.9,FALSE,0.75,0,0,"ACPtrial40",0.739345369138699,0.750289634263528,0.2,0.488888888888889,0.25,0.976190476190476
"1988",40,50,100,50,5,0.5,0.5,1,0.5,0.8,3,TRUE,0.9,FALSE,0.75,0,0,"ACPtrial40",0.674882681942593,0.851040090590826,0.8,0.755555555555556,0.666666666666667,0.954545454545455
"1989",40,50,100,50,5,0.5,0.5,1,0.5,0.8,3,TRUE,0.9,FALSE,0.75,0,0,"ACPtrial40",0.991886180452128,0.910739833509919,0.6,0.511111111111111,0.428571428571429,1
"1990",40,50,100,50,5,0.5,0.5,1,0.5,0.8,3,TRUE,0.9,FALSE,0.75,0,0,"ACPtrial40",0.657966120091943,0.747377386036443,0.4,0.644444444444444,0.285714285714286,1
"1991",40,50,100,50,5,0.5,0.5,1,0.5,0.8,3,TRUE,0.9,FALSE,0.75,0,0,"ACPtrial40",1.01742422665716,0.833016796030194,1,0.6,0.5,0.952380952380952
"1992",40,50,100,50,5,0.5,0.5,1,0.5,0.8,3,TRUE,0.9,FALSE,0.75,0,0,"ACPtrial40",0.84709332202428,0.832977934439577,0.8,0.311111111111111,0.5,0.975
"1993",40,50,100,50,5,0.5,0.5,1,0.5,0.8,3,TRUE,0.9,FALSE,0.75,0,0,"ACPtrial40",0.598739231034895,0.813313946117062,1,0.733333333333333,0.222222222222222,0.975609756097561
"1994",40,50,100,50,5,0.5,0.5,1,0.5,0.8,3,TRUE,0.9,FALSE,0.75,0,0,"ACPtrial40",0.740619986649753,0.888711906013359,0.6,0.555555555555556,0.5,0.931818181818182
"1995",40,50,100,50,5,0.5,0.5,1,0.5,0.8,3,TRUE,0.9,FALSE,0.75,0,0,"ACPtrial40",0.729514537008718,0.78380414046566,0.4,0.733333333333333,0.428571428571429,1
"1996",40,50,100,50,5,0.5,0.5,1,0.5,0.8,3,TRUE,0.9,FALSE,0.75,0,0,"ACPtrial40",0.794746305206092,0.884652587448685,1,0.688888888888889,0.5,0.952380952380952
"1997",40,50,100,50,5,0.5,0.5,1,0.5,0.8,3,TRUE,0.9,FALSE,0.75,0,0,"ACPtrial40",0.564816365505587,0.775483607052223,1,0.8,0.272727272727273,1
"1998",40,50,100,50,5,0.5,0.5,1,0.5,0.8,3,TRUE,0.9,FALSE,0.75,0,0,"ACPtrial40",0.884957291040549,0.872621763904647,0.6,0.244444444444444,0.571428571428571,0.906976744186046
"1999",40,50,100,50,5,0.5,0.5,1,0.5,0.8,3,TRUE,0.9,FALSE,0.75,0,0,"ACPtrial40",0.801706727894875,0.850700377481263,1,0.577777777777778,0.333333333333333,0.977272727272727
"2000",40,50,100,50,5,0.5,0.5,1,0.5,0.8,3,TRUE,0.9,FALSE,0.75,0,0,"ACPtrial40",0.918675905988648,0.841356793319424,0.8,0.222222222222222,0.375,0.952380952380952
"2001",41,50,100,50,5,0.5,0.5,1,0.5,0.8,3,TRUE,0.9,FALSE,0.75,0,0,"ACPtrial41",1.30224422403909,0.947967949759183,1,0.422222222222222,0.5,1
"2002",41,50,100,50,5,0.5,0.5,1,0.5,0.8,3,TRUE,0.9,FALSE,0.75,0,0,"ACPtrial41",0.769070122979331,0.892605536753599,0.6,0.466666666666667,0.25,0.976190476190476
"2003",41,50,100,50,5,0.5,0.5,1,0.5,0.8,3,TRUE,0.9,FALSE,0.75,0,0,"ACPtrial41",0.687551218942709,0.897930704237615,0.4,0.822222222222222,0.333333333333333,1
"2004",41,50,100,50,5,0.5,0.5,1,0.5,0.8,3,TRUE,0.9,FALSE,0.75,0,0,"ACPtrial41",0.822042887551308,0.770143048214812,0.6,0.644444444444444,0.333333333333333,0.975609756097561
"2005",41,50,100,50,5,0.5,0.5,1,0.5,0.8,3,TRUE,0.9,FALSE,0.75,0,0,"ACPtrial41",1.10151540597276,1.05361851278108,0.6,0.711111111111111,0.6,0.955555555555556
"2006",41,50,100,50,5,0.5,0.5,1,0.5,0.8,3,TRUE,0.9,FALSE,0.75,0,0,"ACPtrial41",0.78649513130152,0.908733965410919,0.8,0.688888888888889,0.4,1
"2007",41,50,100,50,5,0.5,0.5,1,0.5,0.8,3,TRUE,0.9,FALSE,0.75,0,0,"ACPtrial41",0.744052155247892,0.810039940425082,0.6,0.577777777777778,0.428571428571429,0.976744186046512
"2008",41,50,100,50,5,0.5,0.5,1,0.5,0.8,3,TRUE,0.9,FALSE,0.75,0,0,"ACPtrial41",0.986447633421095,0.879443963364608,0.8,0.4,0.285714285714286,0.930232558139535
"2009",41,50,100,50,5,0.5,0.5,1,0.5,0.8,3,TRUE,0.9,FALSE,0.75,0,0,"ACPtrial41",0.909328559952504,0.907447392258852,0.4,0.533333333333333,0.25,0.976190476190476
"2010",41,50,100,50,5,0.5,0.5,1,0.5,0.8,3,TRUE,0.9,FALSE,0.75,0,0,"ACPtrial41",1.06335395488437,0.885291339092935,0.6,0.533333333333333,0.25,1
"2011",41,50,100,50,5,0.5,0.5,1,0.5,0.8,3,TRUE,0.9,FALSE,0.75,0,0,"ACPtrial41",0.788210592833554,0.786308067250621,1,0.355555555555556,0.5,0.954545454545455
"2012",41,50,100,50,5,0.5,0.5,1,0.5,0.8,3,TRUE,0.9,FALSE,0.75,0,0,"ACPtrial41",0.831199696765894,0.877570922159848,0.8,0.555555555555556,0.333333333333333,0.975609756097561
"2013",41,50,100,50,5,0.5,0.5,1,0.5,0.8,3,TRUE,0.9,FALSE,0.75,0,0,"ACPtrial41",0.853304252329067,0.794521914975735,0.8,0.4,0.375,0.904761904761905
"2014",41,50,100,50,5,0.5,0.5,1,0.5,0.8,3,TRUE,0.9,FALSE,0.75,0,0,"ACPtrial41",0.984074691371605,0.964245601162989,0.4,0.577777777777778,0.222222222222222,0.975609756097561
"2015",41,50,100,50,5,0.5,0.5,1,0.5,0.8,3,TRUE,0.9,FALSE,0.75,0,0,"ACPtrial41",0.773257156211668,0.865625891533909,1,0.577777777777778,0.714285714285714,0.953488372093023
"2016",41,50,100,50,5,0.5,0.5,1,0.5,0.8,3,TRUE,0.9,FALSE,0.75,0,0,"ACPtrial41",1.18226564966059,1.11182797842449,1,0.377777777777778,0.285714285714286,0.953488372093023
"2017",41,50,100,50,5,0.5,0.5,1,0.5,0.8,3,TRUE,0.9,FALSE,0.75,0,0,"ACPtrial41",0.607278768091416,0.891133684413209,0.8,0.666666666666667,0.1,0.975
"2018",41,50,100,50,5,0.5,0.5,1,0.5,0.8,3,TRUE,0.9,FALSE,0.75,0,0,"ACPtrial41",0.763860806308092,0.73897925902236,0.8,0.6,0.333333333333333,1
"2019",41,50,100,50,5,0.5,0.5,1,0.5,0.8,3,TRUE,0.9,FALSE,0.75,0,0,"ACPtrial41",0.763343123502445,0.797480546646902,0.8,0.577777777777778,0.285714285714286,1
"2020",41,50,100,50,5,0.5,0.5,1,0.5,0.8,3,TRUE,0.9,FALSE,0.75,0,0,"ACPtrial41",0.920724697363023,0.810703571850251,1,0.4,0.375,1
"2021",41,50,100,50,5,0.5,0.5,1,0.5,0.8,3,TRUE,0.9,FALSE,0.75,0,0,"ACPtrial41",0.50733295261215,0.653677123992804,0.4,0.711111111111111,0.333333333333333,0.954545454545455
"2022",41,50,100,50,5,0.5,0.5,1,0.5,0.8,3,TRUE,0.9,FALSE,0.75,0,0,"ACPtrial41",0.741889311680451,0.821901848700362,0.8,0.666666666666667,0.8,0.977777777777778
"2023",41,50,100,50,5,0.5,0.5,1,0.5,0.8,3,TRUE,0.9,FALSE,0.75,0,0,"ACPtrial41",0.92101082476713,0.779257525046072,0.6,0.422222222222222,0.5,0.954545454545455
"2024",41,50,100,50,5,0.5,0.5,1,0.5,0.8,3,TRUE,0.9,FALSE,0.75,0,0,"ACPtrial41",0.551708657977631,0.748221531616536,1,0.555555555555556,1,0.933333333333333
"2025",41,50,100,50,5,0.5,0.5,1,0.5,0.8,3,TRUE,0.9,FALSE,0.75,0,0,"ACPtrial41",0.89347746109941,0.785319099001262,0.8,0.533333333333333,0.4,0.977777777777778
"2026",41,50,100,50,5,0.5,0.5,1,0.5,0.8,3,TRUE,0.9,FALSE,0.75,0,0,"ACPtrial41",0.789334237861391,0.951261185603174,1,0.577777777777778,0.666666666666667,0.909090909090909
"2027",41,50,100,50,5,0.5,0.5,1,0.5,0.8,3,TRUE,0.9,FALSE,0.75,0,0,"ACPtrial41",0.797085859795702,0.988272914304731,1,0.755555555555556,0.4,1
"2028",41,50,100,50,5,0.5,0.5,1,0.5,0.8,3,TRUE,0.9,FALSE,0.75,0,0,"ACPtrial41",0.935310416625382,0.797780607666768,0.8,0.4,0.4,0.911111111111111
"2029",41,50,100,50,5,0.5,0.5,1,0.5,0.8,3,TRUE,0.9,FALSE,0.75,0,0,"ACPtrial41",0.999197624404558,0.892500914588656,0.6,0.444444444444444,0.25,0.976190476190476
"2030",41,50,100,50,5,0.5,0.5,1,0.5,0.8,3,TRUE,0.9,FALSE,0.75,0,0,"ACPtrial41",1.05059810793219,0.76513137639237,0.6,0.533333333333333,0.222222222222222,1
"2031",41,50,100,50,5,0.5,0.5,1,0.5,0.8,3,TRUE,0.9,FALSE,0.75,0,0,"ACPtrial41",1.03782154359743,1.03464996622186,1,0.533333333333333,0.272727272727273,1
"2032",41,50,100,50,5,0.5,0.5,1,0.5,0.8,3,TRUE,0.9,FALSE,0.75,0,0,"ACPtrial41",0.924977445319807,0.911438445281559,0.8,0.666666666666667,0.375,1
"2033",41,50,100,50,5,0.5,0.5,1,0.5,0.8,3,TRUE,0.9,FALSE,0.75,0,0,"ACPtrial41",1.30441838844898,1.05627407630407,0.8,0.422222222222222,0.333333333333333,0.954545454545455
"2034",41,50,100,50,5,0.5,0.5,1,0.5,0.8,3,TRUE,0.9,FALSE,0.75,0,0,"ACPtrial41",0.918151439659682,0.855892072650223,0.8,0.644444444444444,0.2,0.977777777777778
"2035",41,50,100,50,5,0.5,0.5,1,0.5,0.8,3,TRUE,0.9,FALSE,0.75,0,0,"ACPtrial41",0.623764524315441,0.841624782605492,1,0.755555555555556,0.375,0.928571428571429
"2036",41,50,100,50,5,0.5,0.5,1,0.5,0.8,3,TRUE,0.9,FALSE,0.75,0,0,"ACPtrial41",0.632288211830963,0.884119414003687,0.4,0.711111111111111,0.428571428571429,0.976744186046512
"2037",41,50,100,50,5,0.5,0.5,1,0.5,0.8,3,TRUE,0.9,FALSE,0.75,0,0,"ACPtrial41",1.02420808473231,0.927463242069278,1,0.511111111111111,0.833333333333333,0.931818181818182
"2038",41,50,100,50,5,0.5,0.5,1,0.5,0.8,3,TRUE,0.9,FALSE,0.75,0,0,"ACPtrial41",0.555845760804784,0.823476598111932,0.8,0.688888888888889,0.4,0.977777777777778
"2039",41,50,100,50,5,0.5,0.5,1,0.5,0.8,3,TRUE,0.9,FALSE,0.75,0,0,"ACPtrial41",0.689734269846249,0.84022498431337,1,0.444444444444444,0.5,0.904761904761905
"2040",41,50,100,50,5,0.5,0.5,1,0.5,0.8,3,TRUE,0.9,FALSE,0.75,0,0,"ACPtrial41",1.00140962139274,0.948643240727302,1,0.355555555555556,0.5,0.976190476190476
"2041",41,50,100,50,5,0.5,0.5,1,0.5,0.8,3,TRUE,0.9,FALSE,0.75,0,0,"ACPtrial41",0.79638685298286,0.789361040850967,0.8,0.6,0.285714285714286,1
"2042",41,50,100,50,5,0.5,0.5,1,0.5,0.8,3,TRUE,0.9,FALSE,0.75,0,0,"ACPtrial41",0.73601360329029,0.737077523691751,0.8,0.666666666666667,0.666666666666667,0.954545454545455
"2043",41,50,100,50,5,0.5,0.5,1,0.5,0.8,3,TRUE,0.9,FALSE,0.75,0,0,"ACPtrial41",0.874317709251411,0.869336985865897,0.8,0.577777777777778,0.571428571428571,0.906976744186046
"2044",41,50,100,50,5,0.5,0.5,1,0.5,0.8,3,TRUE,0.9,FALSE,0.75,0,0,"ACPtrial41",0.89750262233396,0.829548858113758,0.8,0.644444444444444,0.5,1
"2045",41,50,100,50,5,0.5,0.5,1,0.5,0.8,3,TRUE,0.9,FALSE,0.75,0,0,"ACPtrial41",1.03677964292406,0.971772088248043,1,0.511111111111111,0.428571428571429,0.930232558139535
"2046",41,50,100,50,5,0.5,0.5,1,0.5,0.8,3,TRUE,0.9,FALSE,0.75,0,0,"ACPtrial41",1.09421426955898,0.987304406883982,1,0.577777777777778,0.333333333333333,0.975609756097561
"2047",41,50,100,50,5,0.5,0.5,1,0.5,0.8,3,TRUE,0.9,FALSE,0.75,0,0,"ACPtrial41",0.517571419636719,0.721414197062855,0.8,0.622222222222222,0.571428571428571,0.976744186046512
"2048",41,50,100,50,5,0.5,0.5,1,0.5,0.8,3,TRUE,0.9,FALSE,0.75,0,0,"ACPtrial41",0.936480578571021,0.790949205216298,0.8,0.622222222222222,0.375,1
"2049",41,50,100,50,5,0.5,0.5,1,0.5,0.8,3,TRUE,0.9,FALSE,0.75,0,0,"ACPtrial41",0.99402198264779,0.936040370356171,1,0.533333333333333,0.4,0.925
"2050",41,50,100,50,5,0.5,0.5,1,0.5,0.8,3,TRUE,0.9,FALSE,0.75,0,0,"ACPtrial41",0.654187610910255,0.689901837072379,0.4,0.688888888888889,0.428571428571429,1
"2051",42,50,100,50,5,0.5,0.5,1,0.5,0.8,3,TRUE,0.9,FALSE,0.75,0,0,"ACPtrial42",0.820596164503658,0.886566002876032,0.8,0.533333333333333,0.25,0.952380952380952
"2052",42,50,100,50,5,0.5,0.5,1,0.5,0.8,3,TRUE,0.9,FALSE,0.75,0,0,"ACPtrial42",0.492627913054532,0.727474615410241,0.4,0.866666666666667,0.4,1
"2053",42,50,100,50,5,0.5,0.5,1,0.5,0.8,3,TRUE,0.9,FALSE,0.75,0,0,"ACPtrial42",1.13636424065961,1.04211747860673,1,0.533333333333333,0.375,0.976190476190476
"2054",42,50,100,50,5,0.5,0.5,1,0.5,0.8,3,TRUE,0.9,FALSE,0.75,0,0,"ACPtrial42",0.840142417610002,0.947153631582452,0.4,0.622222222222222,0.333333333333333,1
"2055",42,50,100,50,5,0.5,0.5,1,0.5,0.8,3,TRUE,0.9,FALSE,0.75,0,0,"ACPtrial42",0.872829459626052,0.893551236210091,1,0.488888888888889,0.714285714285714,0.976744186046512
"2056",42,50,100,50,5,0.5,0.5,1,0.5,0.8,3,TRUE,0.9,FALSE,0.75,0,0,"ACPtrial42",1.0559230151319,0.983793351491488,0.4,0.688888888888889,0.285714285714286,0.930232558139535
"2057",42,50,100,50,5,0.5,0.5,1,0.5,0.8,3,TRUE,0.9,FALSE,0.75,0,0,"ACPtrial42",0.95119041592363,1.0070057223446,1,0.555555555555556,0.571428571428571,0.930232558139535
"2058",42,50,100,50,5,0.5,0.5,1,0.5,0.8,3,TRUE,0.9,FALSE,0.75,0,0,"ACPtrial42",0.977964283090877,0.805662103796182,0.8,0.422222222222222,0.4,0.977777777777778
"2059",42,50,100,50,5,0.5,0.5,1,0.5,0.8,3,TRUE,0.9,FALSE,0.75,0,0,"ACPtrial42",0.93561596888318,0.701598156767025,0.8,0.266666666666667,0.285714285714286,1
"2060",42,50,100,50,5,0.5,0.5,1,0.5,0.8,3,TRUE,0.9,FALSE,0.75,0,0,"ACPtrial42",0.811498397524942,0.698134602474678,0.6,0.511111111111111,0.5,0.954545454545455
"2061",42,50,100,50,5,0.5,0.5,1,0.5,0.8,3,TRUE,0.9,FALSE,0.75,0,0,"ACPtrial42",0.674559643119357,1.00047496091751,1,0.644444444444444,0.375,0.976190476190476
"2062",42,50,100,50,5,0.5,0.5,1,0.5,0.8,3,TRUE,0.9,FALSE,0.75,0,0,"ACPtrial42",1.98358269658768,1.00347745306764,1,0.244444444444444,0.3,0.95
"2063",42,50,100,50,5,0.5,0.5,1,0.5,0.8,3,TRUE,0.9,FALSE,0.75,0,0,"ACPtrial42",0.59859636433592,0.802672303430571,1,0.6,0.571428571428571,1
"2064",42,50,100,50,5,0.5,0.5,1,0.5,0.8,3,TRUE,0.9,FALSE,0.75,0,0,"ACPtrial42",0.79933019313003,0.946490864453466,0.8,0.733333333333333,0.375,0.952380952380952
"2065",42,50,100,50,5,0.5,0.5,1,0.5,0.8,3,TRUE,0.9,FALSE,0.75,0,0,"ACPtrial42",0.86970944190433,1.01226476920801,1,0.711111111111111,1,0.977777777777778
"2066",42,50,100,50,5,0.5,0.5,1,0.5,0.8,3,TRUE,0.9,FALSE,0.75,0,0,"ACPtrial42",0.933374526237071,0.983004517203236,0.4,0.8,0.285714285714286,1
"2067",42,50,100,50,5,0.5,0.5,1,0.5,0.8,3,TRUE,0.9,FALSE,0.75,0,0,"ACPtrial42",0.772541663623393,0.909047718163593,0.8,0.711111111111111,0.5,0.977272727272727
"2068",42,50,100,50,5,0.5,0.5,1,0.5,0.8,3,TRUE,0.9,FALSE,0.75,0,0,"ACPtrial42",0.763561241355652,0.93965180810661,0.4,0.666666666666667,0.333333333333333,0.954545454545455
"2069",42,50,100,50,5,0.5,0.5,1,0.5,0.8,3,TRUE,0.9,FALSE,0.75,0,0,"ACPtrial42",0.880171235265258,0.859492428078757,1,0.377777777777778,0.571428571428571,0.86046511627907
"2070",42,50,100,50,5,0.5,0.5,1,0.5,0.8,3,TRUE,0.9,FALSE,0.75,0,0,"ACPtrial42",0.725130727779162,0.811151302711872,0.4,0.777777777777778,0.285714285714286,0.953488372093023
"2071",42,50,100,50,5,0.5,0.5,1,0.5,0.8,3,TRUE,0.9,FALSE,0.75,0,0,"ACPtrial42",0.938251050743689,0.839424822240528,1,0.422222222222222,0.5,1
"2072",42,50,100,50,5,0.5,0.5,1,0.5,0.8,3,TRUE,0.9,FALSE,0.75,0,0,"ACPtrial42",0.712437685294944,0.830678631119978,0.6,0.755555555555556,0.285714285714286,1
"2073",42,50,100,50,5,0.5,0.5,1,0.5,0.8,3,TRUE,0.9,FALSE,0.75,0,0,"ACPtrial42",0.961183999121223,0.86351309041996,1,0.444444444444444,0.5,0.904761904761905
"2074",42,50,100,50,5,0.5,0.5,1,0.5,0.8,3,TRUE,0.9,FALSE,0.75,0,0,"ACPtrial42",0.775919236559037,0.931782183473297,0.8,0.622222222222222,0.5,1
"2075",42,50,100,50,5,0.5,0.5,1,0.5,0.8,3,TRUE,0.9,FALSE,0.75,0,0,"ACPtrial42",0.8581490484449,0.824017165870204,1,0.266666666666667,0.5,0.931818181818182
"2076",42,50,100,50,5,0.5,0.5,1,0.5,0.8,3,TRUE,0.9,FALSE,0.75,0,0,"ACPtrial42",0.840805979843735,0.763698649791442,0.8,0.511111111111111,0.2,0.975
"2077",42,50,100,50,5,0.5,0.5,1,0.5,0.8,3,TRUE,0.9,FALSE,0.75,0,0,"ACPtrial42",0.79319490279382,0.827028922732765,1,0.555555555555556,0.5,0.977272727272727
"2078",42,50,100,50,5,0.5,0.5,1,0.5,0.8,3,TRUE,0.9,FALSE,0.75,0,0,"ACPtrial42",1.07986738530382,0.842995813300653,0.6,0.377777777777778,0.333333333333333,1
"2079",42,50,100,50,5,0.5,0.5,1,0.5,0.8,3,TRUE,0.9,FALSE,0.75,0,0,"ACPtrial42",0.966295312245849,0.957634954176468,0.8,0.666666666666667,0.5,0.977272727272727
"2080",42,50,100,50,5,0.5,0.5,1,0.5,0.8,3,TRUE,0.9,FALSE,0.75,0,0,"ACPtrial42",0.713176135566001,0.728874804950024,0.6,0.488888888888889,0.428571428571429,0.976744186046512
"2081",42,50,100,50,5,0.5,0.5,1,0.5,0.8,3,TRUE,0.9,FALSE,0.75,0,0,"ACPtrial42",0.968174885824974,0.970856145644615,1,0.4,0.25,0.952380952380952
"2082",42,50,100,50,5,0.5,0.5,1,0.5,0.8,3,TRUE,0.9,FALSE,0.75,0,0,"ACPtrial42",0.711410967478166,0.91911507042172,1,0.688888888888889,0.5,1
"2083",42,50,100,50,5,0.5,0.5,1,0.5,0.8,3,TRUE,0.9,FALSE,0.75,0,0,"ACPtrial42",0.80984053454742,0.823200172437294,0.4,0.511111111111111,0.222222222222222,0.951219512195122
"2084",42,50,100,50,5,0.5,0.5,1,0.5,0.8,3,TRUE,0.9,FALSE,0.75,0,0,"ACPtrial42",0.825169344052583,0.732040596740107,1,0.644444444444444,0.444444444444444,1
"2085",42,50,100,50,5,0.5,0.5,1,0.5,0.8,3,TRUE,0.9,FALSE,0.75,0,0,"ACPtrial42",1.04124335713809,0.892228178566855,1,0.488888888888889,0.444444444444444,1
"2086",42,50,100,50,5,0.5,0.5,1,0.5,0.8,3,TRUE,0.9,FALSE,0.75,0,0,"ACPtrial42",0.95558444390111,1.06842596798985,1,0.577777777777778,0.375,0.976190476190476
"2087",42,50,100,50,5,0.5,0.5,1,0.5,0.8,3,TRUE,0.9,FALSE,0.75,0,0,"ACPtrial42",0.597337145078563,0.77732032923842,0.8,0.488888888888889,0.25,0.976190476190476
"2088",42,50,100,50,5,0.5,0.5,1,0.5,0.8,3,TRUE,0.9,FALSE,0.75,0,0,"ACPtrial42",0.937088264473943,0.892311129367468,1,0.577777777777778,0.6,1
"2089",42,50,100,50,5,0.5,0.5,1,0.5,0.8,3,TRUE,0.9,FALSE,0.75,0,0,"ACPtrial42",0.853307184016098,0.89810432354083,0.8,0.511111111111111,0.666666666666667,0.931818181818182
"2090",42,50,100,50,5,0.5,0.5,1,0.5,0.8,3,TRUE,0.9,FALSE,0.75,0,0,"ACPtrial42",1.0336672017573,0.879797406570567,0.6,0.333333333333333,0.5,0.977272727272727
"2091",42,50,100,50,5,0.5,0.5,1,0.5,0.8,3,TRUE,0.9,FALSE,0.75,0,0,"ACPtrial42",0.709999345845284,0.827904021626501,0.4,0.755555555555556,0.333333333333333,0.954545454545455
"2092",42,50,100,50,5,0.5,0.5,1,0.5,0.8,3,TRUE,0.9,FALSE,0.75,0,0,"ACPtrial42",0.988459481135661,0.903924300559918,0.8,0.288888888888889,0.25,0.880952380952381
"2093",42,50,100,50,5,0.5,0.5,1,0.5,0.8,3,TRUE,0.9,FALSE,0.75,0,0,"ACPtrial42",0.895007609483678,0.788921326993519,0.8,0.333333333333333,0.428571428571429,0.953488372093023
"2094",42,50,100,50,5,0.5,0.5,1,0.5,0.8,3,TRUE,0.9,FALSE,0.75,0,0,"ACPtrial42",0.602866403358621,0.800328062227913,1,0.733333333333333,0.666666666666667,0.954545454545455
"2095",42,50,100,50,5,0.5,0.5,1,0.5,0.8,3,TRUE,0.9,FALSE,0.75,0,0,"ACPtrial42",1.08364073408791,0.953751622781571,1,0.444444444444444,0.333333333333333,0.977272727272727
"2096",42,50,100,50,5,0.5,0.5,1,0.5,0.8,3,TRUE,0.9,FALSE,0.75,0,0,"ACPtrial42",0.749345510859972,0.939419052364753,1,0.733333333333333,0.571428571428571,1
"2097",42,50,100,50,5,0.5,0.5,1,0.5,0.8,3,TRUE,0.9,FALSE,0.75,0,0,"ACPtrial42",0.629233612462114,0.812378200242933,1,0.777777777777778,0.5,0.928571428571429
"2098",42,50,100,50,5,0.5,0.5,1,0.5,0.8,3,TRUE,0.9,FALSE,0.75,0,0,"ACPtrial42",0.836395711381451,0.728497207562441,0.4,0.622222222222222,0.333333333333333,0.954545454545455
"2099",42,50,100,50,5,0.5,0.5,1,0.5,0.8,3,TRUE,0.9,FALSE,0.75,0,0,"ACPtrial42",1.25096517790545,0.866052774651698,1,0.466666666666667,0.714285714285714,0.953488372093023
"2100",42,50,100,50,5,0.5,0.5,1,0.5,0.8,3,TRUE,0.9,FALSE,0.75,0,0,"ACPtrial42",0.672198283825096,0.842975885768437,1,0.6,0.714285714285714,0.976744186046512
"2101",43,50,100,50,5,0.5,0.5,1,0.5,0.8,3,TRUE,0.9,FALSE,0.75,0,0,"ACPtrial43",0.865611529334311,0.9571054878165,0.8,0.511111111111111,0.4,0.975
"2102",43,50,100,50,5,0.5,0.5,1,0.5,0.8,3,TRUE,0.9,FALSE,0.75,0,0,"ACPtrial43",0.854503201550351,0.837702889783162,0.8,0.4,0.25,0.952380952380952
"2103",43,50,100,50,5,0.5,0.5,1,0.5,0.8,3,TRUE,0.9,FALSE,0.75,0,0,"ACPtrial43",0.829064189233178,0.860840907788425,0.8,0.6,0.714285714285714,1
"2104",43,50,100,50,5,0.5,0.5,1,0.5,0.8,3,TRUE,0.9,FALSE,0.75,0,0,"ACPtrial43",0.692252727751963,0.874463365947233,0.4,0.555555555555556,0.5,0.954545454545455
"2105",43,50,100,50,5,0.5,0.5,1,0.5,0.8,3,TRUE,0.9,FALSE,0.75,0,0,"ACPtrial43",0.999902907304108,0.980161675353859,1,0.6,0.5,0.931818181818182
"2106",43,50,100,50,5,0.5,0.5,1,0.5,0.8,3,TRUE,0.9,FALSE,0.75,0,0,"ACPtrial43",0.958201391151428,0.874257828485146,1,0.577777777777778,0.25,0.976190476190476
"2107",43,50,100,50,5,0.5,0.5,1,0.5,0.8,3,TRUE,0.9,FALSE,0.75,0,0,"ACPtrial43",0.721131545096341,0.863473586261037,0.8,0.644444444444444,0.428571428571429,0.976744186046512
"2108",43,50,100,50,5,0.5,0.5,1,0.5,0.8,3,TRUE,0.9,FALSE,0.75,0,0,"ACPtrial43",0.595908937301591,0.676134983584864,0.6,0.644444444444444,0.666666666666667,1
"2109",43,50,100,50,5,0.5,0.5,1,0.5,0.8,3,TRUE,0.9,FALSE,0.75,0,0,"ACPtrial43",0.780760648763336,0.968427478002549,1,0.644444444444444,0.714285714285714,1
"2110",43,50,100,50,5,0.5,0.5,1,0.5,0.8,3,TRUE,0.9,FALSE,0.75,0,0,"ACPtrial43",0.702585269069719,0.810298321214084,0.4,0.666666666666667,0.333333333333333,1
"2111",43,50,100,50,5,0.5,0.5,1,0.5,0.8,3,TRUE,0.9,FALSE,0.75,0,0,"ACPtrial43",0.73193097837372,0.964011760855417,0.4,0.755555555555556,0.25,1
"2112",43,50,100,50,5,0.5,0.5,1,0.5,0.8,3,TRUE,0.9,FALSE,0.75,0,0,"ACPtrial43",0.876675022091911,0.94517467331255,0.8,0.466666666666667,0.166666666666667,0.931818181818182
"2113",43,50,100,50,5,0.5,0.5,1,0.5,0.8,3,TRUE,0.9,FALSE,0.75,0,0,"ACPtrial43",1.10953833697665,0.950054621656654,0.4,0.533333333333333,0.333333333333333,1
"2114",43,50,100,50,5,0.5,0.5,1,0.5,0.8,3,TRUE,0.9,FALSE,0.75,0,0,"ACPtrial43",0.832799752720453,1.060019234867,1,0.688888888888889,0.571428571428571,1
"2115",43,50,100,50,5,0.5,0.5,1,0.5,0.8,3,TRUE,0.9,FALSE,0.75,0,0,"ACPtrial43",1.14142469915523,0.887348970238362,1,0.377777777777778,0.714285714285714,0.953488372093023
"2116",43,50,100,50,5,0.5,0.5,1,0.5,0.8,3,TRUE,0.9,FALSE,0.75,0,0,"ACPtrial43",0.603060829086178,0.861575491464205,0.8,0.8,0.5,0.954545454545455
"2117",43,50,100,50,5,0.5,0.5,1,0.5,0.8,3,TRUE,0.9,FALSE,0.75,0,0,"ACPtrial43",0.679678131428011,0.862619754028615,0.8,0.755555555555556,0.4,0.955555555555556
"2118",43,50,100,50,5,0.5,0.5,1,0.5,0.8,3,TRUE,0.9,FALSE,0.75,0,0,"ACPtrial43",0.511639908911247,0.801414444722474,0.8,0.733333333333333,0.428571428571429,0.976744186046512
"2119",43,50,100,50,5,0.5,0.5,1,0.5,0.8,3,TRUE,0.9,FALSE,0.75,0,0,"ACPtrial43",0.707894035590223,0.738727414819826,1,0.555555555555556,0.833333333333333,0.931818181818182
"2120",43,50,100,50,5,0.5,0.5,1,0.5,0.8,3,TRUE,0.9,FALSE,0.75,0,0,"ACPtrial43",0.608052696571984,0.908039035187137,1,0.622222222222222,0.363636363636364,0.948717948717949
"2121",43,50,100,50,5,0.5,0.5,1,0.5,0.8,3,TRUE,0.9,FALSE,0.75,0,0,"ACPtrial43",0.782700147363108,0.916487488630064,0.6,0.822222222222222,0.6,1
"2122",43,50,100,50,5,0.5,0.5,1,0.5,0.8,3,TRUE,0.9,FALSE,0.75,0,0,"ACPtrial43",1.0643720433483,0.987843350057829,1,0.355555555555556,0.666666666666667,1
"2123",43,50,100,50,5,0.5,0.5,1,0.5,0.8,3,TRUE,0.9,FALSE,0.75,0,0,"ACPtrial43",0.869048453808664,0.989578651098218,0.8,0.688888888888889,0.333333333333333,0.977272727272727
"2124",43,50,100,50,5,0.5,0.5,1,0.5,0.8,3,TRUE,0.9,FALSE,0.75,0,0,"ACPtrial43",0.660543809661978,0.774067739030009,0.4,0.777777777777778,0.5,0.976190476190476
"2125",43,50,100,50,5,0.5,0.5,1,0.5,0.8,3,TRUE,0.9,FALSE,0.75,0,0,"ACPtrial43",0.903006844995985,0.849939919748521,0.4,0.688888888888889,0.375,1
"2126",43,50,100,50,5,0.5,0.5,1,0.5,0.8,3,TRUE,0.9,FALSE,0.75,0,0,"ACPtrial43",0.774502501922622,0.9069049425395,1,0.577777777777778,0.5,1
"2127",43,50,100,50,5,0.5,0.5,1,0.5,0.8,3,TRUE,0.9,FALSE,0.75,0,0,"ACPtrial43",0.846401941943904,0.854561571157622,1,0.6,0.333333333333333,0.954545454545455
"2128",43,50,100,50,5,0.5,0.5,1,0.5,0.8,3,TRUE,0.9,FALSE,0.75,0,0,"ACPtrial43",0.793823706504133,0.982384655341481,1,0.688888888888889,0.571428571428571,0.976744186046512
"2129",43,50,100,50,5,0.5,0.5,1,0.5,0.8,3,TRUE,0.9,FALSE,0.75,0,0,"ACPtrial43",0.837352577043865,0.83911802102297,0.8,0.622222222222222,0.428571428571429,0.976744186046512
"2130",43,50,100,50,5,0.5,0.5,1,0.5,0.8,3,TRUE,0.9,FALSE,0.75,0,0,"ACPtrial43",0.869616386882165,0.885505954560474,1,0.511111111111111,0.5,0.977272727272727
"2131",43,50,100,50,5,0.5,0.5,1,0.5,0.8,3,TRUE,0.9,FALSE,0.75,0,0,"ACPtrial43",0.6420461396745,0.792512592631082,1,0.733333333333333,1,0.977777777777778
"2132",43,50,100,50,5,0.5,0.5,1,0.5,0.8,3,TRUE,0.9,FALSE,0.75,0,0,"ACPtrial43",0.81843018570841,0.696811094871158,0.8,0.244444444444444,0.6,0.955555555555556
"2133",43,50,100,50,5,0.5,0.5,1,0.5,0.8,3,TRUE,0.9,FALSE,0.75,0,0,"ACPtrial43",1.22557203736379,0.927427609459438,1,0.311111111111111,0.571428571428571,1
"2134",43,50,100,50,5,0.5,0.5,1,0.5,0.8,3,TRUE,0.9,FALSE,0.75,0,0,"ACPtrial43",0.937519377461934,0.89570022438883,0.4,0.488888888888889,0.333333333333333,0.975609756097561
"2135",43,50,100,50,5,0.5,0.5,1,0.5,0.8,3,TRUE,0.9,FALSE,0.75,0,0,"ACPtrial43",0.672065123589736,0.927781245221938,1,0.8,0.555555555555556,1
"2136",43,50,100,50,5,0.5,0.5,1,0.5,0.8,3,TRUE,0.9,FALSE,0.75,0,0,"ACPtrial43",0.714726087966224,0.854992199209287,1,0.622222222222222,0.4,0.955555555555556
"2137",43,50,100,50,5,0.5,0.5,1,0.5,0.8,3,TRUE,0.9,FALSE,0.75,0,0,"ACPtrial43",0.65631661586593,0.800851972090461,0.6,0.822222222222222,0.2,0.975
"2138",43,50,100,50,5,0.5,0.5,1,0.5,0.8,3,TRUE,0.9,FALSE,0.75,0,0,"ACPtrial43",0.805547716042243,0.894552247942643,0.8,0.822222222222222,0.222222222222222,0.926829268292683
"2139",43,50,100,50,5,0.5,0.5,1,0.5,0.8,3,TRUE,0.9,FALSE,0.75,0,0,"ACPtrial43",0.934040683939374,0.892186291416491,1,0.577777777777778,0.5,0.909090909090909
"2140",43,50,100,50,5,0.5,0.5,1,0.5,0.8,3,TRUE,0.9,FALSE,0.75,0,0,"ACPtrial43",0.738641410748326,0.817737162937255,1,0.555555555555556,0.714285714285714,0.976744186046512
"2141",43,50,100,50,5,0.5,0.5,1,0.5,0.8,3,TRUE,0.9,FALSE,0.75,0,0,"ACPtrial43",0.758083857137121,0.985156342725028,0.8,0.688888888888889,0.3,0.925
"2142",43,50,100,50,5,0.5,0.5,1,0.5,0.8,3,TRUE,0.9,FALSE,0.75,0,0,"ACPtrial43",0.84549572537802,0.913816031093133,1,0.511111111111111,0.333333333333333,0.977272727272727
"2143",43,50,100,50,5,0.5,0.5,1,0.5,0.8,3,TRUE,0.9,FALSE,0.75,0,0,"ACPtrial43",0.886363058779163,0.885831768672972,1,0.622222222222222,0.625,0.976190476190476
"2144",43,50,100,50,5,0.5,0.5,1,0.5,0.8,3,TRUE,0.9,FALSE,0.75,0,0,"ACPtrial43",1.03574917499283,0.77933497592755,1,0.288888888888889,0.285714285714286,1
"2145",43,50,100,50,5,0.5,0.5,1,0.5,0.8,3,TRUE,0.9,FALSE,0.75,0,0,"ACPtrial43",0.696057262415588,0.746089919907098,0.6,0.733333333333333,0.285714285714286,0.953488372093023
"2146",43,50,100,50,5,0.5,0.5,1,0.5,0.8,3,TRUE,0.9,FALSE,0.75,0,0,"ACPtrial43",0.763493222580451,0.828045674347879,0.4,0.755555555555556,0.25,1
"2147",43,50,100,50,5,0.5,0.5,1,0.5,0.8,3,TRUE,0.9,FALSE,0.75,0,0,"ACPtrial43",0.772249760491531,0.788916054656231,0.6,0.688888888888889,0.333333333333333,0.975609756097561
"2148",43,50,100,50,5,0.5,0.5,1,0.5,0.8,3,TRUE,0.9,FALSE,0.75,0,0,"ACPtrial43",0.696460807576139,0.860949372540086,0.4,0.777777777777778,0.222222222222222,1
"2149",43,50,100,50,5,0.5,0.5,1,0.5,0.8,3,TRUE,0.9,FALSE,0.75,0,0,"ACPtrial43",0.82561790371659,0.971083701131817,0.8,0.688888888888889,0.25,1
"2150",43,50,100,50,5,0.5,0.5,1,0.5,0.8,3,TRUE,0.9,FALSE,0.75,0,0,"ACPtrial43",1.16461208545394,0.726071064009247,1,0.333333333333333,0.428571428571429,1
"2151",44,50,100,50,5,0.5,0.5,1,0.5,0.8,3,TRUE,0.9,FALSE,0.75,0,0,"ACPtrial44",1.09491048044048,0.926611266721151,0.8,0.466666666666667,0.428571428571429,0.930232558139535
"2152",44,50,100,50,5,0.5,0.5,1,0.5,0.8,3,TRUE,0.9,FALSE,0.75,0,0,"ACPtrial44",0.535341253345777,0.860324110241225,0.4,0.911111111111111,0.25,1
"2153",44,50,100,50,5,0.5,0.5,1,0.5,0.8,3,TRUE,0.9,FALSE,0.75,0,0,"ACPtrial44",0.807374639246443,0.798318134636406,0.8,0.466666666666667,0.5,1
"2154",44,50,100,50,5,0.5,0.5,1,0.5,0.8,3,TRUE,0.9,FALSE,0.75,0,0,"ACPtrial44",1.06813917221601,0.859903513810906,1,0.422222222222222,0.6,1
"2155",44,50,100,50,5,0.5,0.5,1,0.5,0.8,3,TRUE,0.9,FALSE,0.75,0,0,"ACPtrial44",0.60015241336651,0.759793678345318,1,0.8,0.428571428571429,0.976744186046512
"2156",44,50,100,50,5,0.5,0.5,1,0.5,0.8,3,TRUE,0.9,FALSE,0.75,0,0,"ACPtrial44",0.911273298934262,0.858925660592789,1,0.444444444444444,0.4,0.955555555555556
"2157",44,50,100,50,5,0.5,0.5,1,0.5,0.8,3,TRUE,0.9,FALSE,0.75,0,0,"ACPtrial44",0.683791768757429,0.808767461849224,0.4,0.8,0.428571428571429,1
"2158",44,50,100,50,5,0.5,0.5,1,0.5,0.8,3,TRUE,0.9,FALSE,0.75,0,0,"ACPtrial44",0.625643852673186,0.840728761596436,0.8,0.688888888888889,0.333333333333333,0.977272727272727
"2159",44,50,100,50,5,0.5,0.5,1,0.5,0.8,3,TRUE,0.9,FALSE,0.75,0,0,"ACPtrial44",0.744314804584722,0.731912610072673,0.6,0.488888888888889,0.25,0.976190476190476
"2160",44,50,100,50,5,0.5,0.5,1,0.5,0.8,3,TRUE,0.9,FALSE,0.75,0,0,"ACPtrial44",0.812725410901519,0.901070850685451,0.4,0.755555555555556,0.428571428571429,1
"2161",44,50,100,50,5,0.5,0.5,1,0.5,0.8,3,TRUE,0.9,FALSE,0.75,0,0,"ACPtrial44",0.967148154234849,0.894543086254435,1,0.266666666666667,0.222222222222222,0.902439024390244
"2162",44,50,100,50,5,0.5,0.5,1,0.5,0.8,3,TRUE,0.9,FALSE,0.75,0,0,"ACPtrial44",0.688452788706852,0.858553088532609,0.8,0.733333333333333,0.571428571428571,1
"2163",44,50,100,50,5,0.5,0.5,1,0.5,0.8,3,TRUE,0.9,FALSE,0.75,0,0,"ACPtrial44",0.761488676468805,0.888485453264294,0.8,0.733333333333333,0.333333333333333,0.863636363636364
"2164",44,50,100,50,5,0.5,0.5,1,0.5,0.8,3,TRUE,0.9,FALSE,0.75,0,0,"ACPtrial44",0.702694221508429,0.833152574668322,0.8,0.711111111111111,0.285714285714286,0.976744186046512
"2165",44,50,100,50,5,0.5,0.5,1,0.5,0.8,3,TRUE,0.9,FALSE,0.75,0,0,"ACPtrial44",0.62568853138902,0.773110117617983,0.8,0.688888888888889,0.4,1
"2166",44,50,100,50,5,0.5,0.5,1,0.5,0.8,3,TRUE,0.9,FALSE,0.75,0,0,"ACPtrial44",0.977510077892972,0.736531906829983,1,0.155555555555556,0.375,0.928571428571429
"2167",44,50,100,50,5,0.5,0.5,1,0.5,0.8,3,TRUE,0.9,FALSE,0.75,0,0,"ACPtrial44",0.613545740218899,0.81280285684171,0.6,0.844444444444444,0.375,1
"2168",44,50,100,50,5,0.5,0.5,1,0.5,0.8,3,TRUE,0.9,FALSE,0.75,0,0,"ACPtrial44",0.684100484142824,0.830426658882698,0.8,0.644444444444444,0.571428571428571,1
"2169",44,50,100,50,5,0.5,0.5,1,0.5,0.8,3,TRUE,0.9,FALSE,0.75,0,0,"ACPtrial44",0.726113001377376,0.821941581611655,0.6,0.666666666666667,0.25,0.976190476190476
"2170",44,50,100,50,5,0.5,0.5,1,0.5,0.8,3,TRUE,0.9,FALSE,0.75,0,0,"ACPtrial44",0.656815008021002,0.812380918565447,0.8,0.666666666666667,0.375,0.976190476190476
"2171",44,50,100,50,5,0.5,0.5,1,0.5,0.8,3,TRUE,0.9,FALSE,0.75,0,0,"ACPtrial44",1.03173061685762,0.92886835178051,1,0.488888888888889,0.333333333333333,0.977272727272727
"2172",44,50,100,50,5,0.5,0.5,1,0.5,0.8,3,TRUE,0.9,FALSE,0.75,0,0,"ACPtrial44",1.08276774092071,0.896697792794704,1,0.377777777777778,0.5,0.977272727272727
"2173",44,50,100,50,5,0.5,0.5,1,0.5,0.8,3,TRUE,0.9,FALSE,0.75,0,0,"ACPtrial44",1.00468008253857,0.802312597421972,0.8,0.488888888888889,0.5,0.928571428571429
"2174",44,50,100,50,5,0.5,0.5,1,0.5,0.8,3,TRUE,0.9,FALSE,0.75,0,0,"ACPtrial44",0.737873396745098,0.86756323590385,0.8,0.511111111111111,0.222222222222222,0.975609756097561
"2175",44,50,100,50,5,0.5,0.5,1,0.5,0.8,3,TRUE,0.9,FALSE,0.75,0,0,"ACPtrial44",0.685952936904061,0.794663210540755,0.6,0.777777777777778,0.5,1
"2176",44,50,100,50,5,0.5,0.5,1,0.5,0.8,3,TRUE,0.9,FALSE,0.75,0,0,"ACPtrial44",0.818189980629786,0.886293171535642,0.4,0.644444444444444,0.333333333333333,0.931818181818182
"2177",44,50,100,50,5,0.5,0.5,1,0.5,0.8,3,TRUE,0.9,FALSE,0.75,0,0,"ACPtrial44",1.05269954253478,0.903684736711277,0.8,0.4,0.333333333333333,0.977272727272727
"2178",44,50,100,50,5,0.5,0.5,1,0.5,0.8,3,TRUE,0.9,FALSE,0.75,0,0,"ACPtrial44",0.925579413475152,0.898500242854993,0.8,0.444444444444444,0.285714285714286,1
"2179",44,50,100,50,5,0.5,0.5,1,0.5,0.8,3,TRUE,0.9,FALSE,0.75,0,0,"ACPtrial44",0.635334957383845,0.964674341342117,1,0.711111111111111,0.285714285714286,0.930232558139535
"2180",44,50,100,50,5,0.5,0.5,1,0.5,0.8,3,TRUE,0.9,FALSE,0.75,0,0,"ACPtrial44",0.919935670222418,0.878003238310642,0.6,0.555555555555556,0.25,0.952380952380952
"2181",44,50,100,50,5,0.5,0.5,1,0.5,0.8,3,TRUE,0.9,FALSE,0.75,0,0,"ACPtrial44",0.860635353641186,0.931395965217834,1,0.466666666666667,0.666666666666667,1
"2182",44,50,100,50,5,0.5,0.5,1,0.5,0.8,3,TRUE,0.9,FALSE,0.75,0,0,"ACPtrial44",1.01521181413696,0.931303548839213,1,0.444444444444444,0.375,1
"2183",44,50,100,50,5,0.5,0.5,1,0.5,0.8,3,TRUE,0.9,FALSE,0.75,0,0,"ACPtrial44",0.832258918974294,0.807485703354849,0.8,0.488888888888889,0.5,1
"2184",44,50,100,50,5,0.5,0.5,1,0.5,0.8,3,TRUE,0.9,FALSE,0.75,0,0,"ACPtrial44",0.662972798878053,0.956224001285394,0.6,0.844444444444444,0.333333333333333,1
"2185",44,50,100,50,5,0.5,0.5,1,0.5,0.8,3,TRUE,0.9,FALSE,0.75,0,0,"ACPtrial44",1.07613056562164,0.898065330219804,0.8,0.555555555555556,0.25,1
"2186",44,50,100,50,5,0.5,0.5,1,0.5,0.8,3,TRUE,0.9,FALSE,0.75,0,0,"ACPtrial44",1.15610922768866,0.911100915705516,1,0.377777777777778,0.428571428571429,0.930232558139535
"2187",44,50,100,50,5,0.5,0.5,1,0.5,0.8,3,TRUE,0.9,FALSE,0.75,0,0,"ACPtrial44",0.837255449153281,0.775674547810332,0.4,0.4,0.285714285714286,0.930232558139535
"2188",44,50,100,50,5,0.5,0.5,1,0.5,0.8,3,TRUE,0.9,FALSE,0.75,0,0,"ACPtrial44",1.53041796011757,0.823882298221225,0.8,0.222222222222222,0.5,0.886363636363636
"2189",44,50,100,50,5,0.5,0.5,1,0.5,0.8,3,TRUE,0.9,FALSE,0.75,0,0,"ACPtrial44",0.793533466213107,0.91305801632605,1,0.555555555555556,0.625,0.928571428571429
"2190",44,50,100,50,5,0.5,0.5,1,0.5,0.8,3,TRUE,0.9,FALSE,0.75,0,0,"ACPtrial44",0.940316536978852,0.870442854631902,0.4,0.422222222222222,0.333333333333333,1
"2191",44,50,100,50,5,0.5,0.5,1,0.5,0.8,3,TRUE,0.9,FALSE,0.75,0,0,"ACPtrial44",0.932942996493404,0.996457928287624,1,0.511111111111111,0.5,0.976190476190476
"2192",44,50,100,50,5,0.5,0.5,1,0.5,0.8,3,TRUE,0.9,FALSE,0.75,0,0,"ACPtrial44",0.657094925740222,0.749846536428506,0.6,0.688888888888889,0.333333333333333,0.975609756097561
"2193",44,50,100,50,5,0.5,0.5,1,0.5,0.8,3,TRUE,0.9,FALSE,0.75,0,0,"ACPtrial44",0.801384201515919,0.789384958540348,0.8,0.711111111111111,0.428571428571429,0.976744186046512
"2194",44,50,100,50,5,0.5,0.5,1,0.5,0.8,3,TRUE,0.9,FALSE,0.75,0,0,"ACPtrial44",0.883923974461028,0.913467703646167,1,0.511111111111111,0.333333333333333,1
"2195",44,50,100,50,5,0.5,0.5,1,0.5,0.8,3,TRUE,0.9,FALSE,0.75,0,0,"ACPtrial44",1.24331263923825,0.995210783142248,1,0.177777777777778,0.333333333333333,0.975609756097561
"2196",44,50,100,50,5,0.5,0.5,1,0.5,0.8,3,TRUE,0.9,FALSE,0.75,0,0,"ACPtrial44",0.882721047441174,0.907274966891138,0.8,0.533333333333333,0.4,0.955555555555556
"2197",44,50,100,50,5,0.5,0.5,1,0.5,0.8,3,TRUE,0.9,FALSE,0.75,0,0,"ACPtrial44",0.656548425659741,0.767629901400152,0.8,0.622222222222222,0.333333333333333,1
"2198",44,50,100,50,5,0.5,0.5,1,0.5,0.8,3,TRUE,0.9,FALSE,0.75,0,0,"ACPtrial44",0.596066322303849,0.864893443142258,0.8,0.755555555555556,0.333333333333333,0.951219512195122
"2199",44,50,100,50,5,0.5,0.5,1,0.5,0.8,3,TRUE,0.9,FALSE,0.75,0,0,"ACPtrial44",0.784162449636428,0.828495284342256,1,0.733333333333333,0.5,0.976190476190476
"2200",44,50,100,50,5,0.5,0.5,1,0.5,0.8,3,TRUE,0.9,FALSE,0.75,0,0,"ACPtrial44",1.44241442502427,0.871222760589509,0.8,0.311111111111111,0.428571428571429,0.953488372093023
"2201",45,50,100,50,5,0.5,0.5,1,0.5,0.8,3,TRUE,0.9,FALSE,0.75,0,0,"ACPtrial45",0.880754958437437,0.96014942146344,1,0.311111111111111,0.333333333333333,0.902439024390244
"2202",45,50,100,50,5,0.5,0.5,1,0.5,0.8,3,TRUE,0.9,FALSE,0.75,0,0,"ACPtrial45",0.573786160450227,0.705202062506831,0.6,0.644444444444444,0.4,0.955555555555556
"2203",45,50,100,50,5,0.5,0.5,1,0.5,0.8,3,TRUE,0.9,FALSE,0.75,0,0,"ACPtrial45",0.770062827131037,0.883119204937512,1,0.555555555555556,0.571428571428571,0.953488372093023
"2204",45,50,100,50,5,0.5,0.5,1,0.5,0.8,3,TRUE,0.9,FALSE,0.75,0,0,"ACPtrial45",1.23117446807249,0.839044724831516,1,0.244444444444444,0.5,0.909090909090909
"2205",45,50,100,50,5,0.5,0.5,1,0.5,0.8,3,TRUE,0.9,FALSE,0.75,0,0,"ACPtrial45",0.872323543179601,0.847036686118332,0.6,0.622222222222222,0.4,1
"2206",45,50,100,50,5,0.5,0.5,1,0.5,0.8,3,TRUE,0.9,FALSE,0.75,0,0,"ACPtrial45",0.752254301053676,0.792410707033824,0.4,0.666666666666667,0.285714285714286,0.953488372093023
"2207",45,50,100,50,5,0.5,0.5,1,0.5,0.8,3,TRUE,0.9,FALSE,0.75,0,0,"ACPtrial45",1.14188424538176,1.00742559768957,1,0.533333333333333,0.285714285714286,1
"2208",45,50,100,50,5,0.5,0.5,1,0.5,0.8,3,TRUE,0.9,FALSE,0.75,0,0,"ACPtrial45",0.772369893940293,0.741792590368337,0.8,0.666666666666667,0.5,0.952380952380952
"2209",45,50,100,50,5,0.5,0.5,1,0.5,0.8,3,TRUE,0.9,FALSE,0.75,0,0,"ACPtrial45",1.09653091269987,0.920848289289319,1,0.244444444444444,0.666666666666667,0.909090909090909
"2210",45,50,100,50,5,0.5,0.5,1,0.5,0.8,3,TRUE,0.9,FALSE,0.75,0,0,"ACPtrial45",0.948351166016141,0.905887713263149,0.8,0.577777777777778,0.333333333333333,0.977272727272727
"2211",45,50,100,50,5,0.5,0.5,1,0.5,0.8,3,TRUE,0.9,FALSE,0.75,0,0,"ACPtrial45",0.822935353891987,0.915711745912072,1,0.488888888888889,0.25,1
"2212",45,50,100,50,5,0.5,0.5,1,0.5,0.8,3,TRUE,0.9,FALSE,0.75,0,0,"ACPtrial45",0.832925790446868,0.908414103353459,0.8,0.511111111111111,0.4,1
"2213",45,50,100,50,5,0.5,0.5,1,0.5,0.8,3,TRUE,0.9,FALSE,0.75,0,0,"ACPtrial45",0.676326669702024,0.827296564479402,0.4,0.711111111111111,0.4,1
"2214",45,50,100,50,5,0.5,0.5,1,0.5,0.8,3,TRUE,0.9,FALSE,0.75,0,0,"ACPtrial45",0.821292501799391,0.919659086743153,0.8,0.733333333333333,0.333333333333333,1
"2215",45,50,100,50,5,0.5,0.5,1,0.5,0.8,3,TRUE,0.9,FALSE,0.75,0,0,"ACPtrial45",0.848689200296333,0.82481438694777,0.8,0.644444444444444,0.4,0.85
"2216",45,50,100,50,5,0.5,0.5,1,0.5,0.8,3,TRUE,0.9,FALSE,0.75,0,0,"ACPtrial45",0.902171502582355,0.782715257586714,0.4,0.555555555555556,0.25,0.952380952380952
"2217",45,50,100,50,5,0.5,0.5,1,0.5,0.8,3,TRUE,0.9,FALSE,0.75,0,0,"ACPtrial45",0.843135323490286,0.951719603874371,0.8,0.733333333333333,0.5,0.976190476190476
"2218",45,50,100,50,5,0.5,0.5,1,0.5,0.8,3,TRUE,0.9,FALSE,0.75,0,0,"ACPtrial45",0.526874787670578,0.749480001948142,0.4,0.888888888888889,0.333333333333333,1
"2219",45,50,100,50,5,0.5,0.5,1,0.5,0.8,3,TRUE,0.9,FALSE,0.75,0,0,"ACPtrial45",0.838663125710486,0.952439017446324,0.4,0.755555555555556,0.285714285714286,0.976744186046512
"2220",45,50,100,50,5,0.5,0.5,1,0.5,0.8,3,TRUE,0.9,FALSE,0.75,0,0,"ACPtrial45",0.73449247186572,0.816000328416013,1,0.777777777777778,0.25,0.976190476190476
"2221",45,50,100,50,5,0.5,0.5,1,0.5,0.8,3,TRUE,0.9,FALSE,0.75,0,0,"ACPtrial45",0.670140450713219,0.926542625932292,0.8,0.777777777777778,0.6,0.977777777777778
"2222",45,50,100,50,5,0.5,0.5,1,0.5,0.8,3,TRUE,0.9,FALSE,0.75,0,0,"ACPtrial45",0.733822664434011,0.85250466906717,0.6,0.6,0.375,0.976190476190476
"2223",45,50,100,50,5,0.5,0.5,1,0.5,0.8,3,TRUE,0.9,FALSE,0.75,0,0,"ACPtrial45",0.561210674154781,0.763586612136293,0.6,0.577777777777778,0.5,0.931818181818182
"2224",45,50,100,50,5,0.5,0.5,1,0.5,0.8,3,TRUE,0.9,FALSE,0.75,0,0,"ACPtrial45",0.768606625838692,0.80753848007415,0.8,0.466666666666667,0.3,0.95
"2225",45,50,100,50,5,0.5,0.5,1,0.5,0.8,3,TRUE,0.9,FALSE,0.75,0,0,"ACPtrial45",1.02172264561407,0.929375098983326,1,0.266666666666667,0.375,1
"2226",45,50,100,50,5,0.5,0.5,1,0.5,0.8,3,TRUE,0.9,FALSE,0.75,0,0,"ACPtrial45",0.837322937396423,0.812795591030928,1,0.422222222222222,0.428571428571429,0.930232558139535
"2227",45,50,100,50,5,0.5,0.5,1,0.5,0.8,3,TRUE,0.9,FALSE,0.75,0,0,"ACPtrial45",0.697503659469167,0.877491243414734,1,0.688888888888889,0.666666666666667,0.977272727272727
"2228",45,50,100,50,5,0.5,0.5,1,0.5,0.8,3,TRUE,0.9,FALSE,0.75,0,0,"ACPtrial45",0.702503839412616,0.833770732483736,1,0.355555555555556,0.571428571428571,1
"2229",45,50,100,50,5,0.5,0.5,1,0.5,0.8,3,TRUE,0.9,FALSE,0.75,0,0,"ACPtrial45",0.665860288457174,0.844183836943548,1,0.688888888888889,0.285714285714286,1
"2230",45,50,100,50,5,0.5,0.5,1,0.5,0.8,3,TRUE,0.9,FALSE,0.75,0,0,"ACPtrial45",0.522390983090704,0.717627653122107,0.6,0.8,0.428571428571429,0.976744186046512
"2231",45,50,100,50,5,0.5,0.5,1,0.5,0.8,3,TRUE,0.9,FALSE,0.75,0,0,"ACPtrial45",1.40134699858257,0.924575670493198,0.8,0.177777777777778,0.428571428571429,0.906976744186046
"2232",45,50,100,50,5,0.5,0.5,1,0.5,0.8,3,TRUE,0.9,FALSE,0.75,0,0,"ACPtrial45",1.05877335362004,0.832954796447602,1,0.288888888888889,0.833333333333333,0.954545454545455
"2233",45,50,100,50,5,0.5,0.5,1,0.5,0.8,3,TRUE,0.9,FALSE,0.75,0,0,"ACPtrial45",0.741911273500605,0.863588818580528,0.8,0.666666666666667,0.4,0.977777777777778
"2234",45,50,100,50,5,0.5,0.5,1,0.5,0.8,3,TRUE,0.9,FALSE,0.75,0,0,"ACPtrial45",0.82062088042029,0.943320000870239,1,0.688888888888889,0.833333333333333,1
"2235",45,50,100,50,5,0.5,0.5,1,0.5,0.8,3,TRUE,0.9,FALSE,0.75,0,0,"ACPtrial45",0.871339228819461,0.986426050873483,1,0.644444444444444,0.4,1
"2236",45,50,100,50,5,0.5,0.5,1,0.5,0.8,3,TRUE,0.9,FALSE,0.75,0,0,"ACPtrial45",0.612055470738338,0.806863651844367,0.6,0.6,0.4,0.933333333333333
"2237",45,50,100,50,5,0.5,0.5,1,0.5,0.8,3,TRUE,0.9,FALSE,0.75,0,0,"ACPtrial45",0.846747880071875,0.926811802005158,1,0.8,0.75,1
"2238",45,50,100,50,5,0.5,0.5,1,0.5,0.8,3,TRUE,0.9,FALSE,0.75,0,0,"ACPtrial45",0.775290695518875,0.946739187172972,0.8,0.533333333333333,0.555555555555556,0.902439024390244
"2239",45,50,100,50,5,0.5,0.5,1,0.5,0.8,3,TRUE,0.9,FALSE,0.75,0,0,"ACPtrial45",1.01437969374746,1.03807261061048,0.8,0.644444444444444,0.25,1
"2240",45,50,100,50,5,0.5,0.5,1,0.5,0.8,3,TRUE,0.9,FALSE,0.75,0,0,"ACPtrial45",0.762131738161823,0.969029214210269,1,0.6,0.222222222222222,0.951219512195122
"2241",45,50,100,50,5,0.5,0.5,1,0.5,0.8,3,TRUE,0.9,FALSE,0.75,0,0,"ACPtrial45",0.784692787133077,0.769141550427096,0.6,0.488888888888889,0.333333333333333,1
"2242",45,50,100,50,5,0.5,0.5,1,0.5,0.8,3,TRUE,0.9,FALSE,0.75,0,0,"ACPtrial45",0.868762193102641,0.94084769993534,0.6,0.622222222222222,0.25,1
"2243",45,50,100,50,5,0.5,0.5,1,0.5,0.8,3,TRUE,0.9,FALSE,0.75,0,0,"ACPtrial45",1.16637309465924,0.785821895748448,0.8,0.511111111111111,0.666666666666667,0.977272727272727
"2244",45,50,100,50,5,0.5,0.5,1,0.5,0.8,3,TRUE,0.9,FALSE,0.75,0,0,"ACPtrial45",0.904138695979224,0.766463159227506,0.8,0.422222222222222,0.222222222222222,0.951219512195122
"2245",45,50,100,50,5,0.5,0.5,1,0.5,0.8,3,TRUE,0.9,FALSE,0.75,0,0,"ACPtrial45",1.06648490835474,0.840032646575424,0.8,0.488888888888889,0.4,0.955555555555556
"2246",45,50,100,50,5,0.5,0.5,1,0.5,0.8,3,TRUE,0.9,FALSE,0.75,0,0,"ACPtrial45",0.937328805501256,0.761915610864894,1,0.466666666666667,0.428571428571429,0.976744186046512
"2247",45,50,100,50,5,0.5,0.5,1,0.5,0.8,3,TRUE,0.9,FALSE,0.75,0,0,"ACPtrial45",2.18428094842167,0.817926277685713,1,0.111111111111111,0.222222222222222,0.975609756097561
"2248",45,50,100,50,5,0.5,0.5,1,0.5,0.8,3,TRUE,0.9,FALSE,0.75,0,0,"ACPtrial45",0.849263022586329,1.21541104585066,0.6,0.533333333333333,0.25,0.928571428571429
"2249",45,50,100,50,5,0.5,0.5,1,0.5,0.8,3,TRUE,0.9,FALSE,0.75,0,0,"ACPtrial45",1.07940045112833,0.97182133992888,0.8,0.288888888888889,0.222222222222222,1
"2250",45,50,100,50,5,0.5,0.5,1,0.5,0.8,3,TRUE,0.9,FALSE,0.75,0,0,"ACPtrial45",0.749144666544508,0.818661245220295,0.6,0.644444444444444,0.25,0.928571428571429
"2251",46,50,100,50,5,0.5,0.5,1,0.5,0.8,3,TRUE,0.9,FALSE,0.75,0,0,"ACPtrial46",1.01937636235599,0.891846414569244,0.8,0.577777777777778,0.5,0.925
"2252",46,50,100,50,5,0.5,0.5,1,0.5,0.8,3,TRUE,0.9,FALSE,0.75,0,0,"ACPtrial46",0.873382466927834,0.970260598852525,0.6,0.6,0.375,0.952380952380952
"2253",46,50,100,50,5,0.5,0.5,1,0.5,0.8,3,TRUE,0.9,FALSE,0.75,0,0,"ACPtrial46",0.866874993014663,0.95051039404439,1,0.511111111111111,0.375,0.952380952380952
"2254",46,50,100,50,5,0.5,0.5,1,0.5,0.8,3,TRUE,0.9,FALSE,0.75,0,0,"ACPtrial46",0.497609139187217,0.867703246733473,0.8,0.688888888888889,0.25,0.928571428571429
"2255",46,50,100,50,5,0.5,0.5,1,0.5,0.8,3,TRUE,0.9,FALSE,0.75,0,0,"ACPtrial46",0.816031006983867,0.799996341346003,0.6,0.577777777777778,0.333333333333333,1
"2256",46,50,100,50,5,0.5,0.5,1,0.5,0.8,3,TRUE,0.9,FALSE,0.75,0,0,"ACPtrial46",0.990233942613236,0.834881463357478,1,0.333333333333333,0.714285714285714,0.883720930232558
"2257",46,50,100,50,5,0.5,0.5,1,0.5,0.8,3,TRUE,0.9,FALSE,0.75,0,0,"ACPtrial46",0.693585452802027,0.972905079291696,0.8,0.711111111111111,0.285714285714286,0.976744186046512
"2258",46,50,100,50,5,0.5,0.5,1,0.5,0.8,3,TRUE,0.9,FALSE,0.75,0,0,"ACPtrial46",1.19065011654825,0.918276410240107,0.6,0.333333333333333,0.285714285714286,0.976744186046512
"2259",46,50,100,50,5,0.5,0.5,1,0.5,0.8,3,TRUE,0.9,FALSE,0.75,0,0,"ACPtrial46",1.11418268791581,1.1476276237968,0.8,0.555555555555556,0.166666666666667,0.977272727272727
"2260",46,50,100,50,5,0.5,0.5,1,0.5,0.8,3,TRUE,0.9,FALSE,0.75,0,0,"ACPtrial46",0.679994796929237,0.693690207866516,0.4,0.6,0.25,0.976190476190476
"2261",46,50,100,50,5,0.5,0.5,1,0.5,0.8,3,TRUE,0.9,FALSE,0.75,0,0,"ACPtrial46",0.788552157746023,0.839696784247339,1,0.688888888888889,0.272727272727273,1
"2262",46,50,100,50,5,0.5,0.5,1,0.5,0.8,3,TRUE,0.9,FALSE,0.75,0,0,"ACPtrial46",0.857570822321584,1.01222106958346,0.8,0.6,0.111111111111111,0.951219512195122
"2263",46,50,100,50,5,0.5,0.5,1,0.5,0.8,3,TRUE,0.9,FALSE,0.75,0,0,"ACPtrial46",0.911782806228339,0.902673749146941,1,0.511111111111111,0.285714285714286,0.930232558139535
"2264",46,50,100,50,5,0.5,0.5,1,0.5,0.8,3,TRUE,0.9,FALSE,0.75,0,0,"ACPtrial46",0.633145581364996,0.945866748328388,1,0.755555555555556,0.25,1
"2265",46,50,100,50,5,0.5,0.5,1,0.5,0.8,3,TRUE,0.9,FALSE,0.75,0,0,"ACPtrial46",0.729868087990067,0.735879562498341,0.8,0.711111111111111,0.333333333333333,0.954545454545455
"2266",46,50,100,50,5,0.5,0.5,1,0.5,0.8,3,TRUE,0.9,FALSE,0.75,0,0,"ACPtrial46",0.76718731138854,0.992277658263839,1,0.622222222222222,0.375,1
"2267",46,50,100,50,5,0.5,0.5,1,0.5,0.8,3,TRUE,0.9,FALSE,0.75,0,0,"ACPtrial46",0.441377923224146,0.691507836034701,0.8,0.8,0.666666666666667,0.931818181818182
"2268",46,50,100,50,5,0.5,0.5,1,0.5,0.8,3,TRUE,0.9,FALSE,0.75,0,0,"ACPtrial46",0.852333592970105,0.888191278831941,0.6,0.711111111111111,0.222222222222222,0.975609756097561
"2269",46,50,100,50,5,0.5,0.5,1,0.5,0.8,3,TRUE,0.9,FALSE,0.75,0,0,"ACPtrial46",0.895503400926156,0.799286512543515,0.8,0.2,0.6,0.911111111111111
"2270",46,50,100,50,5,0.5,0.5,1,0.5,0.8,3,TRUE,0.9,FALSE,0.75,0,0,"ACPtrial46",0.727889161060661,0.879131062824176,0.8,0.644444444444444,0.285714285714286,0.953488372093023
"2271",46,50,100,50,5,0.5,0.5,1,0.5,0.8,3,TRUE,0.9,FALSE,0.75,0,0,"ACPtrial46",0.766551660103248,0.844918570424644,0.8,0.622222222222222,0.25,0.952380952380952
"2272",46,50,100,50,5,0.5,0.5,1,0.5,0.8,3,TRUE,0.9,FALSE,0.75,0,0,"ACPtrial46",0.559038153404876,0.77629040590129,0.8,0.711111111111111,0.5,1
"2273",46,50,100,50,5,0.5,0.5,1,0.5,0.8,3,TRUE,0.9,FALSE,0.75,0,0,"ACPtrial46",0.891525401186032,0.907186137438884,0.8,0.533333333333333,0.571428571428571,0.930232558139535
"2274",46,50,100,50,5,0.5,0.5,1,0.5,0.8,3,TRUE,0.9,FALSE,0.75,0,0,"ACPtrial46",0.712699203566173,0.792265435500436,0.6,0.622222222222222,0.333333333333333,0.909090909090909
"2275",46,50,100,50,5,0.5,0.5,1,0.5,0.8,3,TRUE,0.9,FALSE,0.75,0,0,"ACPtrial46",0.677596027644509,0.850635097315647,0.6,0.844444444444444,0.333333333333333,0.951219512195122
"2276",46,50,100,50,5,0.5,0.5,1,0.5,0.8,3,TRUE,0.9,FALSE,0.75,0,0,"ACPtrial46",0.795061987588889,0.858908817757188,0.6,0.755555555555556,0.428571428571429,0.976744186046512
"2277",46,50,100,50,5,0.5,0.5,1,0.5,0.8,3,TRUE,0.9,FALSE,0.75,0,0,"ACPtrial46",0.836249931875586,0.817101555974864,1,0.533333333333333,0.75,0.928571428571429
"2278",46,50,100,50,5,0.5,0.5,1,0.5,0.8,3,TRUE,0.9,FALSE,0.75,0,0,"ACPtrial46",0.864137760002493,0.793914075924619,1,0.555555555555556,0.444444444444444,1
"2279",46,50,100,50,5,0.5,0.5,1,0.5,0.8,3,TRUE,0.9,FALSE,0.75,0,0,"ACPtrial46",0.774124130504671,0.779796653049106,0.8,0.622222222222222,0.25,0.952380952380952
"2280",46,50,100,50,5,0.5,0.5,1,0.5,0.8,3,TRUE,0.9,FALSE,0.75,0,0,"ACPtrial46",0.72324357462775,0.854872356699615,0.4,0.8,0.25,1
"2281",46,50,100,50,5,0.5,0.5,1,0.5,0.8,3,TRUE,0.9,FALSE,0.75,0,0,"ACPtrial46",0.748019045265934,0.79416967951922,0.8,0.6,0.25,0.904761904761905
"2282",46,50,100,50,5,0.5,0.5,1,0.5,0.8,3,TRUE,0.9,FALSE,0.75,0,0,"ACPtrial46",0.844704498693433,0.932412979954763,0.6,0.533333333333333,0.428571428571429,1
"2283",46,50,100,50,5,0.5,0.5,1,0.5,0.8,3,TRUE,0.9,FALSE,0.75,0,0,"ACPtrial46",0.713607985953209,0.786393365156765,1,0.422222222222222,0.25,0.904761904761905
"2284",46,50,100,50,5,0.5,0.5,1,0.5,0.8,3,TRUE,0.9,FALSE,0.75,0,0,"ACPtrial46",0.709704547761594,0.895452139831926,1,0.577777777777778,0.714285714285714,0.976744186046512
"2285",46,50,100,50,5,0.5,0.5,1,0.5,0.8,3,TRUE,0.9,FALSE,0.75,0,0,"ACPtrial46",0.850095495359078,0.874462459994102,0.6,0.666666666666667,0.4,0.933333333333333
"2286",46,50,100,50,5,0.5,0.5,1,0.5,0.8,3,TRUE,0.9,FALSE,0.75,0,0,"ACPtrial46",0.737863595824848,0.886295789767351,0.8,0.844444444444444,0.285714285714286,1
"2287",46,50,100,50,5,0.5,0.5,1,0.5,0.8,3,TRUE,0.9,FALSE,0.75,0,0,"ACPtrial46",1.33415334693612,0.957313563925496,1,0.244444444444444,0.285714285714286,0.976744186046512
"2288",46,50,100,50,5,0.5,0.5,1,0.5,0.8,3,TRUE,0.9,FALSE,0.75,0,0,"ACPtrial46",0.653326887463938,0.68526543672798,0.8,0.6,0.333333333333333,0.902439024390244
"2289",46,50,100,50,5,0.5,0.5,1,0.5,0.8,3,TRUE,0.9,FALSE,0.75,0,0,"ACPtrial46",0.589938498306825,0.787489482695785,1,0.8,0.333333333333333,1
"2290",46,50,100,50,5,0.5,0.5,1,0.5,0.8,3,TRUE,0.9,FALSE,0.75,0,0,"ACPtrial46",0.79943388944095,0.926303932321708,0.8,0.444444444444444,0.428571428571429,0.976744186046512
"2291",46,50,100,50,5,0.5,0.5,1,0.5,0.8,3,TRUE,0.9,FALSE,0.75,0,0,"ACPtrial46",0.805831276091635,1.08890468327343,1,0.6,0.428571428571429,1
"2292",46,50,100,50,5,0.5,0.5,1,0.5,0.8,3,TRUE,0.9,FALSE,0.75,0,0,"ACPtrial46",0.914339091884784,0.875323269149342,1,0.577777777777778,0.625,0.928571428571429
"2293",46,50,100,50,5,0.5,0.5,1,0.5,0.8,3,TRUE,0.9,FALSE,0.75,0,0,"ACPtrial46",0.675569825374371,0.757961828010663,0.6,0.644444444444444,0.333333333333333,0.909090909090909
"2294",46,50,100,50,5,0.5,0.5,1,0.5,0.8,3,TRUE,0.9,FALSE,0.75,0,0,"ACPtrial46",0.658533967786512,0.822126260893277,0.6,0.733333333333333,0.333333333333333,1
"2295",46,50,100,50,5,0.5,0.5,1,0.5,0.8,3,TRUE,0.9,FALSE,0.75,0,0,"ACPtrial46",1.10176730655762,0.949240416276556,1,0.533333333333333,0.833333333333333,0.931818181818182
"2296",46,50,100,50,5,0.5,0.5,1,0.5,0.8,3,TRUE,0.9,FALSE,0.75,0,0,"ACPtrial46",0.729406395304426,0.897194797378918,0.6,0.733333333333333,0.375,0.976190476190476
"2297",46,50,100,50,5,0.5,0.5,1,0.5,0.8,3,TRUE,0.9,FALSE,0.75,0,0,"ACPtrial46",0.812134950529315,0.961982436373458,0.6,0.688888888888889,0.25,1
"2298",46,50,100,50,5,0.5,0.5,1,0.5,0.8,3,TRUE,0.9,FALSE,0.75,0,0,"ACPtrial46",0.896036506349762,0.968542575552656,0.6,0.711111111111111,0.6,0.977777777777778
"2299",46,50,100,50,5,0.5,0.5,1,0.5,0.8,3,TRUE,0.9,FALSE,0.75,0,0,"ACPtrial46",0.941159099535441,0.94524002815513,1,0.666666666666667,0.333333333333333,0.975609756097561
"2300",46,50,100,50,5,0.5,0.5,1,0.5,0.8,3,TRUE,0.9,FALSE,0.75,0,0,"ACPtrial46",0.747650805746393,0.741982507188891,1,0.222222222222222,0.75,0.80952380952381
"2301",47,50,100,50,5,0.5,0.5,1,0.5,0.8,3,TRUE,0.9,FALSE,0.75,0,0,"ACPtrial47",0.665381346100236,0.895855898447152,1,0.755555555555556,0.428571428571429,0.953488372093023
"2302",47,50,100,50,5,0.5,0.5,1,0.5,0.8,3,TRUE,0.9,FALSE,0.75,0,0,"ACPtrial47",0.799658080586774,0.834397432179786,1,0.355555555555556,0.375,0.976190476190476
"2303",47,50,100,50,5,0.5,0.5,1,0.5,0.8,3,TRUE,0.9,FALSE,0.75,0,0,"ACPtrial47",0.73861878582483,0.820931601903918,0.8,0.444444444444444,0.333333333333333,1
"2304",47,50,100,50,5,0.5,0.5,1,0.5,0.8,3,TRUE,0.9,FALSE,0.75,0,0,"ACPtrial47",0.663798070750657,0.95492418275635,0.6,0.622222222222222,0.428571428571429,0.976744186046512
"2305",47,50,100,50,5,0.5,0.5,1,0.5,0.8,3,TRUE,0.9,FALSE,0.75,0,0,"ACPtrial47",0.99175774111502,0.919509740674728,0.8,0.511111111111111,0.25,1
"2306",47,50,100,50,5,0.5,0.5,1,0.5,0.8,3,TRUE,0.9,FALSE,0.75,0,0,"ACPtrial47",1.07804192790337,0.898866548067966,0.8,0.377777777777778,0.777777777777778,0.951219512195122
"2307",47,50,100,50,5,0.5,0.5,1,0.5,0.8,3,TRUE,0.9,FALSE,0.75,0,0,"ACPtrial47",0.721463332280508,0.884579205660988,1,0.533333333333333,0.428571428571429,0.906976744186046
"2308",47,50,100,50,5,0.5,0.5,1,0.5,0.8,3,TRUE,0.9,FALSE,0.75,0,0,"ACPtrial47",0.764985931480803,0.778381426784614,1,0.777777777777778,0.5,0.952380952380952
"2309",47,50,100,50,5,0.5,0.5,1,0.5,0.8,3,TRUE,0.9,FALSE,0.75,0,0,"ACPtrial47",0.805775030796944,0.838661397885466,0.8,0.6,0.333333333333333,1
"2310",47,50,100,50,5,0.5,0.5,1,0.5,0.8,3,TRUE,0.9,FALSE,0.75,0,0,"ACPtrial47",0.714539199203466,0.770815736324531,0.4,0.555555555555556,0.285714285714286,0.976744186046512
"2311",47,50,100,50,5,0.5,0.5,1,0.5,0.8,3,TRUE,0.9,FALSE,0.75,0,0,"ACPtrial47",0.819505505553846,0.891040676965433,1,0.466666666666667,0.375,1
"2312",47,50,100,50,5,0.5,0.5,1,0.5,0.8,3,TRUE,0.9,FALSE,0.75,0,0,"ACPtrial47",0.863398202700994,1.09614975773773,1,0.622222222222222,0.222222222222222,1
"2313",47,50,100,50,5,0.5,0.5,1,0.5,0.8,3,TRUE,0.9,FALSE,0.75,0,0,"ACPtrial47",0.982852316666098,0.970690106460162,0.6,0.666666666666667,0.222222222222222,0.951219512195122
"2314",47,50,100,50,5,0.5,0.5,1,0.5,0.8,3,TRUE,0.9,FALSE,0.75,0,0,"ACPtrial47",1.02521141356404,0.849135044244452,1,0.177777777777778,0.5,0.818181818181818
"2315",47,50,100,50,5,0.5,0.5,1,0.5,0.8,3,TRUE,0.9,FALSE,0.75,0,0,"ACPtrial47",0.6832911356188,0.768632589231161,1,0.644444444444444,1,1
"2316",47,50,100,50,5,0.5,0.5,1,0.5,0.8,3,TRUE,0.9,FALSE,0.75,0,0,"ACPtrial47",0.975177010328859,0.818318143035763,1,0.177777777777778,0.571428571428571,0.930232558139535
"2317",47,50,100,50,5,0.5,0.5,1,0.5,0.8,3,TRUE,0.9,FALSE,0.75,0,0,"ACPtrial47",0.903571992259175,0.873188444045708,0.6,0.244444444444444,0.222222222222222,0.951219512195122
"2318",47,50,100,50,5,0.5,0.5,1,0.5,0.8,3,TRUE,0.9,FALSE,0.75,0,0,"ACPtrial47",0.702147350313045,0.860004639984771,1,0.577777777777778,0.285714285714286,0.930232558139535
"2319",47,50,100,50,5,0.5,0.5,1,0.5,0.8,3,TRUE,0.9,FALSE,0.75,0,0,"ACPtrial47",0.78011238602242,0.944491325078499,1,0.755555555555556,0.5,0.909090909090909
"2320",47,50,100,50,5,0.5,0.5,1,0.5,0.8,3,TRUE,0.9,FALSE,0.75,0,0,"ACPtrial47",1.07185049069756,1.09559800285295,1,0.444444444444444,0.545454545454545,0.923076923076923
"2321",47,50,100,50,5,0.5,0.5,1,0.5,0.8,3,TRUE,0.9,FALSE,0.75,0,0,"ACPtrial47",0.758872709605174,0.774494857473211,1,0.488888888888889,1,0.977777777777778
"2322",47,50,100,50,5,0.5,0.5,1,0.5,0.8,3,TRUE,0.9,FALSE,0.75,0,0,"ACPtrial47",0.835392993629344,0.852916074235304,1,0.555555555555556,0.4,0.975
"2323",47,50,100,50,5,0.5,0.5,1,0.5,0.8,3,TRUE,0.9,FALSE,0.75,0,0,"ACPtrial47",0.701243014058434,0.784566256207024,1,0.422222222222222,0.285714285714286,0.953488372093023
"2324",47,50,100,50,5,0.5,0.5,1,0.5,0.8,3,TRUE,0.9,FALSE,0.75,0,0,"ACPtrial47",0.999688889092075,0.911525232593642,1,0.177777777777778,0.285714285714286,0.976744186046512
"2325",47,50,100,50,5,0.5,0.5,1,0.5,0.8,3,TRUE,0.9,FALSE,0.75,0,0,"ACPtrial47",1.548010929618,0.893758487097087,1,0.222222222222222,0.3,0.95
"2326",47,50,100,50,5,0.5,0.5,1,0.5,0.8,3,TRUE,0.9,FALSE,0.75,0,0,"ACPtrial47",1.00227252984138,0.931456151573,0.6,0.466666666666667,0.428571428571429,1
"2327",47,50,100,50,5,0.5,0.5,1,0.5,0.8,3,TRUE,0.9,FALSE,0.75,0,0,"ACPtrial47",0.716240908367329,0.882229160433644,0.6,0.711111111111111,0.428571428571429,0.953488372093023
"2328",47,50,100,50,5,0.5,0.5,1,0.5,0.8,3,TRUE,0.9,FALSE,0.75,0,0,"ACPtrial47",0.756669823041559,0.82333611953054,1,0.444444444444444,0.333333333333333,0.909090909090909
"2329",47,50,100,50,5,0.5,0.5,1,0.5,0.8,3,TRUE,0.9,FALSE,0.75,0,0,"ACPtrial47",1.19082078129309,0.939952580185594,1,0.111111111111111,0.428571428571429,0.953488372093023
"2330",47,50,100,50,5,0.5,0.5,1,0.5,0.8,3,TRUE,0.9,FALSE,0.75,0,0,"ACPtrial47",0.764039396922416,0.756921029864901,0.8,0.488888888888889,0.285714285714286,0.953488372093023
"2331",47,50,100,50,5,0.5,0.5,1,0.5,0.8,3,TRUE,0.9,FALSE,0.75,0,0,"ACPtrial47",0.847769190399853,0.854311641694466,1,0.4,0.6,1
"2332",47,50,100,50,5,0.5,0.5,1,0.5,0.8,3,TRUE,0.9,FALSE,0.75,0,0,"ACPtrial47",0.748367953396343,0.813617343011136,0.8,0.688888888888889,0.285714285714286,0.953488372093023
"2333",47,50,100,50,5,0.5,0.5,1,0.5,0.8,3,TRUE,0.9,FALSE,0.75,0,0,"ACPtrial47",0.722799263859798,0.925116059865841,0.8,0.533333333333333,0.444444444444444,0.926829268292683
"2334",47,50,100,50,5,0.5,0.5,1,0.5,0.8,3,TRUE,0.9,FALSE,0.75,0,0,"ACPtrial47",0.747819722839597,0.823219026062828,1,0.355555555555556,0.428571428571429,0.976744186046512
"2335",47,50,100,50,5,0.5,0.5,1,0.5,0.8,3,TRUE,0.9,FALSE,0.75,0,0,"ACPtrial47",0.622486625285527,0.796032889373429,0.4,0.777777777777778,0.285714285714286,0.976744186046512
"2336",47,50,100,50,5,0.5,0.5,1,0.5,0.8,3,TRUE,0.9,FALSE,0.75,0,0,"ACPtrial47",1.11892736514482,0.909128418223633,0.8,0.288888888888889,0.333333333333333,0.977272727272727
"2337",47,50,100,50,5,0.5,0.5,1,0.5,0.8,3,TRUE,0.9,FALSE,0.75,0,0,"ACPtrial47",0.785199418583858,0.916443698875087,1,0.577777777777778,0.333333333333333,0.975609756097561
"2338",47,50,100,50,5,0.5,0.5,1,0.5,0.8,3,TRUE,0.9,FALSE,0.75,0,0,"ACPtrial47",0.602767729495117,0.761186374384351,0.6,0.844444444444444,0.285714285714286,0.953488372093023
"2339",47,50,100,50,5,0.5,0.5,1,0.5,0.8,3,TRUE,0.9,FALSE,0.75,0,0,"ACPtrial47",0.958473345964091,0.93584301237281,1,0.444444444444444,0.375,0.928571428571429
"2340",47,50,100,50,5,0.5,0.5,1,0.5,0.8,3,TRUE,0.9,FALSE,0.75,0,0,"ACPtrial47",0.764997643977714,0.807679795017104,0.8,0.666666666666667,0.3,0.975
"2341",47,50,100,50,5,0.5,0.5,1,0.5,0.8,3,TRUE,0.9,FALSE,0.75,0,0,"ACPtrial47",0.934693289732373,0.915758363105969,0.8,0.311111111111111,0.5,0.931818181818182
"2342",47,50,100,50,5,0.5,0.5,1,0.5,0.8,3,TRUE,0.9,FALSE,0.75,0,0,"ACPtrial47",0.726958137400383,0.900616930667741,1,0.733333333333333,0.5,0.952380952380952
"2343",47,50,100,50,5,0.5,0.5,1,0.5,0.8,3,TRUE,0.9,FALSE,0.75,0,0,"ACPtrial47",0.880916171871185,0.855534266097997,0.6,0.422222222222222,0.333333333333333,0.975609756097561
"2344",47,50,100,50,5,0.5,0.5,1,0.5,0.8,3,TRUE,0.9,FALSE,0.75,0,0,"ACPtrial47",1.00288917580355,0.88105354501538,0.8,0.555555555555556,0.333333333333333,0.931818181818182
"2345",47,50,100,50,5,0.5,0.5,1,0.5,0.8,3,TRUE,0.9,FALSE,0.75,0,0,"ACPtrial47",0.798819988141381,0.889731942490013,0.6,0.533333333333333,0.6,1
"2346",47,50,100,50,5,0.5,0.5,1,0.5,0.8,3,TRUE,0.9,FALSE,0.75,0,0,"ACPtrial47",0.613659926289902,0.839554188440511,0.8,0.511111111111111,0.666666666666667,0.977272727272727
"2347",47,50,100,50,5,0.5,0.5,1,0.5,0.8,3,TRUE,0.9,FALSE,0.75,0,0,"ACPtrial47",0.843254836437694,0.866019857083914,0.6,0.666666666666667,0.285714285714286,1
"2348",47,50,100,50,5,0.5,0.5,1,0.5,0.8,3,TRUE,0.9,FALSE,0.75,0,0,"ACPtrial47",0.854884044183526,0.95293455887958,1,0.555555555555556,0.666666666666667,0.977272727272727
"2349",47,50,100,50,5,0.5,0.5,1,0.5,0.8,3,TRUE,0.9,FALSE,0.75,0,0,"ACPtrial47",1.14108117091405,0.868949464460298,0.8,0.355555555555556,0.285714285714286,0.976744186046512
"2350",47,50,100,50,5,0.5,0.5,1,0.5,0.8,3,TRUE,0.9,FALSE,0.75,0,0,"ACPtrial47",0.859840655603673,0.996173151696238,0.8,0.6,0.25,1
"2351",48,50,100,50,5,0.5,0.5,1,0.5,0.8,3,TRUE,0.9,FALSE,0.75,0,0,"ACPtrial48",1.13528573091786,0.938739030239178,0.6,0.555555555555556,0.333333333333333,0.902439024390244
"2352",48,50,100,50,5,0.5,0.5,1,0.5,0.8,3,TRUE,0.9,FALSE,0.75,0,0,"ACPtrial48",0.820892734784038,0.976551468185836,1,0.777777777777778,0.714285714285714,0.976744186046512
"2353",48,50,100,50,5,0.5,0.5,1,0.5,0.8,3,TRUE,0.9,FALSE,0.75,0,0,"ACPtrial48",0.804734371325904,0.784734924003782,0.8,0.688888888888889,0.428571428571429,0.976744186046512
"2354",48,50,100,50,5,0.5,0.5,1,0.5,0.8,3,TRUE,0.9,FALSE,0.75,0,0,"ACPtrial48",0.809941019236631,0.834520255577855,1,0.444444444444444,1,0.953488372093023
"2355",48,50,100,50,5,0.5,0.5,1,0.5,0.8,3,TRUE,0.9,FALSE,0.75,0,0,"ACPtrial48",0.673817462045515,0.838695007092434,0.6,0.733333333333333,0.428571428571429,1
"2356",48,50,100,50,5,0.5,0.5,1,0.5,0.8,3,TRUE,0.9,FALSE,0.75,0,0,"ACPtrial48",0.857927410512794,0.889512805491675,0.8,0.488888888888889,0.5,0.928571428571429
"2357",48,50,100,50,5,0.5,0.5,1,0.5,0.8,3,TRUE,0.9,FALSE,0.75,0,0,"ACPtrial48",0.930669090160562,0.859194389354787,0.6,0.444444444444444,0.285714285714286,1
"2358",48,50,100,50,5,0.5,0.5,1,0.5,0.8,3,TRUE,0.9,FALSE,0.75,0,0,"ACPtrial48",1.73635603266282,0.969456403102033,1,0.244444444444444,0.5,1
"2359",48,50,100,50,5,0.5,0.5,1,0.5,0.8,3,TRUE,0.9,FALSE,0.75,0,0,"ACPtrial48",0.890509474075834,0.94261454450492,1,0.333333333333333,0.428571428571429,0.930232558139535
"2360",48,50,100,50,5,0.5,0.5,1,0.5,0.8,3,TRUE,0.9,FALSE,0.75,0,0,"ACPtrial48",0.672064882247623,0.837469294413139,0.4,0.844444444444444,0.285714285714286,1
"2361",48,50,100,50,5,0.5,0.5,1,0.5,0.8,3,TRUE,0.9,FALSE,0.75,0,0,"ACPtrial48",0.760330736001622,0.780569431673559,1,0.311111111111111,0.666666666666667,0.977272727272727
"2362",48,50,100,50,5,0.5,0.5,1,0.5,0.8,3,TRUE,0.9,FALSE,0.75,0,0,"ACPtrial48",0.805322164984596,0.970228228308841,1,0.533333333333333,0.571428571428571,0.976744186046512
"2363",48,50,100,50,5,0.5,0.5,1,0.5,0.8,3,TRUE,0.9,FALSE,0.75,0,0,"ACPtrial48",0.959787713808016,0.917527434328559,1,0.377777777777778,0.714285714285714,1
"2364",48,50,100,50,5,0.5,0.5,1,0.5,0.8,3,TRUE,0.9,FALSE,0.75,0,0,"ACPtrial48",0.840922317958993,0.818400937369933,1,0.377777777777778,0.5,1
"2365",48,50,100,50,5,0.5,0.5,1,0.5,0.8,3,TRUE,0.9,FALSE,0.75,0,0,"ACPtrial48",0.71742598469949,0.786899150640041,1,0.422222222222222,0.5,0.954545454545455
"2366",48,50,100,50,5,0.5,0.5,1,0.5,0.8,3,TRUE,0.9,FALSE,0.75,0,0,"ACPtrial48",0.937620413809895,0.905479818234397,0.8,0.666666666666667,0.333333333333333,0.954545454545455
"2367",48,50,100,50,5,0.5,0.5,1,0.5,0.8,3,TRUE,0.9,FALSE,0.75,0,0,"ACPtrial48",0.861455932839429,0.95314003800484,1,0.644444444444444,0.333333333333333,0.931818181818182
"2368",48,50,100,50,5,0.5,0.5,1,0.5,0.8,3,TRUE,0.9,FALSE,0.75,0,0,"ACPtrial48",0.982480346378745,0.968008516719071,0.4,0.577777777777778,0.2,0.975
"2369",48,50,100,50,5,0.5,0.5,1,0.5,0.8,3,TRUE,0.9,FALSE,0.75,0,0,"ACPtrial48",0.728220900093775,0.775726018918494,1,0.444444444444444,1,0.909090909090909
"2370",48,50,100,50,5,0.5,0.5,1,0.5,0.8,3,TRUE,0.9,FALSE,0.75,0,0,"ACPtrial48",0.780632562005174,0.78907470729245,1,0.511111111111111,0.375,0.952380952380952
"2371",48,50,100,50,5,0.5,0.5,1,0.5,0.8,3,TRUE,0.9,FALSE,0.75,0,0,"ACPtrial48",0.795313524314186,0.901980383466336,1,0.422222222222222,0.333333333333333,1
"2372",48,50,100,50,5,0.5,0.5,1,0.5,0.8,3,TRUE,0.9,FALSE,0.75,0,0,"ACPtrial48",0.864323368760595,1.15235619476017,0.8,0.688888888888889,0.285714285714286,0.976744186046512
"2373",48,50,100,50,5,0.5,0.5,1,0.5,0.8,3,TRUE,0.9,FALSE,0.75,0,0,"ACPtrial48",0.742052411133466,0.890214800375363,0.4,0.6,0.5,0.977272727272727
"2374",48,50,100,50,5,0.5,0.5,1,0.5,0.8,3,TRUE,0.9,FALSE,0.75,0,0,"ACPtrial48",0.848480778976444,0.88511372720583,0.6,0.666666666666667,0.571428571428571,0.976744186046512
"2375",48,50,100,50,5,0.5,0.5,1,0.5,0.8,3,TRUE,0.9,FALSE,0.75,0,0,"ACPtrial48",0.738069351331046,0.853858649884761,1,0.555555555555556,0.555555555555556,0.975609756097561
"2376",48,50,100,50,5,0.5,0.5,1,0.5,0.8,3,TRUE,0.9,FALSE,0.75,0,0,"ACPtrial48",0.728977053280892,0.847808685374574,0.6,0.6,0.333333333333333,0.954545454545455
"2377",48,50,100,50,5,0.5,0.5,1,0.5,0.8,3,TRUE,0.9,FALSE,0.75,0,0,"ACPtrial48",0.753497941325587,0.895931953622789,1,0.711111111111111,0.2,0.975
"2378",48,50,100,50,5,0.5,0.5,1,0.5,0.8,3,TRUE,0.9,FALSE,0.75,0,0,"ACPtrial48",0.893725540824616,0.900317782679248,1,0.4,0.333333333333333,1
"2379",48,50,100,50,5,0.5,0.5,1,0.5,0.8,3,TRUE,0.9,FALSE,0.75,0,0,"ACPtrial48",0.796314506460197,0.873006477000129,0.6,0.688888888888889,0.25,1
"2380",48,50,100,50,5,0.5,0.5,1,0.5,0.8,3,TRUE,0.9,FALSE,0.75,0,0,"ACPtrial48",1.14241879227404,0.992061012642572,0.8,0.4,0.2,0.975
"2381",48,50,100,50,5,0.5,0.5,1,0.5,0.8,3,TRUE,0.9,FALSE,0.75,0,0,"ACPtrial48",0.888792956846318,0.859747072395813,1,0.488888888888889,0.285714285714286,0.976744186046512
"2382",48,50,100,50,5,0.5,0.5,1,0.5,0.8,3,TRUE,0.9,FALSE,0.75,0,0,"ACPtrial48",0.815150140195398,0.919131311728058,0.6,0.622222222222222,0.5,1
"2383",48,50,100,50,5,0.5,0.5,1,0.5,0.8,3,TRUE,0.9,FALSE,0.75,0,0,"ACPtrial48",1.10484331784607,1.11481434832423,1,0.311111111111111,0.333333333333333,0.931818181818182
"2384",48,50,100,50,5,0.5,0.5,1,0.5,0.8,3,TRUE,0.9,FALSE,0.75,0,0,"ACPtrial48",0.855258917516541,0.907882428001944,1,0.533333333333333,0.8,0.977777777777778
"2385",48,50,100,50,5,0.5,0.5,1,0.5,0.8,3,TRUE,0.9,FALSE,0.75,0,0,"ACPtrial48",0.824287732500173,1.06884455826838,1,0.644444444444444,0.4,0.975
"2386",48,50,100,50,5,0.5,0.5,1,0.5,0.8,3,TRUE,0.9,FALSE,0.75,0,0,"ACPtrial48",0.923153507112178,1.0360282287644,1,0.844444444444444,0.666666666666667,1
"2387",48,50,100,50,5,0.5,0.5,1,0.5,0.8,3,TRUE,0.9,FALSE,0.75,0,0,"ACPtrial48",1.07154274246226,0.964510106321661,1,0.177777777777778,0.4,0.977777777777778
"2388",48,50,100,50,5,0.5,0.5,1,0.5,0.8,3,TRUE,0.9,FALSE,0.75,0,0,"ACPtrial48",1.05309412952473,0.991732844250112,1,0.488888888888889,0.125,0.976190476190476
"2389",48,50,100,50,5,0.5,0.5,1,0.5,0.8,3,TRUE,0.9,FALSE,0.75,0,0,"ACPtrial48",0.820994093329112,0.979699710095573,0.4,0.622222222222222,0.166666666666667,1
"2390",48,50,100,50,5,0.5,0.5,1,0.5,0.8,3,TRUE,0.9,FALSE,0.75,0,0,"ACPtrial48",1.22744159153142,0.841040803073343,1,0.355555555555556,0.222222222222222,0.975609756097561
"2391",48,50,100,50,5,0.5,0.5,1,0.5,0.8,3,TRUE,0.9,FALSE,0.75,0,0,"ACPtrial48",0.904751515679082,0.805755294338655,0.6,0.577777777777778,0.5,0.976190476190476
"2392",48,50,100,50,5,0.5,0.5,1,0.5,0.8,3,TRUE,0.9,FALSE,0.75,0,0,"ACPtrial48",1.09777467688141,0.92649665804077,1,0.355555555555556,0.571428571428571,0.953488372093023
"2393",48,50,100,50,5,0.5,0.5,1,0.5,0.8,3,TRUE,0.9,FALSE,0.75,0,0,"ACPtrial48",0.819038533041952,0.860983105481378,0.6,0.733333333333333,0.333333333333333,0.975609756097561
"2394",48,50,100,50,5,0.5,0.5,1,0.5,0.8,3,TRUE,0.9,FALSE,0.75,0,0,"ACPtrial48",0.710508030256815,0.746659403789805,0.8,0.622222222222222,0.2,0.975
"2395",48,50,100,50,5,0.5,0.5,1,0.5,0.8,3,TRUE,0.9,FALSE,0.75,0,0,"ACPtrial48",0.9228272323526,0.873849297022137,0.6,0.577777777777778,0.166666666666667,0.977272727272727
"2396",48,50,100,50,5,0.5,0.5,1,0.5,0.8,3,TRUE,0.9,FALSE,0.75,0,0,"ACPtrial48",0.969899056754285,0.87676061761777,0.8,0.244444444444444,0.3,0.95
"2397",48,50,100,50,5,0.5,0.5,1,0.5,0.8,3,TRUE,0.9,FALSE,0.75,0,0,"ACPtrial48",0.795850932204819,0.875968820076256,0.6,0.622222222222222,0.375,0.952380952380952
"2398",48,50,100,50,5,0.5,0.5,1,0.5,0.8,3,TRUE,0.9,FALSE,0.75,0,0,"ACPtrial48",0.754404933445212,0.916392880174099,0.6,0.666666666666667,0.285714285714286,0.906976744186046
"2399",48,50,100,50,5,0.5,0.5,1,0.5,0.8,3,TRUE,0.9,FALSE,0.75,0,0,"ACPtrial48",0.815953493723035,0.900350043672912,0.8,0.688888888888889,0.285714285714286,0.976744186046512
"2400",48,50,100,50,5,0.5,0.5,1,0.5,0.8,3,TRUE,0.9,FALSE,0.75,0,0,"ACPtrial48",0.746575513921692,0.744196002045943,1,0.466666666666667,0.25,0.952380952380952
"2401",49,50,100,50,5,0.5,0.5,1,0.5,0.8,3,TRUE,0.9,FALSE,0.75,0,0,"ACPtrial49",1.27656054038935,0.761671359477198,0.8,0.155555555555556,0.571428571428571,0.976744186046512
"2402",49,50,100,50,5,0.5,0.5,1,0.5,0.8,3,TRUE,0.9,FALSE,0.75,0,0,"ACPtrial49",0.595557822277792,0.82025730968083,0.4,0.777777777777778,0.4,0.955555555555556
"2403",49,50,100,50,5,0.5,0.5,1,0.5,0.8,3,TRUE,0.9,FALSE,0.75,0,0,"ACPtrial49",0.704947597500541,0.910736381119274,1,0.6,0.285714285714286,0.976744186046512
"2404",49,50,100,50,5,0.5,0.5,1,0.5,0.8,3,TRUE,0.9,FALSE,0.75,0,0,"ACPtrial49",0.765005245599357,0.857813537516668,0.4,0.644444444444444,0.333333333333333,1
"2405",49,50,100,50,5,0.5,0.5,1,0.5,0.8,3,TRUE,0.9,FALSE,0.75,0,0,"ACPtrial49",0.897973142484708,0.912295962328063,1,0.488888888888889,0.75,0.976190476190476
"2406",49,50,100,50,5,0.5,0.5,1,0.5,0.8,3,TRUE,0.9,FALSE,0.75,0,0,"ACPtrial49",1.17400297121185,1.04905482340705,1,0.244444444444444,0.25,0.880952380952381
"2407",49,50,100,50,5,0.5,0.5,1,0.5,0.8,3,TRUE,0.9,FALSE,0.75,0,0,"ACPtrial49",0.831683797216115,0.831236636688574,1,0.666666666666667,0.333333333333333,0.926829268292683
"2408",49,50,100,50,5,0.5,0.5,1,0.5,0.8,3,TRUE,0.9,FALSE,0.75,0,0,"ACPtrial49",0.764110470222862,0.890278668578721,0.8,0.733333333333333,0.222222222222222,0.951219512195122
"2409",49,50,100,50,5,0.5,0.5,1,0.5,0.8,3,TRUE,0.9,FALSE,0.75,0,0,"ACPtrial49",0.75439770411144,0.898998864373232,1,0.711111111111111,0.4,0.977777777777778
"2410",49,50,100,50,5,0.5,0.5,1,0.5,0.8,3,TRUE,0.9,FALSE,0.75,0,0,"ACPtrial49",0.856133926366823,0.839942173597402,1,0.555555555555556,0.571428571428571,0.906976744186046
"2411",49,50,100,50,5,0.5,0.5,1,0.5,0.8,3,TRUE,0.9,FALSE,0.75,0,0,"ACPtrial49",0.632841830273263,0.776806313284087,0.6,0.733333333333333,0.25,0.976190476190476
"2412",49,50,100,50,5,0.5,0.5,1,0.5,0.8,3,TRUE,0.9,FALSE,0.75,0,0,"ACPtrial49",0.700528179531845,0.888843530703745,0.8,0.622222222222222,0.375,1
"2413",49,50,100,50,5,0.5,0.5,1,0.5,0.8,3,TRUE,0.9,FALSE,0.75,0,0,"ACPtrial49",0.602732880050043,0.890752015527624,0.8,0.688888888888889,0.428571428571429,0.953488372093023
"2414",49,50,100,50,5,0.5,0.5,1,0.5,0.8,3,TRUE,0.9,FALSE,0.75,0,0,"ACPtrial49",0.708689862424878,0.81827391141979,1,0.822222222222222,0.8,1
"2415",49,50,100,50,5,0.5,0.5,1,0.5,0.8,3,TRUE,0.9,FALSE,0.75,0,0,"ACPtrial49",1.03118398528002,0.829948311733247,0.6,0.488888888888889,0.428571428571429,0.953488372093023
"2416",49,50,100,50,5,0.5,0.5,1,0.5,0.8,3,TRUE,0.9,FALSE,0.75,0,0,"ACPtrial49",0.827508473117633,0.898061006761557,1,0.622222222222222,0.285714285714286,0.976744186046512
"2417",49,50,100,50,5,0.5,0.5,1,0.5,0.8,3,TRUE,0.9,FALSE,0.75,0,0,"ACPtrial49",0.560463711779561,0.912059844809583,0.8,0.688888888888889,0.285714285714286,1
"2418",49,50,100,50,5,0.5,0.5,1,0.5,0.8,3,TRUE,0.9,FALSE,0.75,0,0,"ACPtrial49",1.06997843809877,0.923166812158273,0.6,0.377777777777778,0.571428571428571,0.976744186046512
"2419",49,50,100,50,5,0.5,0.5,1,0.5,0.8,3,TRUE,0.9,FALSE,0.75,0,0,"ACPtrial49",0.770427027972302,0.847419412684896,0.8,0.8,0.25,1
"2420",49,50,100,50,5,0.5,0.5,1,0.5,0.8,3,TRUE,0.9,FALSE,0.75,0,0,"ACPtrial49",1.08161985256823,0.885333432102714,0.8,0.244444444444444,0.428571428571429,1
"2421",49,50,100,50,5,0.5,0.5,1,0.5,0.8,3,TRUE,0.9,FALSE,0.75,0,0,"ACPtrial49",0.781896386627231,1.00723214882361,0.8,0.733333333333333,0.4,0.955555555555556
"2422",49,50,100,50,5,0.5,0.5,1,0.5,0.8,3,TRUE,0.9,FALSE,0.75,0,0,"ACPtrial49",0.64454319869275,0.704340262401741,0.6,0.666666666666667,0.333333333333333,0.931818181818182
"2423",49,50,100,50,5,0.5,0.5,1,0.5,0.8,3,TRUE,0.9,FALSE,0.75,0,0,"ACPtrial49",0.69401464091265,0.905001795710246,1,0.711111111111111,0.5,1
"2424",49,50,100,50,5,0.5,0.5,1,0.5,0.8,3,TRUE,0.9,FALSE,0.75,0,0,"ACPtrial49",0.619523717153173,0.845875533864181,1,0.6,0.6,0.95
"2425",49,50,100,50,5,0.5,0.5,1,0.5,0.8,3,TRUE,0.9,FALSE,0.75,0,0,"ACPtrial49",0.934307831012832,0.818915346195844,0.8,0.533333333333333,0.4,0.977777777777778
"2426",49,50,100,50,5,0.5,0.5,1,0.5,0.8,3,TRUE,0.9,FALSE,0.75,0,0,"ACPtrial49",0.591917156753885,0.717529985813328,0.8,0.711111111111111,0.5,0.952380952380952
"2427",49,50,100,50,5,0.5,0.5,1,0.5,0.8,3,TRUE,0.9,FALSE,0.75,0,0,"ACPtrial49",0.909041881995713,0.874118099261168,1,0.466666666666667,1,0.911111111111111
"2428",49,50,100,50,5,0.5,0.5,1,0.5,0.8,3,TRUE,0.9,FALSE,0.75,0,0,"ACPtrial49",1.02718745861404,0.955892649315581,1,0.4,0.5,0.952380952380952
"2429",49,50,100,50,5,0.5,0.5,1,0.5,0.8,3,TRUE,0.9,FALSE,0.75,0,0,"ACPtrial49",1.02625938304684,0.798600909852,0.8,0.488888888888889,0.666666666666667,0.977272727272727
"2430",49,50,100,50,5,0.5,0.5,1,0.5,0.8,3,TRUE,0.9,FALSE,0.75,0,0,"ACPtrial49",0.99042109093181,0.958749166518999,0.8,0.6,0.285714285714286,1
"2431",49,50,100,50,5,0.5,0.5,1,0.5,0.8,3,TRUE,0.9,FALSE,0.75,0,0,"ACPtrial49",0.823655806371421,0.861460371400176,1,0.577777777777778,0.571428571428571,1
"2432",49,50,100,50,5,0.5,0.5,1,0.5,0.8,3,TRUE,0.9,FALSE,0.75,0,0,"ACPtrial49",0.599754159342173,0.826459154537946,0.6,0.644444444444444,0.222222222222222,0.951219512195122
"2433",49,50,100,50,5,0.5,0.5,1,0.5,0.8,3,TRUE,0.9,FALSE,0.75,0,0,"ACPtrial49",0.908981636242828,0.812014693974803,1,0.444444444444444,0.25,1
"2434",49,50,100,50,5,0.5,0.5,1,0.5,0.8,3,TRUE,0.9,FALSE,0.75,0,0,"ACPtrial49",0.91790368277509,0.752518305032876,1,0.266666666666667,0.333333333333333,0.951219512195122
"2435",49,50,100,50,5,0.5,0.5,1,0.5,0.8,3,TRUE,0.9,FALSE,0.75,0,0,"ACPtrial49",0.956774911829051,0.740281058859888,1,0.422222222222222,0.444444444444444,0.951219512195122
"2436",49,50,100,50,5,0.5,0.5,1,0.5,0.8,3,TRUE,0.9,FALSE,0.75,0,0,"ACPtrial49",0.697617013627697,0.848436182277474,0.6,0.777777777777778,0.333333333333333,0.977272727272727
"2437",49,50,100,50,5,0.5,0.5,1,0.5,0.8,3,TRUE,0.9,FALSE,0.75,0,0,"ACPtrial49",1.03348929391924,0.880973021039024,1,0.311111111111111,0.714285714285714,0.976744186046512
"2438",49,50,100,50,5,0.5,0.5,1,0.5,0.8,3,TRUE,0.9,FALSE,0.75,0,0,"ACPtrial49",1.43357765060446,0.873929996361845,1,0.355555555555556,0.25,1
"2439",49,50,100,50,5,0.5,0.5,1,0.5,0.8,3,TRUE,0.9,FALSE,0.75,0,0,"ACPtrial49",0.739112031499027,0.894364588598464,1,0.6,0.571428571428571,1
"2440",49,50,100,50,5,0.5,0.5,1,0.5,0.8,3,TRUE,0.9,FALSE,0.75,0,0,"ACPtrial49",0.736182548925604,0.870999364819628,0.4,0.688888888888889,0.4,0.977777777777778
"2441",49,50,100,50,5,0.5,0.5,1,0.5,0.8,3,TRUE,0.9,FALSE,0.75,0,0,"ACPtrial49",0.715904638178044,0.908032553633664,0.8,0.666666666666667,0.3,0.975
"2442",49,50,100,50,5,0.5,0.5,1,0.5,0.8,3,TRUE,0.9,FALSE,0.75,0,0,"ACPtrial49",0.830291927996365,0.964148155850114,0.4,0.755555555555556,0.25,1
"2443",49,50,100,50,5,0.5,0.5,1,0.5,0.8,3,TRUE,0.9,FALSE,0.75,0,0,"ACPtrial49",0.886457889432797,1.0030773376151,0.8,0.6,0.333333333333333,0.954545454545455
"2444",49,50,100,50,5,0.5,0.5,1,0.5,0.8,3,TRUE,0.9,FALSE,0.75,0,0,"ACPtrial49",0.878986655612247,0.852684953228691,1,0.311111111111111,0.857142857142857,0.953488372093023
"2445",49,50,100,50,5,0.5,0.5,1,0.5,0.8,3,TRUE,0.9,FALSE,0.75,0,0,"ACPtrial49",0.565610566673638,0.828706202275765,0.8,0.822222222222222,0.4,0.977777777777778
"2446",49,50,100,50,5,0.5,0.5,1,0.5,0.8,3,TRUE,0.9,FALSE,0.75,0,0,"ACPtrial49",0.719310554283697,0.736324584700718,0.4,0.533333333333333,0.222222222222222,1
"2447",49,50,100,50,5,0.5,0.5,1,0.5,0.8,3,TRUE,0.9,FALSE,0.75,0,0,"ACPtrial49",1.37735850104398,0.764659118389151,0.8,0.133333333333333,0.375,0.976190476190476
"2448",49,50,100,50,5,0.5,0.5,1,0.5,0.8,3,TRUE,0.9,FALSE,0.75,0,0,"ACPtrial49",0.796582420596966,0.920233381870949,0.6,0.666666666666667,0.333333333333333,0.954545454545455
"2449",49,50,100,50,5,0.5,0.5,1,0.5,0.8,3,TRUE,0.9,FALSE,0.75,0,0,"ACPtrial49",0.774220508729375,0.823362505001109,0.6,0.6,0.333333333333333,0.954545454545455
"2450",49,50,100,50,5,0.5,0.5,1,0.5,0.8,3,TRUE,0.9,FALSE,0.75,0,0,"ACPtrial49",0.698933803591905,0.79196999264507,0.8,0.733333333333333,0.428571428571429,1
"2451",50,50,100,50,5,0.5,0.5,1,0.5,0.8,3,TRUE,0.9,FALSE,0.75,0,0,"ACPtrial50",0.814404065655848,0.902850264017326,1,0.511111111111111,0.444444444444444,1
"2452",50,50,100,50,5,0.5,0.5,1,0.5,0.8,3,TRUE,0.9,FALSE,0.75,0,0,"ACPtrial50",0.673159068463556,0.872762635547969,0.8,0.866666666666667,0.25,1
"2453",50,50,100,50,5,0.5,0.5,1,0.5,0.8,3,TRUE,0.9,FALSE,0.75,0,0,"ACPtrial50",0.604542831741048,0.857379866533643,0.6,0.8,0.285714285714286,0.976744186046512
"2454",50,50,100,50,5,0.5,0.5,1,0.5,0.8,3,TRUE,0.9,FALSE,0.75,0,0,"ACPtrial50",0.784635767299221,0.829108498830229,0.6,0.688888888888889,0.333333333333333,1
"2455",50,50,100,50,5,0.5,0.5,1,0.5,0.8,3,TRUE,0.9,FALSE,0.75,0,0,"ACPtrial50",0.630672406808978,0.893103684135725,0.8,0.777777777777778,0.444444444444444,0.951219512195122
"2456",50,50,100,50,5,0.5,0.5,1,0.5,0.8,3,TRUE,0.9,FALSE,0.75,0,0,"ACPtrial50",0.83407485535421,1.00520779410879,0.8,0.666666666666667,0.375,1
"2457",50,50,100,50,5,0.5,0.5,1,0.5,0.8,3,TRUE,0.9,FALSE,0.75,0,0,"ACPtrial50",1.22554530553516,0.92668923056992,1,0.133333333333333,0.571428571428571,0.976744186046512
"2458",50,50,100,50,5,0.5,0.5,1,0.5,0.8,3,TRUE,0.9,FALSE,0.75,0,0,"ACPtrial50",1.25956449240608,0.760692163736699,0.8,0.288888888888889,0.428571428571429,0.953488372093023
"2459",50,50,100,50,5,0.5,0.5,1,0.5,0.8,3,TRUE,0.9,FALSE,0.75,0,0,"ACPtrial50",0.830568060162567,0.79119596921244,0.8,0.444444444444444,0.25,0.904761904761905
"2460",50,50,100,50,5,0.5,0.5,1,0.5,0.8,3,TRUE,0.9,FALSE,0.75,0,0,"ACPtrial50",1.01642965909482,0.902394651202989,1,0.511111111111111,0.333333333333333,0.886363636363636
"2461",50,50,100,50,5,0.5,0.5,1,0.5,0.8,3,TRUE,0.9,FALSE,0.75,0,0,"ACPtrial50",0.784157368467573,0.805055322827697,0.4,0.666666666666667,0.428571428571429,1
"2462",50,50,100,50,5,0.5,0.5,1,0.5,0.8,3,TRUE,0.9,FALSE,0.75,0,0,"ACPtrial50",0.775033655382617,0.825103455652903,0.8,0.533333333333333,0.6,0.933333333333333
"2463",50,50,100,50,5,0.5,0.5,1,0.5,0.8,3,TRUE,0.9,FALSE,0.75,0,0,"ACPtrial50",1.11551048690574,0.976087159363412,0.8,0.466666666666667,0.375,0.976190476190476
"2464",50,50,100,50,5,0.5,0.5,1,0.5,0.8,3,TRUE,0.9,FALSE,0.75,0,0,"ACPtrial50",0.880307856564324,0.884320264052696,0.8,0.6,0.5,0.977272727272727
"2465",50,50,100,50,5,0.5,0.5,1,0.5,0.8,3,TRUE,0.9,FALSE,0.75,0,0,"ACPtrial50",0.922122579816218,0.968540322532387,1,0.466666666666667,0.428571428571429,0.976744186046512
"2466",50,50,100,50,5,0.5,0.5,1,0.5,0.8,3,TRUE,0.9,FALSE,0.75,0,0,"ACPtrial50",0.747021738681542,0.813178037018739,0.6,0.555555555555556,0.25,0.976190476190476
"2467",50,50,100,50,5,0.5,0.5,1,0.5,0.8,3,TRUE,0.9,FALSE,0.75,0,0,"ACPtrial50",1.00183577663197,1.01161189678915,0.8,0.644444444444444,0.428571428571429,0.953488372093023
"2468",50,50,100,50,5,0.5,0.5,1,0.5,0.8,3,TRUE,0.9,FALSE,0.75,0,0,"ACPtrial50",0.813498673780719,0.902161063137803,0.6,0.711111111111111,0.4,1
"2469",50,50,100,50,5,0.5,0.5,1,0.5,0.8,3,TRUE,0.9,FALSE,0.75,0,0,"ACPtrial50",0.845454907348142,0.986872876578994,0.8,0.577777777777778,0.4,0.975
"2470",50,50,100,50,5,0.5,0.5,1,0.5,0.8,3,TRUE,0.9,FALSE,0.75,0,0,"ACPtrial50",0.826858502633331,0.971557143013907,1,0.777777777777778,0.285714285714286,0.930232558139535
"2471",50,50,100,50,5,0.5,0.5,1,0.5,0.8,3,TRUE,0.9,FALSE,0.75,0,0,"ACPtrial50",0.997028960475467,0.847481372156784,0.6,0.422222222222222,0.666666666666667,0.909090909090909
"2472",50,50,100,50,5,0.5,0.5,1,0.5,0.8,3,TRUE,0.9,FALSE,0.75,0,0,"ACPtrial50",1.2816764281296,1.03613578993763,1,0.577777777777778,0.285714285714286,0.976744186046512
"2473",50,50,100,50,5,0.5,0.5,1,0.5,0.8,3,TRUE,0.9,FALSE,0.75,0,0,"ACPtrial50",1.09692563755623,0.877062319809009,1,0.311111111111111,0.666666666666667,0.977272727272727
"2474",50,50,100,50,5,0.5,0.5,1,0.5,0.8,3,TRUE,0.9,FALSE,0.75,0,0,"ACPtrial50",0.799649729843217,0.78314517743947,0.4,0.466666666666667,0.285714285714286,0.976744186046512
"2475",50,50,100,50,5,0.5,0.5,1,0.5,0.8,3,TRUE,0.9,FALSE,0.75,0,0,"ACPtrial50",0.829185624414574,0.887824477727071,0.8,0.577777777777778,0.285714285714286,1
"2476",50,50,100,50,5,0.5,0.5,1,0.5,0.8,3,TRUE,0.9,FALSE,0.75,0,0,"ACPtrial50",0.856651284555409,0.919258855861009,1,0.666666666666667,0.625,1
"2477",50,50,100,50,5,0.5,0.5,1,0.5,0.8,3,TRUE,0.9,FALSE,0.75,0,0,"ACPtrial50",0.916458990809642,0.917350322198829,1,0.6,0.571428571428571,0.930232558139535
"2478",50,50,100,50,5,0.5,0.5,1,0.5,0.8,3,TRUE,0.9,FALSE,0.75,0,0,"ACPtrial50",0.856652405870702,0.869651381719054,1,0.622222222222222,0.285714285714286,1
"2479",50,50,100,50,5,0.5,0.5,1,0.5,0.8,3,TRUE,0.9,FALSE,0.75,0,0,"ACPtrial50",0.632446650388689,0.84319270733264,0.4,0.933333333333333,0.4,1
"2480",50,50,100,50,5,0.5,0.5,1,0.5,0.8,3,TRUE,0.9,FALSE,0.75,0,0,"ACPtrial50",0.933987148393972,0.920459315138047,1,0.577777777777778,0.5,0.931818181818182
"2481",50,50,100,50,5,0.5,0.5,1,0.5,0.8,3,TRUE,0.9,FALSE,0.75,0,0,"ACPtrial50",0.710912359952916,0.806392308800913,0.6,0.733333333333333,0.4,0.977777777777778
"2482",50,50,100,50,5,0.5,0.5,1,0.5,0.8,3,TRUE,0.9,FALSE,0.75,0,0,"ACPtrial50",1.23448265928744,0.92697081059208,0.8,0.288888888888889,0.375,0.928571428571429
"2483",50,50,100,50,5,0.5,0.5,1,0.5,0.8,3,TRUE,0.9,FALSE,0.75,0,0,"ACPtrial50",1.04646020741965,0.986692228913384,1,0.422222222222222,0.571428571428571,0.953488372093023
"2484",50,50,100,50,5,0.5,0.5,1,0.5,0.8,3,TRUE,0.9,FALSE,0.75,0,0,"ACPtrial50",0.83950795600951,0.781664685285039,0.8,0.422222222222222,0.333333333333333,0.954545454545455
"2485",50,50,100,50,5,0.5,0.5,1,0.5,0.8,3,TRUE,0.9,FALSE,0.75,0,0,"ACPtrial50",0.681841586143833,0.820744497632761,0.6,0.555555555555556,0.333333333333333,0.954545454545455
"2486",50,50,100,50,5,0.5,0.5,1,0.5,0.8,3,TRUE,0.9,FALSE,0.75,0,0,"ACPtrial50",0.892174733440977,0.929742725546217,1,0.733333333333333,0.428571428571429,0.976744186046512
"2487",50,50,100,50,5,0.5,0.5,1,0.5,0.8,3,TRUE,0.9,FALSE,0.75,0,0,"ACPtrial50",0.797943499457123,0.732866224990306,0.6,0.644444444444444,0.333333333333333,1
"2488",50,50,100,50,5,0.5,0.5,1,0.5,0.8,3,TRUE,0.9,FALSE,0.75,0,0,"ACPtrial50",0.533295031739669,0.869768255979013,0.6,0.822222222222222,0.428571428571429,0.976744186046512
"2489",50,50,100,50,5,0.5,0.5,1,0.5,0.8,3,TRUE,0.9,FALSE,0.75,0,0,"ACPtrial50",0.627351854766906,0.89824401992258,1,0.622222222222222,0.6,0.955555555555556
"2490",50,50,100,50,5,0.5,0.5,1,0.5,0.8,3,TRUE,0.9,FALSE,0.75,0,0,"ACPtrial50",0.92883807018744,1.01204037466984,1,0.755555555555556,0.571428571428571,0.976744186046512
"2491",50,50,100,50,5,0.5,0.5,1,0.5,0.8,3,TRUE,0.9,FALSE,0.75,0,0,"ACPtrial50",1.22774120807795,0.958699864173283,0.8,0.466666666666667,0.333333333333333,0.954545454545455
"2492",50,50,100,50,5,0.5,0.5,1,0.5,0.8,3,TRUE,0.9,FALSE,0.75,0,0,"ACPtrial50",1.57887340325421,0.940529615617566,1,0.244444444444444,0.571428571428571,0.976744186046512
"2493",50,50,100,50,5,0.5,0.5,1,0.5,0.8,3,TRUE,0.9,FALSE,0.75,0,0,"ACPtrial50",0.733138720877048,0.882594929420882,0.6,0.644444444444444,0.375,0.952380952380952
"2494",50,50,100,50,5,0.5,0.5,1,0.5,0.8,3,TRUE,0.9,FALSE,0.75,0,0,"ACPtrial50",0.831453405988524,0.898584633835452,1,0.311111111111111,0.375,0.880952380952381
"2495",50,50,100,50,5,0.5,0.5,1,0.5,0.8,3,TRUE,0.9,FALSE,0.75,0,0,"ACPtrial50",0.700425546516607,0.84919465183557,0.6,0.6,0.222222222222222,1
"2496",50,50,100,50,5,0.5,0.5,1,0.5,0.8,3,TRUE,0.9,FALSE,0.75,0,0,"ACPtrial50",0.922704051007261,0.93696647174029,1,0.577777777777778,0.5,0.931818181818182
"2497",50,50,100,50,5,0.5,0.5,1,0.5,0.8,3,TRUE,0.9,FALSE,0.75,0,0,"ACPtrial50",0.62719768269617,0.780102989982547,0.8,0.577777777777778,0.666666666666667,1
"2498",50,50,100,50,5,0.5,0.5,1,0.5,0.8,3,TRUE,0.9,FALSE,0.75,0,0,"ACPtrial50",0.816191443705637,0.733969900486159,1,0.422222222222222,0.571428571428571,0.906976744186046
"2499",50,50,100,50,5,0.5,0.5,1,0.5,0.8,3,TRUE,0.9,FALSE,0.75,0,0,"ACPtrial50",0.669809305856408,0.945664890328126,0.8,0.688888888888889,0.375,0.976190476190476
"2500",50,50,100,50,5,0.5,0.5,1,0.5,0.8,3,TRUE,0.9,FALSE,0.75,0,0,"ACPtrial50",0.677101912987579,0.81848262931906,0.8,0.644444444444444,0.333333333333333,0.977272727272727
"2501",51,50,100,50,5,0.5,0.5,1,0.5,0.8,3,TRUE,0.9,FALSE,0.75,0,0,"ACPtrial51",1.14215071470283,1.09724426481248,0.6,0.333333333333333,0.25,0.976190476190476
"2502",51,50,100,50,5,0.5,0.5,1,0.5,0.8,3,TRUE,0.9,FALSE,0.75,0,0,"ACPtrial51",1.16884261128137,0.794704028359664,1,0.333333333333333,0.285714285714286,1
"2503",51,50,100,50,5,0.5,0.5,1,0.5,0.8,3,TRUE,0.9,FALSE,0.75,0,0,"ACPtrial51",1.01185453616265,0.892403513781183,0.8,0.511111111111111,0.571428571428571,1
"2504",51,50,100,50,5,0.5,0.5,1,0.5,0.8,3,TRUE,0.9,FALSE,0.75,0,0,"ACPtrial51",0.742187076521488,0.91965736408941,1,0.488888888888889,0.727272727272727,1
"2505",51,50,100,50,5,0.5,0.5,1,0.5,0.8,3,TRUE,0.9,FALSE,0.75,0,0,"ACPtrial51",0.734252976751473,0.945983625858275,1,0.822222222222222,0.428571428571429,0.976744186046512
"2506",51,50,100,50,5,0.5,0.5,1,0.5,0.8,3,TRUE,0.9,FALSE,0.75,0,0,"ACPtrial51",0.80047642205127,0.714468738143451,0.8,0.244444444444444,0.3,0.875
"2507",51,50,100,50,5,0.5,0.5,1,0.5,0.8,3,TRUE,0.9,FALSE,0.75,0,0,"ACPtrial51",0.770380495203323,0.911117165214987,1,0.555555555555556,0.25,0.904761904761905
"2508",51,50,100,50,5,0.5,0.5,1,0.5,0.8,3,TRUE,0.9,FALSE,0.75,0,0,"ACPtrial51",0.749772022779219,0.871517259363395,0.6,0.666666666666667,0.333333333333333,0.977272727272727
"2509",51,50,100,50,5,0.5,0.5,1,0.5,0.8,3,TRUE,0.9,FALSE,0.75,0,0,"ACPtrial51",0.957697900820983,1.1403612511258,1,0.777777777777778,0.375,1
"2510",51,50,100,50,5,0.5,0.5,1,0.5,0.8,3,TRUE,0.9,FALSE,0.75,0,0,"ACPtrial51",0.877106706280259,0.997684672414052,1,0.844444444444444,0.222222222222222,1
"2511",51,50,100,50,5,0.5,0.5,1,0.5,0.8,3,TRUE,0.9,FALSE,0.75,0,0,"ACPtrial51",0.759215400183818,0.81179592936105,0.4,0.533333333333333,0.333333333333333,0.931818181818182
"2512",51,50,100,50,5,0.5,0.5,1,0.5,0.8,3,TRUE,0.9,FALSE,0.75,0,0,"ACPtrial51",0.938535515879996,0.86047315441717,1,0.577777777777778,0.833333333333333,0.954545454545455
"2513",51,50,100,50,5,0.5,0.5,1,0.5,0.8,3,TRUE,0.9,FALSE,0.75,0,0,"ACPtrial51",0.768466143509395,0.913134666485856,0.8,0.622222222222222,0.285714285714286,1
"2514",51,50,100,50,5,0.5,0.5,1,0.5,0.8,3,TRUE,0.9,FALSE,0.75,0,0,"ACPtrial51",0.764403520600736,0.871047488417725,0.6,0.622222222222222,0.222222222222222,0.926829268292683
"2515",51,50,100,50,5,0.5,0.5,1,0.5,0.8,3,TRUE,0.9,FALSE,0.75,0,0,"ACPtrial51",0.91974432720948,0.964657975795334,1,0.688888888888889,0.4,0.977777777777778
"2516",51,50,100,50,5,0.5,0.5,1,0.5,0.8,3,TRUE,0.9,FALSE,0.75,0,0,"ACPtrial51",0.614344409134617,0.84565285216838,1,0.755555555555556,0.571428571428571,0.953488372093023
"2517",51,50,100,50,5,0.5,0.5,1,0.5,0.8,3,TRUE,0.9,FALSE,0.75,0,0,"ACPtrial51",1.10202134117554,0.98721728173018,0.8,0.466666666666667,0.375,0.976190476190476
"2518",51,50,100,50,5,0.5,0.5,1,0.5,0.8,3,TRUE,0.9,FALSE,0.75,0,0,"ACPtrial51",0.699998208701766,0.744252177951598,0.8,0.711111111111111,0.2,0.95
"2519",51,50,100,50,5,0.5,0.5,1,0.5,0.8,3,TRUE,0.9,FALSE,0.75,0,0,"ACPtrial51",0.811795996083077,0.937418696108282,0.8,0.533333333333333,0.571428571428571,0.953488372093023
"2520",51,50,100,50,5,0.5,0.5,1,0.5,0.8,3,TRUE,0.9,FALSE,0.75,0,0,"ACPtrial51",0.879453066619868,0.796999564495835,0.6,0.4,0.285714285714286,0.953488372093023
"2521",51,50,100,50,5,0.5,0.5,1,0.5,0.8,3,TRUE,0.9,FALSE,0.75,0,0,"ACPtrial51",0.770481665237587,0.862162285782718,0.8,0.511111111111111,0.428571428571429,0.930232558139535
"2522",51,50,100,50,5,0.5,0.5,1,0.5,0.8,3,TRUE,0.9,FALSE,0.75,0,0,"ACPtrial51",0.946124558462856,0.854750541185594,0.4,0.555555555555556,0.4,1
"2523",51,50,100,50,5,0.5,0.5,1,0.5,0.8,3,TRUE,0.9,FALSE,0.75,0,0,"ACPtrial51",1.76122122621646,1.03025206971817,1,0.133333333333333,0.666666666666667,0.909090909090909
"2524",51,50,100,50,5,0.5,0.5,1,0.5,0.8,3,TRUE,0.9,FALSE,0.75,0,0,"ACPtrial51",0.745531023852444,0.797420538546023,1,0.555555555555556,0.666666666666667,1
"2525",51,50,100,50,5,0.5,0.5,1,0.5,0.8,3,TRUE,0.9,FALSE,0.75,0,0,"ACPtrial51",1.1407349285734,0.853211528160781,1,0.4,0.428571428571429,1
"2526",51,50,100,50,5,0.5,0.5,1,0.5,0.8,3,TRUE,0.9,FALSE,0.75,0,0,"ACPtrial51",0.820057389684567,0.895978054889285,0.6,0.733333333333333,0.25,0.976190476190476
"2527",51,50,100,50,5,0.5,0.5,1,0.5,0.8,3,TRUE,0.9,FALSE,0.75,0,0,"ACPtrial51",1.33544511624433,0.934957844515346,1,0.2,0.6,0.955555555555556
"2528",51,50,100,50,5,0.5,0.5,1,0.5,0.8,3,TRUE,0.9,FALSE,0.75,0,0,"ACPtrial51",0.474602268755646,0.712491239122784,0.6,0.688888888888889,0.4,0.977777777777778
"2529",51,50,100,50,5,0.5,0.5,1,0.5,0.8,3,TRUE,0.9,FALSE,0.75,0,0,"ACPtrial51",0.669496026819298,0.856292533160159,1,0.733333333333333,0.571428571428571,0.976744186046512
"2530",51,50,100,50,5,0.5,0.5,1,0.5,0.8,3,TRUE,0.9,FALSE,0.75,0,0,"ACPtrial51",0.788603579349333,0.970296424242297,0.4,0.688888888888889,0.111111111111111,0.951219512195122
"2531",51,50,100,50,5,0.5,0.5,1,0.5,0.8,3,TRUE,0.9,FALSE,0.75,0,0,"ACPtrial51",0.882308066882532,0.944777769259835,0.8,0.511111111111111,0.375,0.880952380952381
"2532",51,50,100,50,5,0.5,0.5,1,0.5,0.8,3,TRUE,0.9,FALSE,0.75,0,0,"ACPtrial51",0.62868297789683,0.747289373769918,1,0.488888888888889,1,0.954545454545455
"2533",51,50,100,50,5,0.5,0.5,1,0.5,0.8,3,TRUE,0.9,FALSE,0.75,0,0,"ACPtrial51",0.694261452204181,0.920289142212082,1,0.711111111111111,0.555555555555556,0.878048780487805
"2534",51,50,100,50,5,0.5,0.5,1,0.5,0.8,3,TRUE,0.9,FALSE,0.75,0,0,"ACPtrial51",0.887954440919466,0.870421943949101,1,0.577777777777778,0.333333333333333,0.977272727272727
"2535",51,50,100,50,5,0.5,0.5,1,0.5,0.8,3,TRUE,0.9,FALSE,0.75,0,0,"ACPtrial51",0.712683165481058,0.878156116197494,0.4,0.555555555555556,0.2,0.975
"2536",51,50,100,50,5,0.5,0.5,1,0.5,0.8,3,TRUE,0.9,FALSE,0.75,0,0,"ACPtrial51",0.931483596752028,0.99560743434487,1,0.333333333333333,0.375,0.952380952380952
"2537",51,50,100,50,5,0.5,0.5,1,0.5,0.8,3,TRUE,0.9,FALSE,0.75,0,0,"ACPtrial51",0.689239929830194,0.762659154694729,0.6,0.888888888888889,0.285714285714286,0.976744186046512
"2538",51,50,100,50,5,0.5,0.5,1,0.5,0.8,3,TRUE,0.9,FALSE,0.75,0,0,"ACPtrial51",0.815505365710286,0.856126233106265,0.6,0.711111111111111,0.333333333333333,1
"2539",51,50,100,50,5,0.5,0.5,1,0.5,0.8,3,TRUE,0.9,FALSE,0.75,0,0,"ACPtrial51",0.770057277549433,0.820961155458755,1,0.755555555555556,0.571428571428571,1
"2540",51,50,100,50,5,0.5,0.5,1,0.5,0.8,3,TRUE,0.9,FALSE,0.75,0,0,"ACPtrial51",1.0349969942464,0.811718752126716,0.6,0.622222222222222,0.222222222222222,1
"2541",51,50,100,50,5,0.5,0.5,1,0.5,0.8,3,TRUE,0.9,FALSE,0.75,0,0,"ACPtrial51",0.722151003997206,0.843212394711531,1,0.488888888888889,0.5,0.931818181818182
"2542",51,50,100,50,5,0.5,0.5,1,0.5,0.8,3,TRUE,0.9,FALSE,0.75,0,0,"ACPtrial51",0.793197326813791,0.914737713369122,0.8,0.488888888888889,0.571428571428571,0.883720930232558
"2543",51,50,100,50,5,0.5,0.5,1,0.5,0.8,3,TRUE,0.9,FALSE,0.75,0,0,"ACPtrial51",0.911763999100708,1.07012158783398,0.8,0.733333333333333,0.25,0.976190476190476
"2544",51,50,100,50,5,0.5,0.5,1,0.5,0.8,3,TRUE,0.9,FALSE,0.75,0,0,"ACPtrial51",1.17481659638697,0.960933997017657,0.6,0.111111111111111,0.4,0.911111111111111
"2545",51,50,100,50,5,0.5,0.5,1,0.5,0.8,3,TRUE,0.9,FALSE,0.75,0,0,"ACPtrial51",0.961085619120447,0.85937143059471,1,0.355555555555556,0.571428571428571,0.976744186046512
"2546",51,50,100,50,5,0.5,0.5,1,0.5,0.8,3,TRUE,0.9,FALSE,0.75,0,0,"ACPtrial51",0.941775437696671,1.10812281166726,0.8,0.777777777777778,0.4,0.975
"2547",51,50,100,50,5,0.5,0.5,1,0.5,0.8,3,TRUE,0.9,FALSE,0.75,0,0,"ACPtrial51",1.13847672413469,1.01934556807065,0.8,0.488888888888889,0.444444444444444,0.926829268292683
"2548",51,50,100,50,5,0.5,0.5,1,0.5,0.8,3,TRUE,0.9,FALSE,0.75,0,0,"ACPtrial51",1.04310781208706,0.776996217782128,1,0.355555555555556,0.2,0.975
"2549",51,50,100,50,5,0.5,0.5,1,0.5,0.8,3,TRUE,0.9,FALSE,0.75,0,0,"ACPtrial51",0.901319643485154,0.992516320880809,0.8,0.444444444444444,0.5,0.976190476190476
"2550",51,50,100,50,5,0.5,0.5,1,0.5,0.8,3,TRUE,0.9,FALSE,0.75,0,0,"ACPtrial51",0.933648292833255,0.81970412990213,0.8,0.377777777777778,0.444444444444444,0.975609756097561
"2551",52,50,100,50,5,0.5,0.5,1,0.5,0.8,3,TRUE,0.9,FALSE,0.75,0,0,"ACPtrial52",0.736755033821432,0.890255882977962,1,0.711111111111111,0.5,0.954545454545455
"2552",52,50,100,50,5,0.5,0.5,1,0.5,0.8,3,TRUE,0.9,FALSE,0.75,0,0,"ACPtrial52",0.681743088250651,0.818305727879834,0.6,0.711111111111111,0.333333333333333,0.975609756097561
"2553",52,50,100,50,5,0.5,0.5,1,0.5,0.8,3,TRUE,0.9,FALSE,0.75,0,0,"ACPtrial52",0.812092761698402,0.90207632945601,1,0.711111111111111,0.571428571428571,1
"2554",52,50,100,50,5,0.5,0.5,1,0.5,0.8,3,TRUE,0.9,FALSE,0.75,0,0,"ACPtrial52",0.59029985073246,0.858552641679777,0.6,0.666666666666667,0.333333333333333,0.975609756097561
"2555",52,50,100,50,5,0.5,0.5,1,0.5,0.8,3,TRUE,0.9,FALSE,0.75,0,0,"ACPtrial52",0.752365837652008,0.721052732958873,0.8,0.377777777777778,0.571428571428571,0.930232558139535
"2556",52,50,100,50,5,0.5,0.5,1,0.5,0.8,3,TRUE,0.9,FALSE,0.75,0,0,"ACPtrial52",0.81401195439141,0.910343233530352,0.8,0.533333333333333,0.285714285714286,1
"2557",52,50,100,50,5,0.5,0.5,1,0.5,0.8,3,TRUE,0.9,FALSE,0.75,0,0,"ACPtrial52",0.93028077718276,0.847163399061752,1,0.422222222222222,0.333333333333333,0.954545454545455
"2558",52,50,100,50,5,0.5,0.5,1,0.5,0.8,3,TRUE,0.9,FALSE,0.75,0,0,"ACPtrial52",0.816371457640192,0.820591955302413,0.8,0.511111111111111,0.5,0.954545454545455
"2559",52,50,100,50,5,0.5,0.5,1,0.5,0.8,3,TRUE,0.9,FALSE,0.75,0,0,"ACPtrial52",0.626954863192737,0.824702527166153,1,0.822222222222222,0.375,0.976190476190476
"2560",52,50,100,50,5,0.5,0.5,1,0.5,0.8,3,TRUE,0.9,FALSE,0.75,0,0,"ACPtrial52",0.724869795948864,0.964499528897613,0.8,0.755555555555556,0.571428571428571,1
"2561",52,50,100,50,5,0.5,0.5,1,0.5,0.8,3,TRUE,0.9,FALSE,0.75,0,0,"ACPtrial52",0.874530305497905,0.834910324111697,0.8,0.622222222222222,0.571428571428571,1
"2562",52,50,100,50,5,0.5,0.5,1,0.5,0.8,3,TRUE,0.9,FALSE,0.75,0,0,"ACPtrial52",0.702835406007051,0.864918748922984,1,0.622222222222222,0.5,1
"2563",52,50,100,50,5,0.5,0.5,1,0.5,0.8,3,TRUE,0.9,FALSE,0.75,0,0,"ACPtrial52",0.747891054976993,0.778696018046173,0.4,0.688888888888889,0.333333333333333,0.954545454545455
"2564",52,50,100,50,5,0.5,0.5,1,0.5,0.8,3,TRUE,0.9,FALSE,0.75,0,0,"ACPtrial52",0.749243929976008,0.877192845605609,0.8,0.577777777777778,0.666666666666667,0.931818181818182
"2565",52,50,100,50,5,0.5,0.5,1,0.5,0.8,3,TRUE,0.9,FALSE,0.75,0,0,"ACPtrial52",0.732856501076458,0.814209303630114,0.6,0.666666666666667,0.333333333333333,0.977272727272727
"2566",52,50,100,50,5,0.5,0.5,1,0.5,0.8,3,TRUE,0.9,FALSE,0.75,0,0,"ACPtrial52",0.760905888993767,0.727778593494028,0.8,0.355555555555556,0.375,1
"2567",52,50,100,50,5,0.5,0.5,1,0.5,0.8,3,TRUE,0.9,FALSE,0.75,0,0,"ACPtrial52",0.716924668757565,0.798790732391599,0.4,0.711111111111111,0.25,0.976190476190476
"2568",52,50,100,50,5,0.5,0.5,1,0.5,0.8,3,TRUE,0.9,FALSE,0.75,0,0,"ACPtrial52",1.00975338348556,0.885614528886421,0.8,0.288888888888889,0.428571428571429,0.953488372093023
"2569",52,50,100,50,5,0.5,0.5,1,0.5,0.8,3,TRUE,0.9,FALSE,0.75,0,0,"ACPtrial52",1.0887663079976,0.970022866074017,1,0.6,0.571428571428571,0.953488372093023
"2570",52,50,100,50,5,0.5,0.5,1,0.5,0.8,3,TRUE,0.9,FALSE,0.75,0,0,"ACPtrial52",0.860192516101848,0.884466024973315,0.6,0.466666666666667,0.5,0.977272727272727
"2571",52,50,100,50,5,0.5,0.5,1,0.5,0.8,3,TRUE,0.9,FALSE,0.75,0,0,"ACPtrial52",1.5859459121509,0.794835236284953,1,0.311111111111111,0.428571428571429,0.953488372093023
"2572",52,50,100,50,5,0.5,0.5,1,0.5,0.8,3,TRUE,0.9,FALSE,0.75,0,0,"ACPtrial52",1.00083014078692,0.909376122133871,0.8,0.466666666666667,0.428571428571429,0.953488372093023
"2573",52,50,100,50,5,0.5,0.5,1,0.5,0.8,3,TRUE,0.9,FALSE,0.75,0,0,"ACPtrial52",0.770531133950199,0.968104829222858,0.4,0.777777777777778,0.222222222222222,1
"2574",52,50,100,50,5,0.5,0.5,1,0.5,0.8,3,TRUE,0.9,FALSE,0.75,0,0,"ACPtrial52",0.75399771940382,0.712537631562791,0.8,0.488888888888889,0.4,0.977777777777778
"2575",52,50,100,50,5,0.5,0.5,1,0.5,0.8,3,TRUE,0.9,FALSE,0.75,0,0,"ACPtrial52",1.09894266715856,0.907772578482887,1,0.333333333333333,0.833333333333333,1
"2576",52,50,100,50,5,0.5,0.5,1,0.5,0.8,3,TRUE,0.9,FALSE,0.75,0,0,"ACPtrial52",0.805961103572303,0.833035138203316,0.8,0.711111111111111,0.5,1
"2577",52,50,100,50,5,0.5,0.5,1,0.5,0.8,3,TRUE,0.9,FALSE,0.75,0,0,"ACPtrial52",0.825311612851329,0.738303552706111,0.8,0.355555555555556,0.25,0.904761904761905
"2578",52,50,100,50,5,0.5,0.5,1,0.5,0.8,3,TRUE,0.9,FALSE,0.75,0,0,"ACPtrial52",0.618929032547415,0.812870560575825,0.4,0.666666666666667,0.4,1
"2579",52,50,100,50,5,0.5,0.5,1,0.5,0.8,3,TRUE,0.9,FALSE,0.75,0,0,"ACPtrial52",0.690675425131165,0.870615830589359,1,0.622222222222222,1,0.955555555555556
"2580",52,50,100,50,5,0.5,0.5,1,0.5,0.8,3,TRUE,0.9,FALSE,0.75,0,0,"ACPtrial52",1.03044285093821,0.889115869451541,0.8,0.488888888888889,0.428571428571429,0.953488372093023
"2581",52,50,100,50,5,0.5,0.5,1,0.5,0.8,3,TRUE,0.9,FALSE,0.75,0,0,"ACPtrial52",1.19257938327769,0.935505354302854,0.8,0.355555555555556,0.4,1
"2582",52,50,100,50,5,0.5,0.5,1,0.5,0.8,3,TRUE,0.9,FALSE,0.75,0,0,"ACPtrial52",0.914762658086371,0.980048917699265,0.6,0.511111111111111,0.25,0.952380952380952
"2583",52,50,100,50,5,0.5,0.5,1,0.5,0.8,3,TRUE,0.9,FALSE,0.75,0,0,"ACPtrial52",1.01449463026829,0.916183271936017,0.8,0.577777777777778,0.5,1
"2584",52,50,100,50,5,0.5,0.5,1,0.5,0.8,3,TRUE,0.9,FALSE,0.75,0,0,"ACPtrial52",0.742042154153358,0.864078615948275,0.6,0.8,0.4,1
"2585",52,50,100,50,5,0.5,0.5,1,0.5,0.8,3,TRUE,0.9,FALSE,0.75,0,0,"ACPtrial52",1.16489383300108,0.945358493938561,1,0.288888888888889,0.666666666666667,0.931818181818182
"2586",52,50,100,50,5,0.5,0.5,1,0.5,0.8,3,TRUE,0.9,FALSE,0.75,0,0,"ACPtrial52",0.73949853257588,0.802005868022687,0.6,0.711111111111111,0.285714285714286,0.930232558139535
"2587",52,50,100,50,5,0.5,0.5,1,0.5,0.8,3,TRUE,0.9,FALSE,0.75,0,0,"ACPtrial52",0.798854609305573,0.856429905075565,1,0.622222222222222,0.833333333333333,0.863636363636364
"2588",52,50,100,50,5,0.5,0.5,1,0.5,0.8,3,TRUE,0.9,FALSE,0.75,0,0,"ACPtrial52",0.872436810407183,0.805821268701909,0.6,0.444444444444444,0.272727272727273,1
"2589",52,50,100,50,5,0.5,0.5,1,0.5,0.8,3,TRUE,0.9,FALSE,0.75,0,0,"ACPtrial52",1.00074077757959,0.873993928657416,1,0.511111111111111,0.222222222222222,0.975609756097561
"2590",52,50,100,50,5,0.5,0.5,1,0.5,0.8,3,TRUE,0.9,FALSE,0.75,0,0,"ACPtrial52",0.729424101534138,0.822286869748672,1,0.666666666666667,0.8,1
"2591",52,50,100,50,5,0.5,0.5,1,0.5,0.8,3,TRUE,0.9,FALSE,0.75,0,0,"ACPtrial52",0.726857657057754,0.922436178286035,1,0.711111111111111,0.111111111111111,0.926829268292683
"2592",52,50,100,50,5,0.5,0.5,1,0.5,0.8,3,TRUE,0.9,FALSE,0.75,0,0,"ACPtrial52",0.598176542864281,0.790631225805278,0.4,0.844444444444444,0.333333333333333,0.977272727272727
"2593",52,50,100,50,5,0.5,0.5,1,0.5,0.8,3,TRUE,0.9,FALSE,0.75,0,0,"ACPtrial52",0.569118671755204,0.875185403616601,0.8,0.533333333333333,0.25,0.952380952380952
"2594",52,50,100,50,5,0.5,0.5,1,0.5,0.8,3,TRUE,0.9,FALSE,0.75,0,0,"ACPtrial52",0.735221989200982,0.853396137999539,0.6,0.644444444444444,0.363636363636364,1
"2595",52,50,100,50,5,0.5,0.5,1,0.5,0.8,3,TRUE,0.9,FALSE,0.75,0,0,"ACPtrial52",1.07542761368775,1.02649400033994,0.6,0.577777777777778,0.333333333333333,0.954545454545455
"2596",52,50,100,50,5,0.5,0.5,1,0.5,0.8,3,TRUE,0.9,FALSE,0.75,0,0,"ACPtrial52",0.817662564919308,0.887896749191868,1,0.422222222222222,0.571428571428571,0.930232558139535
"2597",52,50,100,50,5,0.5,0.5,1,0.5,0.8,3,TRUE,0.9,FALSE,0.75,0,0,"ACPtrial52",0.875063393101257,0.881675223804426,1,0.622222222222222,0.625,0.952380952380952
"2598",52,50,100,50,5,0.5,0.5,1,0.5,0.8,3,TRUE,0.9,FALSE,0.75,0,0,"ACPtrial52",0.914242163162353,0.81195881172632,0.6,0.466666666666667,0.428571428571429,0.953488372093023
"2599",52,50,100,50,5,0.5,0.5,1,0.5,0.8,3,TRUE,0.9,FALSE,0.75,0,0,"ACPtrial52",0.998994637843978,0.973529461395688,1,0.422222222222222,0.5,0.909090909090909
"2600",52,50,100,50,5,0.5,0.5,1,0.5,0.8,3,TRUE,0.9,FALSE,0.75,0,0,"ACPtrial52",0.716923616068301,0.769376737044861,1,0.666666666666667,0.571428571428571,1
"2601",53,50,100,50,5,0.5,0.5,1,0.5,0.8,3,TRUE,0.9,FALSE,0.75,0,0,"ACPtrial53",0.669453043858466,0.916536604679634,0.6,0.622222222222222,0.333333333333333,0.909090909090909
"2602",53,50,100,50,5,0.5,0.5,1,0.5,0.8,3,TRUE,0.9,FALSE,0.75,0,0,"ACPtrial53",0.954533694406945,1.05254928825897,1,0.466666666666667,0.2,0.975
"2603",53,50,100,50,5,0.5,0.5,1,0.5,0.8,3,TRUE,0.9,FALSE,0.75,0,0,"ACPtrial53",0.876625157759016,0.820858356817803,0.8,0.377777777777778,0.25,0.928571428571429
"2604",53,50,100,50,5,0.5,0.5,1,0.5,0.8,3,TRUE,0.9,FALSE,0.75,0,0,"ACPtrial53",0.657810327579337,0.852757935004969,0.6,0.6,0.333333333333333,1
"2605",53,50,100,50,5,0.5,0.5,1,0.5,0.8,3,TRUE,0.9,FALSE,0.75,0,0,"ACPtrial53",0.719186976337747,0.934100426773451,1,0.6,0.75,0.952380952380952
"2606",53,50,100,50,5,0.5,0.5,1,0.5,0.8,3,TRUE,0.9,FALSE,0.75,0,0,"ACPtrial53",0.869223279635321,0.898524266783923,0.8,0.466666666666667,0.3,0.975
"2607",53,50,100,50,5,0.5,0.5,1,0.5,0.8,3,TRUE,0.9,FALSE,0.75,0,0,"ACPtrial53",0.679003818679806,0.866440848711824,1,0.622222222222222,0.5,0.931818181818182
"2608",53,50,100,50,5,0.5,0.5,1,0.5,0.8,3,TRUE,0.9,FALSE,0.75,0,0,"ACPtrial53",0.807048326120834,0.92520172752623,0.8,0.733333333333333,0.571428571428571,1
"2609",53,50,100,50,5,0.5,0.5,1,0.5,0.8,3,TRUE,0.9,FALSE,0.75,0,0,"ACPtrial53",0.666636583548753,0.819287030884464,1,0.666666666666667,0.4,0.933333333333333
"2610",53,50,100,50,5,0.5,0.5,1,0.5,0.8,3,TRUE,0.9,FALSE,0.75,0,0,"ACPtrial53",1.00599059843924,0.808868486779734,0.6,0.288888888888889,0.222222222222222,1
"2611",53,50,100,50,5,0.5,0.5,1,0.5,0.8,3,TRUE,0.9,FALSE,0.75,0,0,"ACPtrial53",0.88883879982266,0.886015644841299,0.8,0.6,0.5,1
"2612",53,50,100,50,5,0.5,0.5,1,0.5,0.8,3,TRUE,0.9,FALSE,0.75,0,0,"ACPtrial53",0.900646722805727,0.842817827889742,1,0.577777777777778,0.4,0.911111111111111
"2613",53,50,100,50,5,0.5,0.5,1,0.5,0.8,3,TRUE,0.9,FALSE,0.75,0,0,"ACPtrial53",0.798827442268917,0.853307270191709,0.8,0.577777777777778,0.5,0.954545454545455
"2614",53,50,100,50,5,0.5,0.5,1,0.5,0.8,3,TRUE,0.9,FALSE,0.75,0,0,"ACPtrial53",0.789102509370003,0.806602591413977,1,0.777777777777778,0.428571428571429,1
"2615",53,50,100,50,5,0.5,0.5,1,0.5,0.8,3,TRUE,0.9,FALSE,0.75,0,0,"ACPtrial53",0.693427541393685,0.884915979954291,1,0.8,0.666666666666667,1
"2616",53,50,100,50,5,0.5,0.5,1,0.5,0.8,3,TRUE,0.9,FALSE,0.75,0,0,"ACPtrial53",0.806942259894531,0.768394710208859,1,0.466666666666667,0.833333333333333,1
"2617",53,50,100,50,5,0.5,0.5,1,0.5,0.8,3,TRUE,0.9,FALSE,0.75,0,0,"ACPtrial53",0.667606770238083,0.636808343240121,0.4,0.555555555555556,0.4,0.977777777777778
"2618",53,50,100,50,5,0.5,0.5,1,0.5,0.8,3,TRUE,0.9,FALSE,0.75,0,0,"ACPtrial53",0.837391949595346,0.892977987657415,0.8,0.6,0.666666666666667,0.977272727272727
"2619",53,50,100,50,5,0.5,0.5,1,0.5,0.8,3,TRUE,0.9,FALSE,0.75,0,0,"ACPtrial53",0.605911903177435,0.736657145695706,1,0.622222222222222,0.285714285714286,0.976744186046512
"2620",53,50,100,50,5,0.5,0.5,1,0.5,0.8,3,TRUE,0.9,FALSE,0.75,0,0,"ACPtrial53",0.951948583170996,0.89114884258912,0.8,0.311111111111111,0.222222222222222,0.878048780487805
"2621",53,50,100,50,5,0.5,0.5,1,0.5,0.8,3,TRUE,0.9,FALSE,0.75,0,0,"ACPtrial53",0.891833683099787,0.846759445308105,1,0.4,0.571428571428571,0.930232558139535
"2622",53,50,100,50,5,0.5,0.5,1,0.5,0.8,3,TRUE,0.9,FALSE,0.75,0,0,"ACPtrial53",1.09028251765469,0.933058477103279,0.8,0.577777777777778,0.25,0.976190476190476
"2623",53,50,100,50,5,0.5,0.5,1,0.5,0.8,3,TRUE,0.9,FALSE,0.75,0,0,"ACPtrial53",0.59266720399631,0.819406675533387,0.4,0.777777777777778,0.5,1
"2624",53,50,100,50,5,0.5,0.5,1,0.5,0.8,3,TRUE,0.9,FALSE,0.75,0,0,"ACPtrial53",0.919314436782108,0.862002175546047,1,0.288888888888889,0.666666666666667,1
"2625",53,50,100,50,5,0.5,0.5,1,0.5,0.8,3,TRUE,0.9,FALSE,0.75,0,0,"ACPtrial53",0.993938319040423,0.881762489546082,0.8,0.555555555555556,0.375,0.952380952380952
"2626",53,50,100,50,5,0.5,0.5,1,0.5,0.8,3,TRUE,0.9,FALSE,0.75,0,0,"ACPtrial53",0.717738557769981,0.88826865689288,1,0.577777777777778,0.777777777777778,0.951219512195122
"2627",53,50,100,50,5,0.5,0.5,1,0.5,0.8,3,TRUE,0.9,FALSE,0.75,0,0,"ACPtrial53",1.82050914429451,0.879978820313791,1,0.155555555555556,0.4,1
"2628",53,50,100,50,5,0.5,0.5,1,0.5,0.8,3,TRUE,0.9,FALSE,0.75,0,0,"ACPtrial53",1.190760044929,0.943925118105693,1,0.311111111111111,0.8,0.911111111111111
"2629",53,50,100,50,5,0.5,0.5,1,0.5,0.8,3,TRUE,0.9,FALSE,0.75,0,0,"ACPtrial53",0.734682491580793,0.860831282553275,1,0.8,0.625,1
"2630",53,50,100,50,5,0.5,0.5,1,0.5,0.8,3,TRUE,0.9,FALSE,0.75,0,0,"ACPtrial53",1.01489049177824,0.786396855765557,0.8,0.422222222222222,0.285714285714286,0.930232558139535
"2631",53,50,100,50,5,0.5,0.5,1,0.5,0.8,3,TRUE,0.9,FALSE,0.75,0,0,"ACPtrial53",0.899025040970966,0.99236484114339,0.8,0.711111111111111,0.142857142857143,0.930232558139535
"2632",53,50,100,50,5,0.5,0.5,1,0.5,0.8,3,TRUE,0.9,FALSE,0.75,0,0,"ACPtrial53",0.810809842885099,0.793810272968208,1,0.466666666666667,1,0.911111111111111
"2633",53,50,100,50,5,0.5,0.5,1,0.5,0.8,3,TRUE,0.9,FALSE,0.75,0,0,"ACPtrial53",1.07089249076748,1.02906425378778,1,0.488888888888889,0.8,0.955555555555556
"2634",53,50,100,50,5,0.5,0.5,1,0.5,0.8,3,TRUE,0.9,FALSE,0.75,0,0,"ACPtrial53",0.691383381370758,0.750674139803561,1,0.6,0.625,0.976190476190476
"2635",53,50,100,50,5,0.5,0.5,1,0.5,0.8,3,TRUE,0.9,FALSE,0.75,0,0,"ACPtrial53",0.653298200882443,0.827865997138309,0.6,0.777777777777778,0.3,0.95
"2636",53,50,100,50,5,0.5,0.5,1,0.5,0.8,3,TRUE,0.9,FALSE,0.75,0,0,"ACPtrial53",0.722686785233669,0.829568530847801,0.8,0.777777777777778,0.375,0.952380952380952
"2637",53,50,100,50,5,0.5,0.5,1,0.5,0.8,3,TRUE,0.9,FALSE,0.75,0,0,"ACPtrial53",1.12223015397847,0.811706417690242,1,0.111111111111111,0.25,0.976190476190476
"2638",53,50,100,50,5,0.5,0.5,1,0.5,0.8,3,TRUE,0.9,FALSE,0.75,0,0,"ACPtrial53",0.962413587058316,1.01177491079676,1,0.6,0.4,0.975
"2639",53,50,100,50,5,0.5,0.5,1,0.5,0.8,3,TRUE,0.9,FALSE,0.75,0,0,"ACPtrial53",0.898884067059561,0.852085144471803,0.8,0.555555555555556,0.375,0.976190476190476
"2640",53,50,100,50,5,0.5,0.5,1,0.5,0.8,3,TRUE,0.9,FALSE,0.75,0,0,"ACPtrial53",0.892029729997204,0.910545073758199,0.4,0.711111111111111,0.333333333333333,0.909090909090909
"2641",53,50,100,50,5,0.5,0.5,1,0.5,0.8,3,TRUE,0.9,FALSE,0.75,0,0,"ACPtrial53",0.915380920336586,0.99117240272207,0.8,0.511111111111111,0.333333333333333,0.853658536585366
"2642",53,50,100,50,5,0.5,0.5,1,0.5,0.8,3,TRUE,0.9,FALSE,0.75,0,0,"ACPtrial53",0.817689299770062,0.768262303581104,1,0.444444444444444,0.6,0.888888888888889
"2643",53,50,100,50,5,0.5,0.5,1,0.5,0.8,3,TRUE,0.9,FALSE,0.75,0,0,"ACPtrial53",0.678445971743849,0.832004700931558,0.6,0.8,0.333333333333333,0.954545454545455
"2644",53,50,100,50,5,0.5,0.5,1,0.5,0.8,3,TRUE,0.9,FALSE,0.75,0,0,"ACPtrial53",1.1727222308686,0.978826288539612,0.8,0.333333333333333,0.444444444444444,1
"2645",53,50,100,50,5,0.5,0.5,1,0.5,0.8,3,TRUE,0.9,FALSE,0.75,0,0,"ACPtrial53",0.674796489423417,0.783082485314753,0.8,0.6,0.285714285714286,1
"2646",53,50,100,50,5,0.5,0.5,1,0.5,0.8,3,TRUE,0.9,FALSE,0.75,0,0,"ACPtrial53",0.791082944799715,0.840985384197967,1,0.577777777777778,0.75,1
"2647",53,50,100,50,5,0.5,0.5,1,0.5,0.8,3,TRUE,0.9,FALSE,0.75,0,0,"ACPtrial53",0.953116750818995,0.862991100043501,0.8,0.6,0.285714285714286,0.976744186046512
"2648",53,50,100,50,5,0.5,0.5,1,0.5,0.8,3,TRUE,0.9,FALSE,0.75,0,0,"ACPtrial53",0.676707030169463,0.774037865067302,1,0.8,0.428571428571429,0.976744186046512
"2649",53,50,100,50,5,0.5,0.5,1,0.5,0.8,3,TRUE,0.9,FALSE,0.75,0,0,"ACPtrial53",0.533872055227931,0.756824343753745,1,0.777777777777778,0.625,1
"2650",53,50,100,50,5,0.5,0.5,1,0.5,0.8,3,TRUE,0.9,FALSE,0.75,0,0,"ACPtrial53",0.887612443155826,0.948029979591419,1,0.466666666666667,0.285714285714286,1
"2651",54,50,100,50,5,0.5,0.5,1,0.5,0.8,3,TRUE,0.9,FALSE,0.75,0,0,"ACPtrial54",0.733411962853079,0.831425621387659,0.6,0.555555555555556,0.285714285714286,0.976744186046512
"2652",54,50,100,50,5,0.5,0.5,1,0.5,0.8,3,TRUE,0.9,FALSE,0.75,0,0,"ACPtrial54",0.925833243725384,0.82599630912205,1,0.311111111111111,0.363636363636364,0.948717948717949
"2653",54,50,100,50,5,0.5,0.5,1,0.5,0.8,3,TRUE,0.9,FALSE,0.75,0,0,"ACPtrial54",0.791032917647549,0.990554675478115,1,0.733333333333333,0.6,0.975
"2654",54,50,100,50,5,0.5,0.5,1,0.5,0.8,3,TRUE,0.9,FALSE,0.75,0,0,"ACPtrial54",0.979923315263596,0.911782945456467,1,0.511111111111111,1,0.955555555555556
"2655",54,50,100,50,5,0.5,0.5,1,0.5,0.8,3,TRUE,0.9,FALSE,0.75,0,0,"ACPtrial54",1.10365372720563,1.01844134547833,1,0.466666666666667,0.428571428571429,0.976744186046512
"2656",54,50,100,50,5,0.5,0.5,1,0.5,0.8,3,TRUE,0.9,FALSE,0.75,0,0,"ACPtrial54",0.755211862964275,0.752808193351734,1,0.644444444444444,0.5,0.977272727272727
"2657",54,50,100,50,5,0.5,0.5,1,0.5,0.8,3,TRUE,0.9,FALSE,0.75,0,0,"ACPtrial54",0.692400393017546,0.727906198926173,0.6,0.444444444444444,0.375,0.928571428571429
"2658",54,50,100,50,5,0.5,0.5,1,0.5,0.8,3,TRUE,0.9,FALSE,0.75,0,0,"ACPtrial54",0.627646988412735,0.818451542638061,1,0.666666666666667,1,0.933333333333333
"2659",54,50,100,50,5,0.5,0.5,1,0.5,0.8,3,TRUE,0.9,FALSE,0.75,0,0,"ACPtrial54",0.88624344416419,0.997132478169451,1,0.622222222222222,0.666666666666667,0.909090909090909
"2660",54,50,100,50,5,0.5,0.5,1,0.5,0.8,3,TRUE,0.9,FALSE,0.75,0,0,"ACPtrial54",0.828982073944762,0.864737146995079,0.6,0.6,0.4,1
"2661",54,50,100,50,5,0.5,0.5,1,0.5,0.8,3,TRUE,0.9,FALSE,0.75,0,0,"ACPtrial54",0.7161387009462,0.721371500121486,0.8,0.555555555555556,0.285714285714286,0.976744186046512
"2662",54,50,100,50,5,0.5,0.5,1,0.5,0.8,3,TRUE,0.9,FALSE,0.75,0,0,"ACPtrial54",0.757903365070081,0.802537943487586,0.8,0.422222222222222,0.222222222222222,0.926829268292683
"2663",54,50,100,50,5,0.5,0.5,1,0.5,0.8,3,TRUE,0.9,FALSE,0.75,0,0,"ACPtrial54",0.77031854077268,0.856599859428987,1,0.555555555555556,0.555555555555556,0.975609756097561
"2664",54,50,100,50,5,0.5,0.5,1,0.5,0.8,3,TRUE,0.9,FALSE,0.75,0,0,"ACPtrial54",0.996309627951051,0.781010691555983,0.6,0.333333333333333,0.571428571428571,1
"2665",54,50,100,50,5,0.5,0.5,1,0.5,0.8,3,TRUE,0.9,FALSE,0.75,0,0,"ACPtrial54",0.890126342037121,0.890357842318101,1,0.266666666666667,0.272727272727273,0.974358974358974
"2666",54,50,100,50,5,0.5,0.5,1,0.5,0.8,3,TRUE,0.9,FALSE,0.75,0,0,"ACPtrial54",0.757446315563422,0.907286658703719,1,0.6,0.666666666666667,0.977272727272727
"2667",54,50,100,50,5,0.5,0.5,1,0.5,0.8,3,TRUE,0.9,FALSE,0.75,0,0,"ACPtrial54",0.610219263029792,0.806792475904193,0.4,0.488888888888889,0.222222222222222,0.926829268292683
"2668",54,50,100,50,5,0.5,0.5,1,0.5,0.8,3,TRUE,0.9,FALSE,0.75,0,0,"ACPtrial54",1.10389168075868,0.963595303368291,0.8,0.466666666666667,0.25,1
"2669",54,50,100,50,5,0.5,0.5,1,0.5,0.8,3,TRUE,0.9,FALSE,0.75,0,0,"ACPtrial54",1.04393062675612,0.832936679516795,0.8,0.111111111111111,0.428571428571429,0.930232558139535
"2670",54,50,100,50,5,0.5,0.5,1,0.5,0.8,3,TRUE,0.9,FALSE,0.75,0,0,"ACPtrial54",0.7336622631401,0.862542686041477,0.4,0.533333333333333,0.25,0.976190476190476
"2671",54,50,100,50,5,0.5,0.5,1,0.5,0.8,3,TRUE,0.9,FALSE,0.75,0,0,"ACPtrial54",0.885877847681026,0.881937085373305,0.8,0.488888888888889,0.571428571428571,0.953488372093023
"2672",54,50,100,50,5,0.5,0.5,1,0.5,0.8,3,TRUE,0.9,FALSE,0.75,0,0,"ACPtrial54",1.14021643476705,0.874258329972106,1,0.177777777777778,1,1
"2673",54,50,100,50,5,0.5,0.5,1,0.5,0.8,3,TRUE,0.9,FALSE,0.75,0,0,"ACPtrial54",0.739917930366647,0.828592722626635,0.8,0.511111111111111,0.6,0.977777777777778
"2674",54,50,100,50,5,0.5,0.5,1,0.5,0.8,3,TRUE,0.9,FALSE,0.75,0,0,"ACPtrial54",1.137178007931,0.853032008403587,1,0.2,0.571428571428571,0.906976744186046
"2675",54,50,100,50,5,0.5,0.5,1,0.5,0.8,3,TRUE,0.9,FALSE,0.75,0,0,"ACPtrial54",0.662095328185695,0.869546580644537,0.8,0.622222222222222,0.571428571428571,0.976744186046512
"2676",54,50,100,50,5,0.5,0.5,1,0.5,0.8,3,TRUE,0.9,FALSE,0.75,0,0,"ACPtrial54",1.21113968808156,0.899065858508456,1,0.355555555555556,0.285714285714286,1
"2677",54,50,100,50,5,0.5,0.5,1,0.5,0.8,3,TRUE,0.9,FALSE,0.75,0,0,"ACPtrial54",0.725431187409776,0.7312661459105,1,0.422222222222222,0.444444444444444,0.975609756097561
"2678",54,50,100,50,5,0.5,0.5,1,0.5,0.8,3,TRUE,0.9,FALSE,0.75,0,0,"ACPtrial54",0.976017078468628,0.842240109249158,0.8,0.4,0.5,0.931818181818182
"2679",54,50,100,50,5,0.5,0.5,1,0.5,0.8,3,TRUE,0.9,FALSE,0.75,0,0,"ACPtrial54",0.97301709408196,0.934325623815056,0.6,0.488888888888889,0.6,0.955555555555556
"2680",54,50,100,50,5,0.5,0.5,1,0.5,0.8,3,TRUE,0.9,FALSE,0.75,0,0,"ACPtrial54",0.79721848102811,0.873565839086743,0.6,0.733333333333333,0.25,0.904761904761905
"2681",54,50,100,50,5,0.5,0.5,1,0.5,0.8,3,TRUE,0.9,FALSE,0.75,0,0,"ACPtrial54",1.30414178418882,0.816133882363471,1,0.377777777777778,0.6,1
"2682",54,50,100,50,5,0.5,0.5,1,0.5,0.8,3,TRUE,0.9,FALSE,0.75,0,0,"ACPtrial54",0.849217300677491,0.795126463876028,1,0.488888888888889,0.285714285714286,0.953488372093023
"2683",54,50,100,50,5,0.5,0.5,1,0.5,0.8,3,TRUE,0.9,FALSE,0.75,0,0,"ACPtrial54",0.919250707763429,0.761609720506347,1,0.266666666666667,0.5,1
"2684",54,50,100,50,5,0.5,0.5,1,0.5,0.8,3,TRUE,0.9,FALSE,0.75,0,0,"ACPtrial54",0.85699171895472,0.889749549035513,0.8,0.711111111111111,0.5,0.904761904761905
"2685",54,50,100,50,5,0.5,0.5,1,0.5,0.8,3,TRUE,0.9,FALSE,0.75,0,0,"ACPtrial54",0.746129559746454,0.839045868979012,0.4,0.555555555555556,0.333333333333333,0.977272727272727
"2686",54,50,100,50,5,0.5,0.5,1,0.5,0.8,3,TRUE,0.9,FALSE,0.75,0,0,"ACPtrial54",0.987737018905019,0.908352918653116,1,0.4,1,0.977272727272727
"2687",54,50,100,50,5,0.5,0.5,1,0.5,0.8,3,TRUE,0.9,FALSE,0.75,0,0,"ACPtrial54",0.662845205162149,0.734236709539077,1,0.555555555555556,0.714285714285714,0.976744186046512
"2688",54,50,100,50,5,0.5,0.5,1,0.5,0.8,3,TRUE,0.9,FALSE,0.75,0,0,"ACPtrial54",0.844999824754191,0.881708341104294,0.4,0.666666666666667,0.25,0.976190476190476
"2689",54,50,100,50,5,0.5,0.5,1,0.5,0.8,3,TRUE,0.9,FALSE,0.75,0,0,"ACPtrial54",0.874922319831081,0.977665625224891,1,0.422222222222222,0.142857142857143,1
"2690",54,50,100,50,5,0.5,0.5,1,0.5,0.8,3,TRUE,0.9,FALSE,0.75,0,0,"ACPtrial54",1.25116903786906,1.00799485129539,1,0.488888888888889,0.714285714285714,1
"2691",54,50,100,50,5,0.5,0.5,1,0.5,0.8,3,TRUE,0.9,FALSE,0.75,0,0,"ACPtrial54",0.725300450072421,0.801018500823903,0.8,0.755555555555556,0.375,1
"2692",54,50,100,50,5,0.5,0.5,1,0.5,0.8,3,TRUE,0.9,FALSE,0.75,0,0,"ACPtrial54",0.653778616570575,0.775748691103161,1,0.644444444444444,0.666666666666667,0.931818181818182
"2693",54,50,100,50,5,0.5,0.5,1,0.5,0.8,3,TRUE,0.9,FALSE,0.75,0,0,"ACPtrial54",0.942885345740688,0.838153931110144,1,0.466666666666667,0.375,1
"2694",54,50,100,50,5,0.5,0.5,1,0.5,0.8,3,TRUE,0.9,FALSE,0.75,0,0,"ACPtrial54",0.669127566114657,0.826768483983708,1,0.577777777777778,0.428571428571429,1
"2695",54,50,100,50,5,0.5,0.5,1,0.5,0.8,3,TRUE,0.9,FALSE,0.75,0,0,"ACPtrial54",0.959306193058992,0.819592633388758,0.8,0.533333333333333,0.333333333333333,0.975609756097561
"2696",54,50,100,50,5,0.5,0.5,1,0.5,0.8,3,TRUE,0.9,FALSE,0.75,0,0,"ACPtrial54",0.645930031637822,0.74672627436672,0.6,0.711111111111111,0.2,0.975
"2697",54,50,100,50,5,0.5,0.5,1,0.5,0.8,3,TRUE,0.9,FALSE,0.75,0,0,"ACPtrial54",1.04097477129532,0.932639398682594,1,0.355555555555556,0.333333333333333,0.977272727272727
"2698",54,50,100,50,5,0.5,0.5,1,0.5,0.8,3,TRUE,0.9,FALSE,0.75,0,0,"ACPtrial54",0.715759510202377,0.71878520506831,0.6,0.644444444444444,0.5,0.977272727272727
"2699",54,50,100,50,5,0.5,0.5,1,0.5,0.8,3,TRUE,0.9,FALSE,0.75,0,0,"ACPtrial54",0.594426124607661,0.767843630621196,0.4,0.866666666666667,0.222222222222222,0.951219512195122
"2700",54,50,100,50,5,0.5,0.5,1,0.5,0.8,3,TRUE,0.9,FALSE,0.75,0,0,"ACPtrial54",0.684606545147492,0.84796374712852,0.6,0.755555555555556,0.285714285714286,0.976744186046512
"2701",55,50,100,50,5,0.5,0.5,1,0.5,0.8,3,TRUE,0.9,FALSE,0.75,0,0,"ACPtrial55",0.820520638348992,0.913806756390151,0.8,0.466666666666667,0.333333333333333,0.931818181818182
"2702",55,50,100,50,5,0.5,0.5,1,0.5,0.8,3,TRUE,0.9,FALSE,0.75,0,0,"ACPtrial55",1.07467497454585,1.09080497970907,1,0.444444444444444,0.428571428571429,1
"2703",55,50,100,50,5,0.5,0.5,1,0.5,0.8,3,TRUE,0.9,FALSE,0.75,0,0,"ACPtrial55",0.859527269565892,0.945953544242797,0.8,0.688888888888889,0.428571428571429,0.976744186046512
"2704",55,50,100,50,5,0.5,0.5,1,0.5,0.8,3,TRUE,0.9,FALSE,0.75,0,0,"ACPtrial55",0.64361917532446,0.827319081333823,0.6,0.533333333333333,0.285714285714286,0.953488372093023
"2705",55,50,100,50,5,0.5,0.5,1,0.5,0.8,3,TRUE,0.9,FALSE,0.75,0,0,"ACPtrial55",0.785362903195687,0.912298377428362,0.8,0.733333333333333,0.272727272727273,1
"2706",55,50,100,50,5,0.5,0.5,1,0.5,0.8,3,TRUE,0.9,FALSE,0.75,0,0,"ACPtrial55",1.01890748619295,0.984868048763147,1,0.355555555555556,0.285714285714286,0.930232558139535
"2707",55,50,100,50,5,0.5,0.5,1,0.5,0.8,3,TRUE,0.9,FALSE,0.75,0,0,"ACPtrial55",0.78149988908787,0.889661173932308,1,0.511111111111111,0.3,0.975
"2708",55,50,100,50,5,0.5,0.5,1,0.5,0.8,3,TRUE,0.9,FALSE,0.75,0,0,"ACPtrial55",0.771390210656135,0.907133853586366,1,0.6,0.6,1
"2709",55,50,100,50,5,0.5,0.5,1,0.5,0.8,3,TRUE,0.9,FALSE,0.75,0,0,"ACPtrial55",0.775599359240463,0.869362849258999,0.8,0.711111111111111,0.428571428571429,1
"2710",55,50,100,50,5,0.5,0.5,1,0.5,0.8,3,TRUE,0.9,FALSE,0.75,0,0,"ACPtrial55",0.765813127889628,0.927999243789565,0.6,0.755555555555556,0.333333333333333,0.931818181818182
"2711",55,50,100,50,5,0.5,0.5,1,0.5,0.8,3,TRUE,0.9,FALSE,0.75,0,0,"ACPtrial55",0.743042848582119,0.898899052327782,0.8,0.711111111111111,0.333333333333333,1
"2712",55,50,100,50,5,0.5,0.5,1,0.5,0.8,3,TRUE,0.9,FALSE,0.75,0,0,"ACPtrial55",0.720230126557046,0.897727086822864,1,0.422222222222222,0.333333333333333,0.931818181818182
"2713",55,50,100,50,5,0.5,0.5,1,0.5,0.8,3,TRUE,0.9,FALSE,0.75,0,0,"ACPtrial55",0.861963361165405,1.0313771847756,1,0.733333333333333,0.444444444444444,0.975609756097561
"2714",55,50,100,50,5,0.5,0.5,1,0.5,0.8,3,TRUE,0.9,FALSE,0.75,0,0,"ACPtrial55",0.80751518434746,0.814896185700644,0.4,0.466666666666667,0.333333333333333,0.977272727272727
"2715",55,50,100,50,5,0.5,0.5,1,0.5,0.8,3,TRUE,0.9,FALSE,0.75,0,0,"ACPtrial55",0.717510560574038,0.775864995481149,0.4,0.488888888888889,0.333333333333333,0.951219512195122
"2716",55,50,100,50,5,0.5,0.5,1,0.5,0.8,3,TRUE,0.9,FALSE,0.75,0,0,"ACPtrial55",0.832736851852331,1.00182921690139,0.8,0.555555555555556,0.3,0.975
"2717",55,50,100,50,5,0.5,0.5,1,0.5,0.8,3,TRUE,0.9,FALSE,0.75,0,0,"ACPtrial55",0.950743296577017,0.965427304108669,0.6,0.644444444444444,0.25,0.928571428571429
"2718",55,50,100,50,5,0.5,0.5,1,0.5,0.8,3,TRUE,0.9,FALSE,0.75,0,0,"ACPtrial55",0.919848077767227,0.910891329186529,0.6,0.466666666666667,0.3,0.975
"2719",55,50,100,50,5,0.5,0.5,1,0.5,0.8,3,TRUE,0.9,FALSE,0.75,0,0,"ACPtrial55",0.979172151767294,0.952887492049118,1,0.377777777777778,0.333333333333333,0.81578947368421
"2720",55,50,100,50,5,0.5,0.5,1,0.5,0.8,3,TRUE,0.9,FALSE,0.75,0,0,"ACPtrial55",0.780108754907523,0.770953009484699,1,0.355555555555556,0.833333333333333,0.909090909090909
"2721",55,50,100,50,5,0.5,0.5,1,0.5,0.8,3,TRUE,0.9,FALSE,0.75,0,0,"ACPtrial55",0.6777660628072,0.824661037879429,0.4,0.866666666666667,0.4,0.977777777777778
"2722",55,50,100,50,5,0.5,0.5,1,0.5,0.8,3,TRUE,0.9,FALSE,0.75,0,0,"ACPtrial55",0.785151845874823,0.879016502185275,0.6,0.733333333333333,0.285714285714286,0.953488372093023
"2723",55,50,100,50,5,0.5,0.5,1,0.5,0.8,3,TRUE,0.9,FALSE,0.75,0,0,"ACPtrial55",0.9438639073017,0.825001998194642,0.8,0.4,0.4,1
"2724",55,50,100,50,5,0.5,0.5,1,0.5,0.8,3,TRUE,0.9,FALSE,0.75,0,0,"ACPtrial55",0.861042132999144,0.818084481043165,0.6,0.622222222222222,0.4,0.977777777777778
"2725",55,50,100,50,5,0.5,0.5,1,0.5,0.8,3,TRUE,0.9,FALSE,0.75,0,0,"ACPtrial55",0.654041716623288,0.864900481268673,0.8,0.8,0.333333333333333,0.975609756097561
"2726",55,50,100,50,5,0.5,0.5,1,0.5,0.8,3,TRUE,0.9,FALSE,0.75,0,0,"ACPtrial55",0.660212882327567,0.718864544365498,0.6,0.622222222222222,0.285714285714286,1
"2727",55,50,100,50,5,0.5,0.5,1,0.5,0.8,3,TRUE,0.9,FALSE,0.75,0,0,"ACPtrial55",0.83784491662257,0.854625175897119,1,0.6,1,0.909090909090909
"2728",55,50,100,50,5,0.5,0.5,1,0.5,0.8,3,TRUE,0.9,FALSE,0.75,0,0,"ACPtrial55",0.732312958474766,0.726728517657692,1,0.511111111111111,0.333333333333333,0.977272727272727
"2729",55,50,100,50,5,0.5,0.5,1,0.5,0.8,3,TRUE,0.9,FALSE,0.75,0,0,"ACPtrial55",1.28381241782202,0.851379628223322,1,0.244444444444444,0.625,0.952380952380952
"2730",55,50,100,50,5,0.5,0.5,1,0.5,0.8,3,TRUE,0.9,FALSE,0.75,0,0,"ACPtrial55",1.28627093693752,1.01452364014511,0.8,0.577777777777778,0.571428571428571,1
"2731",55,50,100,50,5,0.5,0.5,1,0.5,0.8,3,TRUE,0.9,FALSE,0.75,0,0,"ACPtrial55",0.75707278853502,0.834613457338488,0.8,0.577777777777778,0.5,0.904761904761905
"2732",55,50,100,50,5,0.5,0.5,1,0.5,0.8,3,TRUE,0.9,FALSE,0.75,0,0,"ACPtrial55",0.961509985441991,0.861007045117737,0.8,0.377777777777778,0.571428571428571,0.976744186046512
"2733",55,50,100,50,5,0.5,0.5,1,0.5,0.8,3,TRUE,0.9,FALSE,0.75,0,0,"ACPtrial55",0.809240423096833,0.945885497878655,0.8,0.6,0.384615384615385,0.972972972972973
"2734",55,50,100,50,5,0.5,0.5,1,0.5,0.8,3,TRUE,0.9,FALSE,0.75,0,0,"ACPtrial55",1.34203943392032,0.677788820456368,1,0.111111111111111,0.333333333333333,0.977272727272727
"2735",55,50,100,50,5,0.5,0.5,1,0.5,0.8,3,TRUE,0.9,FALSE,0.75,0,0,"ACPtrial55",0.74636059152647,0.730259762714442,0.6,0.755555555555556,0.25,1
"2736",55,50,100,50,5,0.5,0.5,1,0.5,0.8,3,TRUE,0.9,FALSE,0.75,0,0,"ACPtrial55",0.890382527813071,0.989650441257996,0.6,0.444444444444444,0.222222222222222,0.951219512195122
"2737",55,50,100,50,5,0.5,0.5,1,0.5,0.8,3,TRUE,0.9,FALSE,0.75,0,0,"ACPtrial55",0.701388763828829,0.85447509362921,0.6,0.755555555555556,0.6,1
"2738",55,50,100,50,5,0.5,0.5,1,0.5,0.8,3,TRUE,0.9,FALSE,0.75,0,0,"ACPtrial55",1.03718797625206,1.0503154960756,0.6,0.688888888888889,0.285714285714286,0.976744186046512
"2739",55,50,100,50,5,0.5,0.5,1,0.5,0.8,3,TRUE,0.9,FALSE,0.75,0,0,"ACPtrial55",0.792000003969799,0.761268728127757,0.6,0.6,0.428571428571429,0.976744186046512
"2740",55,50,100,50,5,0.5,0.5,1,0.5,0.8,3,TRUE,0.9,FALSE,0.75,0,0,"ACPtrial55",0.669385971791672,0.896949577241347,0.8,0.688888888888889,0.5,1
"2741",55,50,100,50,5,0.5,0.5,1,0.5,0.8,3,TRUE,0.9,FALSE,0.75,0,0,"ACPtrial55",0.877177164586665,0.959603248420772,0.8,0.577777777777778,0.444444444444444,0.926829268292683
"2742",55,50,100,50,5,0.5,0.5,1,0.5,0.8,3,TRUE,0.9,FALSE,0.75,0,0,"ACPtrial55",0.803257695707195,0.837003273409641,1,0.6,0.3,0.95
"2743",55,50,100,50,5,0.5,0.5,1,0.5,0.8,3,TRUE,0.9,FALSE,0.75,0,0,"ACPtrial55",0.721066495908256,0.713294546180621,0.4,0.666666666666667,0.285714285714286,0.976744186046512
"2744",55,50,100,50,5,0.5,0.5,1,0.5,0.8,3,TRUE,0.9,FALSE,0.75,0,0,"ACPtrial55",0.729933359378977,0.779709105101296,0.6,0.644444444444444,0.375,0.952380952380952
"2745",55,50,100,50,5,0.5,0.5,1,0.5,0.8,3,TRUE,0.9,FALSE,0.75,0,0,"ACPtrial55",0.624702831458225,0.755708330780189,0.8,0.6,0.25,0.952380952380952
"2746",55,50,100,50,5,0.5,0.5,1,0.5,0.8,3,TRUE,0.9,FALSE,0.75,0,0,"ACPtrial55",0.588869673185241,0.922002604168417,0.8,0.844444444444444,0.428571428571429,1
"2747",55,50,100,50,5,0.5,0.5,1,0.5,0.8,3,TRUE,0.9,FALSE,0.75,0,0,"ACPtrial55",0.545297803019814,0.740160388933377,0.8,0.577777777777778,0.125,0.976190476190476
"2748",55,50,100,50,5,0.5,0.5,1,0.5,0.8,3,TRUE,0.9,FALSE,0.75,0,0,"ACPtrial55",0.920931611477126,0.878757371621706,1,0.444444444444444,0.428571428571429,1
"2749",55,50,100,50,5,0.5,0.5,1,0.5,0.8,3,TRUE,0.9,FALSE,0.75,0,0,"ACPtrial55",1.02805276501509,0.934225888479413,1,0.422222222222222,0.833333333333333,0.886363636363636
"2750",55,50,100,50,5,0.5,0.5,1,0.5,0.8,3,TRUE,0.9,FALSE,0.75,0,0,"ACPtrial55",0.749970331675599,0.858936788721684,1,0.755555555555556,0.375,0.928571428571429
"2751",56,50,100,50,5,0.5,0.5,1,0.5,0.8,3,TRUE,0.9,FALSE,0.75,0,0,"ACPtrial56",0.851026605885289,0.936999511576074,0.8,0.777777777777778,0.285714285714286,1
"2752",56,50,100,50,5,0.5,0.5,1,0.5,0.8,3,TRUE,0.9,FALSE,0.75,0,0,"ACPtrial56",0.875341528517044,0.856354289967679,1,0.511111111111111,0.428571428571429,0.976744186046512
"2753",56,50,100,50,5,0.5,0.5,1,0.5,0.8,3,TRUE,0.9,FALSE,0.75,0,0,"ACPtrial56",1.71605676952201,0.774384800938948,0.8,0.133333333333333,0.428571428571429,1
"2754",56,50,100,50,5,0.5,0.5,1,0.5,0.8,3,TRUE,0.9,FALSE,0.75,0,0,"ACPtrial56",1.2491085531984,0.996116997942897,1,0.266666666666667,0.8,0.933333333333333
"2755",56,50,100,50,5,0.5,0.5,1,0.5,0.8,3,TRUE,0.9,FALSE,0.75,0,0,"ACPtrial56",1.02560082269842,0.858150792901296,1,0.244444444444444,0.4,0.933333333333333
"2756",56,50,100,50,5,0.5,0.5,1,0.5,0.8,3,TRUE,0.9,FALSE,0.75,0,0,"ACPtrial56",0.706963282753253,0.772952673303781,1,0.622222222222222,0.8,1
"2757",56,50,100,50,5,0.5,0.5,1,0.5,0.8,3,TRUE,0.9,FALSE,0.75,0,0,"ACPtrial56",1.1205527198619,0.913876937922589,1,0.377777777777778,0.3,0.975
"2758",56,50,100,50,5,0.5,0.5,1,0.5,0.8,3,TRUE,0.9,FALSE,0.75,0,0,"ACPtrial56",0.908638785662515,0.912870994695365,0.8,0.666666666666667,0.833333333333333,0.909090909090909
"2759",56,50,100,50,5,0.5,0.5,1,0.5,0.8,3,TRUE,0.9,FALSE,0.75,0,0,"ACPtrial56",0.90605743582182,0.868413829861381,1,0.555555555555556,0.666666666666667,1
"2760",56,50,100,50,5,0.5,0.5,1,0.5,0.8,3,TRUE,0.9,FALSE,0.75,0,0,"ACPtrial56",1.25505372547057,0.996930967666584,1,0.488888888888889,0.5,1
"2761",56,50,100,50,5,0.5,0.5,1,0.5,0.8,3,TRUE,0.9,FALSE,0.75,0,0,"ACPtrial56",1.03493039451331,1.09039409645759,0.8,0.622222222222222,0.555555555555556,0.975609756097561
"2762",56,50,100,50,5,0.5,0.5,1,0.5,0.8,3,TRUE,0.9,FALSE,0.75,0,0,"ACPtrial56",0.993255766764873,0.978255328491621,1,0.266666666666667,0.5,0.928571428571429
"2763",56,50,100,50,5,0.5,0.5,1,0.5,0.8,3,TRUE,0.9,FALSE,0.75,0,0,"ACPtrial56",0.939470379518389,0.795404736069769,0.8,0.4,0.333333333333333,0.951219512195122
"2764",56,50,100,50,5,0.5,0.5,1,0.5,0.8,3,TRUE,0.9,FALSE,0.75,0,0,"ACPtrial56",0.711440481382094,0.933531503662453,1,0.888888888888889,0.666666666666667,0.977272727272727
"2765",56,50,100,50,5,0.5,0.5,1,0.5,0.8,3,TRUE,0.9,FALSE,0.75,0,0,"ACPtrial56",1.51667234732311,0.835212257303921,0.8,0.244444444444444,0.285714285714286,0.930232558139535
"2766",56,50,100,50,5,0.5,0.5,1,0.5,0.8,3,TRUE,0.9,FALSE,0.75,0,0,"ACPtrial56",1.22276740926882,0.839820687478747,0.6,0.2,0.25,0.976190476190476
"2767",56,50,100,50,5,0.5,0.5,1,0.5,0.8,3,TRUE,0.9,FALSE,0.75,0,0,"ACPtrial56",0.573412384214825,0.743276115946302,0.4,0.666666666666667,0.25,0.952380952380952
"2768",56,50,100,50,5,0.5,0.5,1,0.5,0.8,3,TRUE,0.9,FALSE,0.75,0,0,"ACPtrial56",0.81275457933909,0.823155559213141,0.4,0.555555555555556,0.333333333333333,0.931818181818182
"2769",56,50,100,50,5,0.5,0.5,1,0.5,0.8,3,TRUE,0.9,FALSE,0.75,0,0,"ACPtrial56",0.820080676690521,0.868088412568958,1,0.466666666666667,0.833333333333333,1
"2770",56,50,100,50,5,0.5,0.5,1,0.5,0.8,3,TRUE,0.9,FALSE,0.75,0,0,"ACPtrial56",0.955211526042002,0.946675263657587,1,0.622222222222222,0.833333333333333,1
"2771",56,50,100,50,5,0.5,0.5,1,0.5,0.8,3,TRUE,0.9,FALSE,0.75,0,0,"ACPtrial56",0.702655809748993,0.934689814340318,0.8,0.777777777777778,0.5,1
"2772",56,50,100,50,5,0.5,0.5,1,0.5,0.8,3,TRUE,0.9,FALSE,0.75,0,0,"ACPtrial56",0.702692811312225,0.7817898562875,0.8,0.422222222222222,0.166666666666667,1
"2773",56,50,100,50,5,0.5,0.5,1,0.5,0.8,3,TRUE,0.9,FALSE,0.75,0,0,"ACPtrial56",0.769538484874101,0.82706557684635,1,0.711111111111111,0.375,0.976190476190476
"2774",56,50,100,50,5,0.5,0.5,1,0.5,0.8,3,TRUE,0.9,FALSE,0.75,0,0,"ACPtrial56",0.946768825525982,1.02508406815892,1,0.6,0.333333333333333,0.975609756097561
"2775",56,50,100,50,5,0.5,0.5,1,0.5,0.8,3,TRUE,0.9,FALSE,0.75,0,0,"ACPtrial56",0.577859486264709,0.813759004593816,0.8,0.6,0.5,1
"2776",56,50,100,50,5,0.5,0.5,1,0.5,0.8,3,TRUE,0.9,FALSE,0.75,0,0,"ACPtrial56",0.823083136464381,0.890280271730918,1,0.511111111111111,0.444444444444444,0.951219512195122
"2777",56,50,100,50,5,0.5,0.5,1,0.5,0.8,3,TRUE,0.9,FALSE,0.75,0,0,"ACPtrial56",0.770555046725238,0.781559021234619,1,0.488888888888889,0.5,0.976190476190476
"2778",56,50,100,50,5,0.5,0.5,1,0.5,0.8,3,TRUE,0.9,FALSE,0.75,0,0,"ACPtrial56",1.14216547775585,0.956097428002611,0.8,0.466666666666667,0.25,0.976190476190476
"2779",56,50,100,50,5,0.5,0.5,1,0.5,0.8,3,TRUE,0.9,FALSE,0.75,0,0,"ACPtrial56",0.774702088904214,0.84751081907544,0.4,0.755555555555556,0.285714285714286,0.953488372093023
"2780",56,50,100,50,5,0.5,0.5,1,0.5,0.8,3,TRUE,0.9,FALSE,0.75,0,0,"ACPtrial56",0.798624973300857,0.96558454216113,0.4,0.711111111111111,0.25,0.976190476190476
"2781",56,50,100,50,5,0.5,0.5,1,0.5,0.8,3,TRUE,0.9,FALSE,0.75,0,0,"ACPtrial56",0.52868377592108,0.727257051863713,0.8,0.711111111111111,0.333333333333333,0.926829268292683
"2782",56,50,100,50,5,0.5,0.5,1,0.5,0.8,3,TRUE,0.9,FALSE,0.75,0,0,"ACPtrial56",1.0283180047321,0.966532715756782,0.8,0.755555555555556,0.4,0.977777777777778
"2783",56,50,100,50,5,0.5,0.5,1,0.5,0.8,3,TRUE,0.9,FALSE,0.75,0,0,"ACPtrial56",0.831723417906817,1.0686221578863,1,0.733333333333333,0.181818181818182,1
"2784",56,50,100,50,5,0.5,0.5,1,0.5,0.8,3,TRUE,0.9,FALSE,0.75,0,0,"ACPtrial56",0.849445759556438,0.903848121866221,1,0.555555555555556,0.428571428571429,0.976744186046512
"2785",56,50,100,50,5,0.5,0.5,1,0.5,0.8,3,TRUE,0.9,FALSE,0.75,0,0,"ACPtrial56",0.544147046421956,0.830090245281614,0.8,0.644444444444444,0.375,0.952380952380952
"2786",56,50,100,50,5,0.5,0.5,1,0.5,0.8,3,TRUE,0.9,FALSE,0.75,0,0,"ACPtrial56",0.975709687213943,0.95350639914245,0.8,0.644444444444444,0.666666666666667,1
"2787",56,50,100,50,5,0.5,0.5,1,0.5,0.8,3,TRUE,0.9,FALSE,0.75,0,0,"ACPtrial56",1.05953821399682,0.978617253974622,0.8,0.466666666666667,0.25,0.952380952380952
"2788",56,50,100,50,5,0.5,0.5,1,0.5,0.8,3,TRUE,0.9,FALSE,0.75,0,0,"ACPtrial56",0.922966792134105,0.978672927263774,1,0.4,0.333333333333333,0.977272727272727
"2789",56,50,100,50,5,0.5,0.5,1,0.5,0.8,3,TRUE,0.9,FALSE,0.75,0,0,"ACPtrial56",1.0240425746226,0.936331838561315,0.6,0.533333333333333,0.571428571428571,0.930232558139535
"2790",56,50,100,50,5,0.5,0.5,1,0.5,0.8,3,TRUE,0.9,FALSE,0.75,0,0,"ACPtrial56",0.831889150414365,0.919121107707252,1,0.733333333333333,0.833333333333333,0.954545454545455
"2791",56,50,100,50,5,0.5,0.5,1,0.5,0.8,3,TRUE,0.9,FALSE,0.75,0,0,"ACPtrial56",0.91151843564437,0.733400658704649,1,0.2,0.375,1
"2792",56,50,100,50,5,0.5,0.5,1,0.5,0.8,3,TRUE,0.9,FALSE,0.75,0,0,"ACPtrial56",1.22093073168399,0.949553585463412,0.8,0.222222222222222,0.285714285714286,0.976744186046512
"2793",56,50,100,50,5,0.5,0.5,1,0.5,0.8,3,TRUE,0.9,FALSE,0.75,0,0,"ACPtrial56",0.667965859915258,0.921554078154416,1,0.666666666666667,0.5,1
"2794",56,50,100,50,5,0.5,0.5,1,0.5,0.8,3,TRUE,0.9,FALSE,0.75,0,0,"ACPtrial56",0.606842913543977,0.912132398657008,1,0.533333333333333,0.6,0.955555555555556
"2795",56,50,100,50,5,0.5,0.5,1,0.5,0.8,3,TRUE,0.9,FALSE,0.75,0,0,"ACPtrial56",1.22958742268705,1.12117813711806,1,0.333333333333333,0.5,0.975
"2796",56,50,100,50,5,0.5,0.5,1,0.5,0.8,3,TRUE,0.9,FALSE,0.75,0,0,"ACPtrial56",1.23692150714461,0.815911585616281,1,0.177777777777778,0.555555555555556,0.951219512195122
"2797",56,50,100,50,5,0.5,0.5,1,0.5,0.8,3,TRUE,0.9,FALSE,0.75,0,0,"ACPtrial56",0.704199402207473,0.84771314931361,1,0.755555555555556,0.666666666666667,1
"2798",56,50,100,50,5,0.5,0.5,1,0.5,0.8,3,TRUE,0.9,FALSE,0.75,0,0,"ACPtrial56",0.823762869454051,1.03347633972064,0.4,0.8,0.5,0.977272727272727
"2799",56,50,100,50,5,0.5,0.5,1,0.5,0.8,3,TRUE,0.9,FALSE,0.75,0,0,"ACPtrial56",0.67039230554717,0.845703574564095,0.6,0.666666666666667,0.222222222222222,0.975609756097561
"2800",56,50,100,50,5,0.5,0.5,1,0.5,0.8,3,TRUE,0.9,FALSE,0.75,0,0,"ACPtrial56",0.872868389689981,0.85750720155438,0.4,0.688888888888889,0.428571428571429,0.976744186046512
"2801",57,50,100,50,5,0.5,0.5,1,0.5,0.8,3,TRUE,0.9,FALSE,0.75,0,0,"ACPtrial57",0.67446891402332,0.90687174929691,0.6,0.711111111111111,0.428571428571429,1
"2802",57,50,100,50,5,0.5,0.5,1,0.5,0.8,3,TRUE,0.9,FALSE,0.75,0,0,"ACPtrial57",1.00448506140778,0.891098426141199,1,0.511111111111111,0.428571428571429,0.976744186046512
"2803",57,50,100,50,5,0.5,0.5,1,0.5,0.8,3,TRUE,0.9,FALSE,0.75,0,0,"ACPtrial57",0.54210728715813,0.776173384718028,0.6,0.6,0.5,1
"2804",57,50,100,50,5,0.5,0.5,1,0.5,0.8,3,TRUE,0.9,FALSE,0.75,0,0,"ACPtrial57",0.891270802381511,0.939165891317977,0.4,0.577777777777778,0.181818181818182,0.974358974358974
"2805",57,50,100,50,5,0.5,0.5,1,0.5,0.8,3,TRUE,0.9,FALSE,0.75,0,0,"ACPtrial57",1.15026549108248,0.934546205284263,0.4,0.355555555555556,0.285714285714286,0.976744186046512
"2806",57,50,100,50,5,0.5,0.5,1,0.5,0.8,3,TRUE,0.9,FALSE,0.75,0,0,"ACPtrial57",0.966791647295985,0.770793414451513,0.8,0.244444444444444,0.714285714285714,0.953488372093023
"2807",57,50,100,50,5,0.5,0.5,1,0.5,0.8,3,TRUE,0.9,FALSE,0.75,0,0,"ACPtrial57",0.946068722683263,0.925535219886336,0.6,0.488888888888889,0.285714285714286,0.976744186046512
"2808",57,50,100,50,5,0.5,0.5,1,0.5,0.8,3,TRUE,0.9,FALSE,0.75,0,0,"ACPtrial57",0.626515664570947,0.802119473900797,0.4,0.844444444444444,0.333333333333333,1
"2809",57,50,100,50,5,0.5,0.5,1,0.5,0.8,3,TRUE,0.9,FALSE,0.75,0,0,"ACPtrial57",1.36955694564183,0.853969841658558,1,0.266666666666667,0.571428571428571,0.953488372093023
"2810",57,50,100,50,5,0.5,0.5,1,0.5,0.8,3,TRUE,0.9,FALSE,0.75,0,0,"ACPtrial57",0.777883023724399,0.862511515477959,0.8,0.488888888888889,0.333333333333333,0.977272727272727
"2811",57,50,100,50,5,0.5,0.5,1,0.5,0.8,3,TRUE,0.9,FALSE,0.75,0,0,"ACPtrial57",0.732205359543702,0.776270280438309,0.8,0.666666666666667,0.25,1
"2812",57,50,100,50,5,0.5,0.5,1,0.5,0.8,3,TRUE,0.9,FALSE,0.75,0,0,"ACPtrial57",0.82455802839498,0.903880181313116,1,0.533333333333333,0.666666666666667,0.886363636363636
"2813",57,50,100,50,5,0.5,0.5,1,0.5,0.8,3,TRUE,0.9,FALSE,0.75,0,0,"ACPtrial57",0.961897957294924,0.772846817757058,1,0.422222222222222,1,0.954545454545455
"2814",57,50,100,50,5,0.5,0.5,1,0.5,0.8,3,TRUE,0.9,FALSE,0.75,0,0,"ACPtrial57",1.24223047756714,0.990494944567254,1,0.266666666666667,0.333333333333333,0.977272727272727
"2815",57,50,100,50,5,0.5,0.5,1,0.5,0.8,3,TRUE,0.9,FALSE,0.75,0,0,"ACPtrial57",0.511871761237267,0.686953379651247,0.8,0.644444444444444,0.363636363636364,0.974358974358974
"2816",57,50,100,50,5,0.5,0.5,1,0.5,0.8,3,TRUE,0.9,FALSE,0.75,0,0,"ACPtrial57",0.631094796543604,0.829444329928005,1,0.6,0.333333333333333,0.954545454545455
"2817",57,50,100,50,5,0.5,0.5,1,0.5,0.8,3,TRUE,0.9,FALSE,0.75,0,0,"ACPtrial57",1.13937101529948,1.00394532285174,0.8,0.133333333333333,0.333333333333333,0.863636363636364
"2818",57,50,100,50,5,0.5,0.5,1,0.5,0.8,3,TRUE,0.9,FALSE,0.75,0,0,"ACPtrial57",0.74648715836973,0.947855449043243,0.6,0.688888888888889,0.375,1
"2819",57,50,100,50,5,0.5,0.5,1,0.5,0.8,3,TRUE,0.9,FALSE,0.75,0,0,"ACPtrial57",0.721494510658202,0.986379429127903,1,0.688888888888889,0.666666666666667,0.977272727272727
"2820",57,50,100,50,5,0.5,0.5,1,0.5,0.8,3,TRUE,0.9,FALSE,0.75,0,0,"ACPtrial57",0.683257127524879,0.85217273218524,1,0.577777777777778,0.444444444444444,0.951219512195122
"2821",57,50,100,50,5,0.5,0.5,1,0.5,0.8,3,TRUE,0.9,FALSE,0.75,0,0,"ACPtrial57",0.952226817382733,0.924200298608832,0.6,0.355555555555556,0.333333333333333,0.931818181818182
"2822",57,50,100,50,5,0.5,0.5,1,0.5,0.8,3,TRUE,0.9,FALSE,0.75,0,0,"ACPtrial57",1.08867965179273,0.969791525466111,0.6,0.711111111111111,0.5,0.977272727272727
"2823",57,50,100,50,5,0.5,0.5,1,0.5,0.8,3,TRUE,0.9,FALSE,0.75,0,0,"ACPtrial57",0.883516073337661,0.955079286243469,1,0.488888888888889,0.833333333333333,0.931818181818182
"2824",57,50,100,50,5,0.5,0.5,1,0.5,0.8,3,TRUE,0.9,FALSE,0.75,0,0,"ACPtrial57",0.688802304343754,0.834800130366984,0.4,0.822222222222222,0.285714285714286,0.976744186046512
"2825",57,50,100,50,5,0.5,0.5,1,0.5,0.8,3,TRUE,0.9,FALSE,0.75,0,0,"ACPtrial57",0.819837877180669,0.890939482969903,0.8,0.622222222222222,0.285714285714286,0.976744186046512
"2826",57,50,100,50,5,0.5,0.5,1,0.5,0.8,3,TRUE,0.9,FALSE,0.75,0,0,"ACPtrial57",0.707477571839016,0.823484871826306,0.4,0.711111111111111,0.333333333333333,1
"2827",57,50,100,50,5,0.5,0.5,1,0.5,0.8,3,TRUE,0.9,FALSE,0.75,0,0,"ACPtrial57",0.831880310712457,1.02995383450217,0.6,0.733333333333333,0.428571428571429,1
"2828",57,50,100,50,5,0.5,0.5,1,0.5,0.8,3,TRUE,0.9,FALSE,0.75,0,0,"ACPtrial57",0.695331066136505,0.721668108804542,0.8,0.466666666666667,0.333333333333333,0.977272727272727
"2829",57,50,100,50,5,0.5,0.5,1,0.5,0.8,3,TRUE,0.9,FALSE,0.75,0,0,"ACPtrial57",1.57556733174029,0.936481330553663,1,0.0888888888888889,0.75,0.952380952380952
"2830",57,50,100,50,5,0.5,0.5,1,0.5,0.8,3,TRUE,0.9,FALSE,0.75,0,0,"ACPtrial57",0.848318201918902,0.992164989653532,0.8,0.622222222222222,0.428571428571429,0.930232558139535
"2831",57,50,100,50,5,0.5,0.5,1,0.5,0.8,3,TRUE,0.9,FALSE,0.75,0,0,"ACPtrial57",0.529599754805267,0.887107228953557,1,0.755555555555556,0.714285714285714,0.976744186046512
"2832",57,50,100,50,5,0.5,0.5,1,0.5,0.8,3,TRUE,0.9,FALSE,0.75,0,0,"ACPtrial57",0.87673753032153,0.937610733452324,1,0.533333333333333,0.666666666666667,1
"2833",57,50,100,50,5,0.5,0.5,1,0.5,0.8,3,TRUE,0.9,FALSE,0.75,0,0,"ACPtrial57",0.96996407373852,0.816304647933426,0.4,0.422222222222222,0.3,0.975
"2834",57,50,100,50,5,0.5,0.5,1,0.5,0.8,3,TRUE,0.9,FALSE,0.75,0,0,"ACPtrial57",0.73968858432896,0.82835095170552,0.8,0.8,0.2,1
"2835",57,50,100,50,5,0.5,0.5,1,0.5,0.8,3,TRUE,0.9,FALSE,0.75,0,0,"ACPtrial57",0.935143152963399,0.90730225268276,0.4,0.688888888888889,0.333333333333333,0.977272727272727
"2836",57,50,100,50,5,0.5,0.5,1,0.5,0.8,3,TRUE,0.9,FALSE,0.75,0,0,"ACPtrial57",1.22449444679762,1.0460890438428,1,0.422222222222222,0.333333333333333,0.975609756097561
"2837",57,50,100,50,5,0.5,0.5,1,0.5,0.8,3,TRUE,0.9,FALSE,0.75,0,0,"ACPtrial57",0.679297895864933,0.806992627342157,1,0.511111111111111,0.333333333333333,0.975609756097561
"2838",57,50,100,50,5,0.5,0.5,1,0.5,0.8,3,TRUE,0.9,FALSE,0.75,0,0,"ACPtrial57",0.782559728516266,0.817430721335556,0.2,0.755555555555556,0.25,1
"2839",57,50,100,50,5,0.5,0.5,1,0.5,0.8,3,TRUE,0.9,FALSE,0.75,0,0,"ACPtrial57",0.865708626032891,1.04310229600036,0.6,0.711111111111111,0.428571428571429,1
"2840",57,50,100,50,5,0.5,0.5,1,0.5,0.8,3,TRUE,0.9,FALSE,0.75,0,0,"ACPtrial57",0.798486801378913,0.796669426116204,1,0.466666666666667,0.714285714285714,0.953488372093023
"2841",57,50,100,50,5,0.5,0.5,1,0.5,0.8,3,TRUE,0.9,FALSE,0.75,0,0,"ACPtrial57",1.0106102631815,0.913212970364351,1,0.422222222222222,0.428571428571429,0.976744186046512
"2842",57,50,100,50,5,0.5,0.5,1,0.5,0.8,3,TRUE,0.9,FALSE,0.75,0,0,"ACPtrial57",0.894022962563968,0.833308402792855,0.4,0.622222222222222,0.375,0.976190476190476
"2843",57,50,100,50,5,0.5,0.5,1,0.5,0.8,3,TRUE,0.9,FALSE,0.75,0,0,"ACPtrial57",0.647517140720993,0.79277112470275,1,0.666666666666667,0.5,0.977272727272727
"2844",57,50,100,50,5,0.5,0.5,1,0.5,0.8,3,TRUE,0.9,FALSE,0.75,0,0,"ACPtrial57",0.776102342599916,0.941678622126166,0.6,0.755555555555556,0.5,0.931818181818182
"2845",57,50,100,50,5,0.5,0.5,1,0.5,0.8,3,TRUE,0.9,FALSE,0.75,0,0,"ACPtrial57",0.775804825056455,0.782789555590107,0.8,0.622222222222222,0.4,0.911111111111111
"2846",57,50,100,50,5,0.5,0.5,1,0.5,0.8,3,TRUE,0.9,FALSE,0.75,0,0,"ACPtrial57",1.18530628925225,1.01889385228786,1,0.577777777777778,0.666666666666667,0.951219512195122
"2847",57,50,100,50,5,0.5,0.5,1,0.5,0.8,3,TRUE,0.9,FALSE,0.75,0,0,"ACPtrial57",0.777524229859905,0.831100193239309,1,0.622222222222222,0.571428571428571,0.930232558139535
"2848",57,50,100,50,5,0.5,0.5,1,0.5,0.8,3,TRUE,0.9,FALSE,0.75,0,0,"ACPtrial57",1.23380053453842,0.927522129280162,0.8,0.111111111111111,0.333333333333333,0.954545454545455
"2849",57,50,100,50,5,0.5,0.5,1,0.5,0.8,3,TRUE,0.9,FALSE,0.75,0,0,"ACPtrial57",0.726195871089202,0.894844470200658,1,0.644444444444444,0.285714285714286,0.906976744186046
"2850",57,50,100,50,5,0.5,0.5,1,0.5,0.8,3,TRUE,0.9,FALSE,0.75,0,0,"ACPtrial57",0.875486238031939,0.815523392267855,0.6,0.6,0.2,1
"2851",58,50,100,50,5,0.5,0.5,1,0.5,0.8,3,TRUE,0.9,FALSE,0.75,0,0,"ACPtrial58",0.743075812490322,0.981861682755854,1,0.644444444444444,0.833333333333333,0.954545454545455
"2852",58,50,100,50,5,0.5,0.5,1,0.5,0.8,3,TRUE,0.9,FALSE,0.75,0,0,"ACPtrial58",0.772297690863292,0.859810701648649,1,0.533333333333333,0.444444444444444,0.975609756097561
"2853",58,50,100,50,5,0.5,0.5,1,0.5,0.8,3,TRUE,0.9,FALSE,0.75,0,0,"ACPtrial58",0.906789946797046,0.844151700940681,0.8,0.533333333333333,0.428571428571429,1
"2854",58,50,100,50,5,0.5,0.5,1,0.5,0.8,3,TRUE,0.9,FALSE,0.75,0,0,"ACPtrial58",1.19143113868866,0.83145539572621,1,0.311111111111111,0.4,0.977777777777778
"2855",58,50,100,50,5,0.5,0.5,1,0.5,0.8,3,TRUE,0.9,FALSE,0.75,0,0,"ACPtrial58",1.29499710784025,0.915946190208594,1,0.288888888888889,0.666666666666667,0.909090909090909
"2856",58,50,100,50,5,0.5,0.5,1,0.5,0.8,3,TRUE,0.9,FALSE,0.75,0,0,"ACPtrial58",0.629170911348243,0.799802063378823,1,0.555555555555556,0.5,0.976190476190476
"2857",58,50,100,50,5,0.5,0.5,1,0.5,0.8,3,TRUE,0.9,FALSE,0.75,0,0,"ACPtrial58",0.636829500936599,0.808326399250695,0.6,0.777777777777778,0.285714285714286,1
"2858",58,50,100,50,5,0.5,0.5,1,0.5,0.8,3,TRUE,0.9,FALSE,0.75,0,0,"ACPtrial58",0.692315195003366,0.831636642144822,1,0.577777777777778,0.5,0.952380952380952
"2859",58,50,100,50,5,0.5,0.5,1,0.5,0.8,3,TRUE,0.9,FALSE,0.75,0,0,"ACPtrial58",0.682230559597305,0.790798864313955,1,0.2,0.428571428571429,0.930232558139535
"2860",58,50,100,50,5,0.5,0.5,1,0.5,0.8,3,TRUE,0.9,FALSE,0.75,0,0,"ACPtrial58",0.739035860407721,0.804335058953804,0.8,0.577777777777778,0.833333333333333,0.954545454545455
"2861",58,50,100,50,5,0.5,0.5,1,0.5,0.8,3,TRUE,0.9,FALSE,0.75,0,0,"ACPtrial58",0.716587923866938,0.781524537947754,1,0.577777777777778,1,0.977777777777778
"2862",58,50,100,50,5,0.5,0.5,1,0.5,0.8,3,TRUE,0.9,FALSE,0.75,0,0,"ACPtrial58",0.699839458856426,0.929814731294117,1,0.755555555555556,0.363636363636364,0.974358974358974
"2863",58,50,100,50,5,0.5,0.5,1,0.5,0.8,3,TRUE,0.9,FALSE,0.75,0,0,"ACPtrial58",0.864896720604205,0.788364616626339,0.8,0.444444444444444,0.666666666666667,0.931818181818182
"2864",58,50,100,50,5,0.5,0.5,1,0.5,0.8,3,TRUE,0.9,FALSE,0.75,0,0,"ACPtrial58",1.02674163987007,0.900103087944619,1,0.533333333333333,0.285714285714286,0.906976744186046
"2865",58,50,100,50,5,0.5,0.5,1,0.5,0.8,3,TRUE,0.9,FALSE,0.75,0,0,"ACPtrial58",0.956392425602491,0.916927119635798,1,0.333333333333333,0.625,0.928571428571429
"2866",58,50,100,50,5,0.5,0.5,1,0.5,0.8,3,TRUE,0.9,FALSE,0.75,0,0,"ACPtrial58",0.868187114035498,0.858053581166023,1,0.266666666666667,0.4,0.955555555555556
"2867",58,50,100,50,5,0.5,0.5,1,0.5,0.8,3,TRUE,0.9,FALSE,0.75,0,0,"ACPtrial58",0.837057765519268,0.874999558257507,0.8,0.466666666666667,0.285714285714286,0.976744186046512
"2868",58,50,100,50,5,0.5,0.5,1,0.5,0.8,3,TRUE,0.9,FALSE,0.75,0,0,"ACPtrial58",1.06283000821785,0.821597576708741,0.6,0.466666666666667,0.25,1
"2869",58,50,100,50,5,0.5,0.5,1,0.5,0.8,3,TRUE,0.9,FALSE,0.75,0,0,"ACPtrial58",0.775179616304574,0.879273924072585,0.8,0.755555555555556,0.5,0.931818181818182
"2870",58,50,100,50,5,0.5,0.5,1,0.5,0.8,3,TRUE,0.9,FALSE,0.75,0,0,"ACPtrial58",1.04684179110388,0.764418074181915,1,0.422222222222222,0.4,0.977777777777778
"2871",58,50,100,50,5,0.5,0.5,1,0.5,0.8,3,TRUE,0.9,FALSE,0.75,0,0,"ACPtrial58",0.851094728972428,0.897323717925838,1,0.622222222222222,0.625,0.976190476190476
"2872",58,50,100,50,5,0.5,0.5,1,0.5,0.8,3,TRUE,0.9,FALSE,0.75,0,0,"ACPtrial58",0.674839971914048,0.81387126298161,1,0.511111111111111,0.714285714285714,1
"2873",58,50,100,50,5,0.5,0.5,1,0.5,0.8,3,TRUE,0.9,FALSE,0.75,0,0,"ACPtrial58",1.00035232045057,0.912134538475658,1,0.2,0.666666666666667,0.954545454545455
"2874",58,50,100,50,5,0.5,0.5,1,0.5,0.8,3,TRUE,0.9,FALSE,0.75,0,0,"ACPtrial58",0.797965061472378,0.899473272707601,1,0.333333333333333,0.571428571428571,0.906976744186046
"2875",58,50,100,50,5,0.5,0.5,1,0.5,0.8,3,TRUE,0.9,FALSE,0.75,0,0,"ACPtrial58",0.738461765610037,0.711692088742325,0.8,0.444444444444444,0.285714285714286,0.953488372093023
"2876",58,50,100,50,5,0.5,0.5,1,0.5,0.8,3,TRUE,0.9,FALSE,0.75,0,0,"ACPtrial58",0.642936849121515,0.795880574809902,0.8,0.755555555555556,0.5,0.977272727272727
"2877",58,50,100,50,5,0.5,0.5,1,0.5,0.8,3,TRUE,0.9,FALSE,0.75,0,0,"ACPtrial58",1.03209519601085,0.921708341923676,1,0.377777777777778,0.5,1
"2878",58,50,100,50,5,0.5,0.5,1,0.5,0.8,3,TRUE,0.9,FALSE,0.75,0,0,"ACPtrial58",0.84276163115486,0.83473821939737,0.6,0.533333333333333,0.4,0.955555555555556
"2879",58,50,100,50,5,0.5,0.5,1,0.5,0.8,3,TRUE,0.9,FALSE,0.75,0,0,"ACPtrial58",0.87408842851292,0.945817434051229,1,0.6,0.285714285714286,1
"2880",58,50,100,50,5,0.5,0.5,1,0.5,0.8,3,TRUE,0.9,FALSE,0.75,0,0,"ACPtrial58",0.705993037829691,0.746715784197377,0.4,0.666666666666667,0.4,0.977777777777778
"2881",58,50,100,50,5,0.5,0.5,1,0.5,0.8,3,TRUE,0.9,FALSE,0.75,0,0,"ACPtrial58",1.04000881645204,0.929351432411846,1,0.533333333333333,0.6,1
"2882",58,50,100,50,5,0.5,0.5,1,0.5,0.8,3,TRUE,0.9,FALSE,0.75,0,0,"ACPtrial58",1.00050861409933,0.858404648284707,1,0.355555555555556,0.75,0.857142857142857
"2883",58,50,100,50,5,0.5,0.5,1,0.5,0.8,3,TRUE,0.9,FALSE,0.75,0,0,"ACPtrial58",0.778166473996406,0.749157152389586,1,0.222222222222222,0.7,0.975
"2884",58,50,100,50,5,0.5,0.5,1,0.5,0.8,3,TRUE,0.9,FALSE,0.75,0,0,"ACPtrial58",0.72765151857439,1.03229277000435,0.8,0.822222222222222,0.285714285714286,0.930232558139535
"2885",58,50,100,50,5,0.5,0.5,1,0.5,0.8,3,TRUE,0.9,FALSE,0.75,0,0,"ACPtrial58",0.726046359873284,0.919575196803425,0.6,0.733333333333333,0.571428571428571,1
"2886",58,50,100,50,5,0.5,0.5,1,0.5,0.8,3,TRUE,0.9,FALSE,0.75,0,0,"ACPtrial58",0.758998032669642,0.802364534928082,0.8,0.822222222222222,0.25,1
"2887",58,50,100,50,5,0.5,0.5,1,0.5,0.8,3,TRUE,0.9,FALSE,0.75,0,0,"ACPtrial58",0.740120375158388,0.867377854289289,0.6,0.777777777777778,0.4,0.977777777777778
"2888",58,50,100,50,5,0.5,0.5,1,0.5,0.8,3,TRUE,0.9,FALSE,0.75,0,0,"ACPtrial58",0.722819203971491,0.854270926401804,1,0.688888888888889,0.5,0.976190476190476
"2889",58,50,100,50,5,0.5,0.5,1,0.5,0.8,3,TRUE,0.9,FALSE,0.75,0,0,"ACPtrial58",0.799439226200446,0.876174526540359,1,0.577777777777778,0.5,1
"2890",58,50,100,50,5,0.5,0.5,1,0.5,0.8,3,TRUE,0.9,FALSE,0.75,0,0,"ACPtrial58",1.01078933771975,0.955617417514276,1,0.311111111111111,0.5,0.886363636363636
"2891",58,50,100,50,5,0.5,0.5,1,0.5,0.8,3,TRUE,0.9,FALSE,0.75,0,0,"ACPtrial58",0.797084844931227,0.853941267925619,0.4,0.488888888888889,0.333333333333333,0.951219512195122
"2892",58,50,100,50,5,0.5,0.5,1,0.5,0.8,3,TRUE,0.9,FALSE,0.75,0,0,"ACPtrial58",0.650054948371337,0.77874410686517,0.6,0.622222222222222,0.285714285714286,0.953488372093023
"2893",58,50,100,50,5,0.5,0.5,1,0.5,0.8,3,TRUE,0.9,FALSE,0.75,0,0,"ACPtrial58",0.819304950607193,0.723688933554504,1,0.244444444444444,0.5,0.909090909090909
"2894",58,50,100,50,5,0.5,0.5,1,0.5,0.8,3,TRUE,0.9,FALSE,0.75,0,0,"ACPtrial58",1.14966352159558,0.951707382530368,1,0.177777777777778,0.5,1
"2895",58,50,100,50,5,0.5,0.5,1,0.5,0.8,3,TRUE,0.9,FALSE,0.75,0,0,"ACPtrial58",1.13783780827066,1.04443051094584,0.6,0.666666666666667,0.285714285714286,0.930232558139535
"2896",58,50,100,50,5,0.5,0.5,1,0.5,0.8,3,TRUE,0.9,FALSE,0.75,0,0,"ACPtrial58",0.771199460202593,0.843544059339097,0.4,0.8,0.4,1
"2897",58,50,100,50,5,0.5,0.5,1,0.5,0.8,3,TRUE,0.9,FALSE,0.75,0,0,"ACPtrial58",0.700069486363571,0.760908417855613,0.8,0.644444444444444,0.375,0.976190476190476
"2898",58,50,100,50,5,0.5,0.5,1,0.5,0.8,3,TRUE,0.9,FALSE,0.75,0,0,"ACPtrial58",0.69683470030912,0.791202975506592,0.8,0.622222222222222,0.2,0.977777777777778
"2899",58,50,100,50,5,0.5,0.5,1,0.5,0.8,3,TRUE,0.9,FALSE,0.75,0,0,"ACPtrial58",0.970874258611053,0.907742829528189,1,0.355555555555556,0.375,1
"2900",58,50,100,50,5,0.5,0.5,1,0.5,0.8,3,TRUE,0.9,FALSE,0.75,0,0,"ACPtrial58",0.660497273465105,0.780307863746496,0.8,0.6,0.222222222222222,0.878048780487805
"2901",59,50,100,50,5,0.5,0.5,1,0.5,0.8,3,TRUE,0.9,FALSE,0.75,0,0,"ACPtrial59",0.9172240832172,0.966254777687948,0.6,0.555555555555556,0.5,0.886363636363636
"2902",59,50,100,50,5,0.5,0.5,1,0.5,0.8,3,TRUE,0.9,FALSE,0.75,0,0,"ACPtrial59",0.841150408574303,0.931755600149096,0.8,0.666666666666667,0.285714285714286,0.976744186046512
"2903",59,50,100,50,5,0.5,0.5,1,0.5,0.8,3,TRUE,0.9,FALSE,0.75,0,0,"ACPtrial59",1.1157676989294,0.909203276738469,1,0.466666666666667,0.714285714285714,0.976744186046512
"2904",59,50,100,50,5,0.5,0.5,1,0.5,0.8,3,TRUE,0.9,FALSE,0.75,0,0,"ACPtrial59",1.14961964476558,0.891902027414153,0.8,0.444444444444444,0.375,1
"2905",59,50,100,50,5,0.5,0.5,1,0.5,0.8,3,TRUE,0.9,FALSE,0.75,0,0,"ACPtrial59",0.692882443691035,0.787739840638216,0.4,0.688888888888889,0.3,1
"2906",59,50,100,50,5,0.5,0.5,1,0.5,0.8,3,TRUE,0.9,FALSE,0.75,0,0,"ACPtrial59",0.657944722739981,0.917407397937536,1,0.688888888888889,0.666666666666667,1
"2907",59,50,100,50,5,0.5,0.5,1,0.5,0.8,3,TRUE,0.9,FALSE,0.75,0,0,"ACPtrial59",0.814522278088107,0.773083970492145,0.8,0.4,0.222222222222222,0.926829268292683
"2908",59,50,100,50,5,0.5,0.5,1,0.5,0.8,3,TRUE,0.9,FALSE,0.75,0,0,"ACPtrial59",1.00862931854047,0.757215152425631,0.8,0.288888888888889,0.25,1
"2909",59,50,100,50,5,0.5,0.5,1,0.5,0.8,3,TRUE,0.9,FALSE,0.75,0,0,"ACPtrial59",0.7549554469745,0.912613031559315,0.4,0.688888888888889,0.222222222222222,1
"2910",59,50,100,50,5,0.5,0.5,1,0.5,0.8,3,TRUE,0.9,FALSE,0.75,0,0,"ACPtrial59",0.843968450695966,0.865783354297695,0.8,0.6,0.428571428571429,1
"2911",59,50,100,50,5,0.5,0.5,1,0.5,0.8,3,TRUE,0.9,FALSE,0.75,0,0,"ACPtrial59",1.67886043899192,0.878263627431922,0.8,0.133333333333333,0.5,0.954545454545455
"2912",59,50,100,50,5,0.5,0.5,1,0.5,0.8,3,TRUE,0.9,FALSE,0.75,0,0,"ACPtrial59",0.794891708022193,0.802259375181059,0.6,0.444444444444444,0.285714285714286,1
"2913",59,50,100,50,5,0.5,0.5,1,0.5,0.8,3,TRUE,0.9,FALSE,0.75,0,0,"ACPtrial59",1.3060152788554,0.833590254513148,0.8,0.0444444444444444,0.285714285714286,0.976744186046512
"2914",59,50,100,50,5,0.5,0.5,1,0.5,0.8,3,TRUE,0.9,FALSE,0.75,0,0,"ACPtrial59",0.667230403781838,0.75634501932683,1,0.555555555555556,0.666666666666667,0.909090909090909
"2915",59,50,100,50,5,0.5,0.5,1,0.5,0.8,3,TRUE,0.9,FALSE,0.75,0,0,"ACPtrial59",0.911393761792377,0.750557610707315,0.6,0.555555555555556,0.285714285714286,0.953488372093023
"2916",59,50,100,50,5,0.5,0.5,1,0.5,0.8,3,TRUE,0.9,FALSE,0.75,0,0,"ACPtrial59",0.845485598310221,0.878346886093578,1,0.377777777777778,1,0.818181818181818
"2917",59,50,100,50,5,0.5,0.5,1,0.5,0.8,3,TRUE,0.9,FALSE,0.75,0,0,"ACPtrial59",0.828187483226828,0.855403951164289,0.8,0.622222222222222,0.428571428571429,0.930232558139535
"2918",59,50,100,50,5,0.5,0.5,1,0.5,0.8,3,TRUE,0.9,FALSE,0.75,0,0,"ACPtrial59",0.848402844471552,0.840868569196772,0.8,0.377777777777778,0.285714285714286,0.976744186046512
"2919",59,50,100,50,5,0.5,0.5,1,0.5,0.8,3,TRUE,0.9,FALSE,0.75,0,0,"ACPtrial59",0.573439659874113,0.811162624106619,0.8,0.622222222222222,0.2,0.925
"2920",59,50,100,50,5,0.5,0.5,1,0.5,0.8,3,TRUE,0.9,FALSE,0.75,0,0,"ACPtrial59",0.646469392657048,0.986796920059229,1,0.666666666666667,0.333333333333333,1
"2921",59,50,100,50,5,0.5,0.5,1,0.5,0.8,3,TRUE,0.9,FALSE,0.75,0,0,"ACPtrial59",0.924702852928588,0.883792950102512,1,0.488888888888889,0.8,0.866666666666667
"2922",59,50,100,50,5,0.5,0.5,1,0.5,0.8,3,TRUE,0.9,FALSE,0.75,0,0,"ACPtrial59",0.770191152038281,0.661294171036146,0.4,0.733333333333333,0.333333333333333,0.931818181818182
"2923",59,50,100,50,5,0.5,0.5,1,0.5,0.8,3,TRUE,0.9,FALSE,0.75,0,0,"ACPtrial59",0.783752158866634,0.883745827963773,0.6,0.533333333333333,0.25,0.976190476190476
"2924",59,50,100,50,5,0.5,0.5,1,0.5,0.8,3,TRUE,0.9,FALSE,0.75,0,0,"ACPtrial59",1.54395068364833,0.8539908197998,1,0.0444444444444444,0.5,0.931818181818182
"2925",59,50,100,50,5,0.5,0.5,1,0.5,0.8,3,TRUE,0.9,FALSE,0.75,0,0,"ACPtrial59",0.764072373476048,0.863305094905636,0.8,0.666666666666667,0.285714285714286,0.976744186046512
"2926",59,50,100,50,5,0.5,0.5,1,0.5,0.8,3,TRUE,0.9,FALSE,0.75,0,0,"ACPtrial59",0.681294544356926,0.768354966220709,1,0.6,0.4,1
"2927",59,50,100,50,5,0.5,0.5,1,0.5,0.8,3,TRUE,0.9,FALSE,0.75,0,0,"ACPtrial59",0.84318590410886,0.880955785789326,0.4,0.622222222222222,0.25,0.928571428571429
"2928",59,50,100,50,5,0.5,0.5,1,0.5,0.8,3,TRUE,0.9,FALSE,0.75,0,0,"ACPtrial59",0.761961047550999,0.899759849813268,0.4,0.533333333333333,0.25,0.976190476190476
"2929",59,50,100,50,5,0.5,0.5,1,0.5,0.8,3,TRUE,0.9,FALSE,0.75,0,0,"ACPtrial59",0.599886428139587,0.652304688220791,0.6,0.622222222222222,0.4,0.925
"2930",59,50,100,50,5,0.5,0.5,1,0.5,0.8,3,TRUE,0.9,FALSE,0.75,0,0,"ACPtrial59",0.753849866498573,0.930496971455895,0.4,0.755555555555556,0.4,1
"2931",59,50,100,50,5,0.5,0.5,1,0.5,0.8,3,TRUE,0.9,FALSE,0.75,0,0,"ACPtrial59",0.861428550482668,0.918914448014638,0.8,0.4,0.571428571428571,0.86046511627907
"2932",59,50,100,50,5,0.5,0.5,1,0.5,0.8,3,TRUE,0.9,FALSE,0.75,0,0,"ACPtrial59",1.00078015836655,0.847068003995956,0.8,0.577777777777778,0.4,0.977777777777778
"2933",59,50,100,50,5,0.5,0.5,1,0.5,0.8,3,TRUE,0.9,FALSE,0.75,0,0,"ACPtrial59",0.793140587695072,0.92590899946037,0.8,0.488888888888889,0.285714285714286,1
"2934",59,50,100,50,5,0.5,0.5,1,0.5,0.8,3,TRUE,0.9,FALSE,0.75,0,0,"ACPtrial59",1.00005404009659,0.904905044049499,1,0.444444444444444,0.428571428571429,0.976744186046512
"2935",59,50,100,50,5,0.5,0.5,1,0.5,0.8,3,TRUE,0.9,FALSE,0.75,0,0,"ACPtrial59",1.04410221492948,0.877820037914524,0.8,0.333333333333333,0.285714285714286,0.930232558139535
"2936",59,50,100,50,5,0.5,0.5,1,0.5,0.8,3,TRUE,0.9,FALSE,0.75,0,0,"ACPtrial59",0.916275728478344,0.811615589870133,1,0.333333333333333,0.571428571428571,0.906976744186046
"2937",59,50,100,50,5,0.5,0.5,1,0.5,0.8,3,TRUE,0.9,FALSE,0.75,0,0,"ACPtrial59",0.915109097353547,0.960325818295928,0.8,0.688888888888889,0.375,0.952380952380952
"2938",59,50,100,50,5,0.5,0.5,1,0.5,0.8,3,TRUE,0.9,FALSE,0.75,0,0,"ACPtrial59",1.09544717650775,0.90004585151787,1,0.288888888888889,0.5,0.977272727272727
"2939",59,50,100,50,5,0.5,0.5,1,0.5,0.8,3,TRUE,0.9,FALSE,0.75,0,0,"ACPtrial59",0.88295760226021,0.764994211550027,0.8,0.333333333333333,0.333333333333333,0.931818181818182
"2940",59,50,100,50,5,0.5,0.5,1,0.5,0.8,3,TRUE,0.9,FALSE,0.75,0,0,"ACPtrial59",0.571712501407857,0.91226439325366,1,0.777777777777778,0.285714285714286,0.953488372093023
"2941",59,50,100,50,5,0.5,0.5,1,0.5,0.8,3,TRUE,0.9,FALSE,0.75,0,0,"ACPtrial59",1.17412741331205,0.806812459767199,1,0.4,0.222222222222222,0.926829268292683
"2942",59,50,100,50,5,0.5,0.5,1,0.5,0.8,3,TRUE,0.9,FALSE,0.75,0,0,"ACPtrial59",0.568164052971855,0.740554145407804,0.4,0.755555555555556,0.25,0.976190476190476
"2943",59,50,100,50,5,0.5,0.5,1,0.5,0.8,3,TRUE,0.9,FALSE,0.75,0,0,"ACPtrial59",1.152357259106,0.761796220390877,0.8,0.355555555555556,0.625,1
"2944",59,50,100,50,5,0.5,0.5,1,0.5,0.8,3,TRUE,0.9,FALSE,0.75,0,0,"ACPtrial59",0.856092097835209,1.01060049517317,0.6,0.555555555555556,0.3,0.95
"2945",59,50,100,50,5,0.5,0.5,1,0.5,0.8,3,TRUE,0.9,FALSE,0.75,0,0,"ACPtrial59",0.971131648123803,0.991357057270182,1,0.622222222222222,0.8,0.977777777777778
"2946",59,50,100,50,5,0.5,0.5,1,0.5,0.8,3,TRUE,0.9,FALSE,0.75,0,0,"ACPtrial59",0.684590831582921,0.809874022570571,0.6,0.755555555555556,0.428571428571429,0.976744186046512
"2947",59,50,100,50,5,0.5,0.5,1,0.5,0.8,3,TRUE,0.9,FALSE,0.75,0,0,"ACPtrial59",0.755134288765357,0.879959977521036,0.8,0.577777777777778,0.222222222222222,0.951219512195122
"2948",59,50,100,50,5,0.5,0.5,1,0.5,0.8,3,TRUE,0.9,FALSE,0.75,0,0,"ACPtrial59",0.934722235439087,0.946810919475108,1,0.466666666666667,0.666666666666667,0.975609756097561
"2949",59,50,100,50,5,0.5,0.5,1,0.5,0.8,3,TRUE,0.9,FALSE,0.75,0,0,"ACPtrial59",0.884000967437422,0.916453183836492,1,0.688888888888889,0.2,1
"2950",59,50,100,50,5,0.5,0.5,1,0.5,0.8,3,TRUE,0.9,FALSE,0.75,0,0,"ACPtrial59",0.849088809608585,0.915314316096541,1,0.622222222222222,0.571428571428571,1
"2951",60,50,100,50,5,0.5,0.5,1,0.5,0.8,3,TRUE,0.9,FALSE,0.75,0,0,"ACPtrial60",0.904309079180039,0.842604994030815,1,0.511111111111111,0.666666666666667,0.951219512195122
"2952",60,50,100,50,5,0.5,0.5,1,0.5,0.8,3,TRUE,0.9,FALSE,0.75,0,0,"ACPtrial60",1.24562774259358,1.00721875889346,1,0.244444444444444,0.571428571428571,0.906976744186046
"2953",60,50,100,50,5,0.5,0.5,1,0.5,0.8,3,TRUE,0.9,FALSE,0.75,0,0,"ACPtrial60",0.956992109543034,0.891063651791799,1,0.511111111111111,0.5,0.977272727272727
"2954",60,50,100,50,5,0.5,0.5,1,0.5,0.8,3,TRUE,0.9,FALSE,0.75,0,0,"ACPtrial60",0.926127342436214,0.915302005221249,1,0.6,0.375,0.976190476190476
"2955",60,50,100,50,5,0.5,0.5,1,0.5,0.8,3,TRUE,0.9,FALSE,0.75,0,0,"ACPtrial60",0.897509846643824,0.964321436187579,1,0.488888888888889,0.8,0.977777777777778
"2956",60,50,100,50,5,0.5,0.5,1,0.5,0.8,3,TRUE,0.9,FALSE,0.75,0,0,"ACPtrial60",0.836793591221716,0.919249682604828,1,0.666666666666667,0.666666666666667,0.954545454545455
"2957",60,50,100,50,5,0.5,0.5,1,0.5,0.8,3,TRUE,0.9,FALSE,0.75,0,0,"ACPtrial60",1.07266774648504,0.979992344630694,0.6,0.4,0.285714285714286,0.953488372093023
"2958",60,50,100,50,5,0.5,0.5,1,0.5,0.8,3,TRUE,0.9,FALSE,0.75,0,0,"ACPtrial60",0.771700202841541,0.803079364874558,0.6,0.555555555555556,0.428571428571429,0.976744186046512
"2959",60,50,100,50,5,0.5,0.5,1,0.5,0.8,3,TRUE,0.9,FALSE,0.75,0,0,"ACPtrial60",0.96856171237895,0.984368576340849,1,0.488888888888889,0.666666666666667,0.977272727272727
"2960",60,50,100,50,5,0.5,0.5,1,0.5,0.8,3,TRUE,0.9,FALSE,0.75,0,0,"ACPtrial60",0.605478445542458,0.770928371557548,0.4,0.733333333333333,0.285714285714286,0.930232558139535
"2961",60,50,100,50,5,0.5,0.5,1,0.5,0.8,3,TRUE,0.9,FALSE,0.75,0,0,"ACPtrial60",1.14212761112569,0.809371192500297,0.6,0.422222222222222,0.625,0.976190476190476
"2962",60,50,100,50,5,0.5,0.5,1,0.5,0.8,3,TRUE,0.9,FALSE,0.75,0,0,"ACPtrial60",0.884800802257529,0.894852692714387,0.6,0.622222222222222,0.333333333333333,0.977272727272727
"2963",60,50,100,50,5,0.5,0.5,1,0.5,0.8,3,TRUE,0.9,FALSE,0.75,0,0,"ACPtrial60",0.733569659207882,0.915868789811471,0.8,0.711111111111111,0.4,0.977777777777778
"2964",60,50,100,50,5,0.5,0.5,1,0.5,0.8,3,TRUE,0.9,FALSE,0.75,0,0,"ACPtrial60",0.842385175735988,0.897492107246104,1,0.711111111111111,0.571428571428571,0.976744186046512
"2965",60,50,100,50,5,0.5,0.5,1,0.5,0.8,3,TRUE,0.9,FALSE,0.75,0,0,"ACPtrial60",0.825948249604402,0.983079647576809,0.8,0.688888888888889,0.666666666666667,0.926829268292683
"2966",60,50,100,50,5,0.5,0.5,1,0.5,0.8,3,TRUE,0.9,FALSE,0.75,0,0,"ACPtrial60",0.923402428303314,0.802876840016486,0.8,0.422222222222222,0.833333333333333,1
"2967",60,50,100,50,5,0.5,0.5,1,0.5,0.8,3,TRUE,0.9,FALSE,0.75,0,0,"ACPtrial60",0.729057623041133,0.754846152550087,0.8,0.511111111111111,0.6,0.955555555555556
"2968",60,50,100,50,5,0.5,0.5,1,0.5,0.8,3,TRUE,0.9,FALSE,0.75,0,0,"ACPtrial60",0.790409207879307,0.901338163415976,1,0.688888888888889,0.4,0.977777777777778
"2969",60,50,100,50,5,0.5,0.5,1,0.5,0.8,3,TRUE,0.9,FALSE,0.75,0,0,"ACPtrial60",0.659899640919893,0.87232557213429,0.4,0.711111111111111,0.333333333333333,1
"2970",60,50,100,50,5,0.5,0.5,1,0.5,0.8,3,TRUE,0.9,FALSE,0.75,0,0,"ACPtrial60",0.694601608205265,0.745449132441736,0.6,0.555555555555556,0.222222222222222,0.975609756097561
"2971",60,50,100,50,5,0.5,0.5,1,0.5,0.8,3,TRUE,0.9,FALSE,0.75,0,0,"ACPtrial60",0.888766709485824,0.90768734987629,1,0.466666666666667,0.428571428571429,1
"2972",60,50,100,50,5,0.5,0.5,1,0.5,0.8,3,TRUE,0.9,FALSE,0.75,0,0,"ACPtrial60",0.723689284360163,0.882591874313151,1,0.644444444444444,0.25,0.947368421052632
"2973",60,50,100,50,5,0.5,0.5,1,0.5,0.8,3,TRUE,0.9,FALSE,0.75,0,0,"ACPtrial60",1.20850523969937,1.04509228826678,0.8,0.466666666666667,0.428571428571429,0.930232558139535
"2974",60,50,100,50,5,0.5,0.5,1,0.5,0.8,3,TRUE,0.9,FALSE,0.75,0,0,"ACPtrial60",0.774200616104059,0.85680719635495,1,0.333333333333333,0.571428571428571,0.953488372093023
"2975",60,50,100,50,5,0.5,0.5,1,0.5,0.8,3,TRUE,0.9,FALSE,0.75,0,0,"ACPtrial60",1.12893038539295,0.909014043272966,1,0.4,0.571428571428571,0.953488372093023
"2976",60,50,100,50,5,0.5,0.5,1,0.5,0.8,3,TRUE,0.9,FALSE,0.75,0,0,"ACPtrial60",0.819901985545997,0.939358622291868,1,0.577777777777778,0.555555555555556,0.975609756097561
"2977",60,50,100,50,5,0.5,0.5,1,0.5,0.8,3,TRUE,0.9,FALSE,0.75,0,0,"ACPtrial60",0.718231079663643,0.912396114567304,0.4,0.622222222222222,0.285714285714286,0.976744186046512
"2978",60,50,100,50,5,0.5,0.5,1,0.5,0.8,3,TRUE,0.9,FALSE,0.75,0,0,"ACPtrial60",0.65207737659349,0.80323776814568,0.6,0.755555555555556,0.285714285714286,1
"2979",60,50,100,50,5,0.5,0.5,1,0.5,0.8,3,TRUE,0.9,FALSE,0.75,0,0,"ACPtrial60",0.686782175432553,0.801417164556955,0.6,0.688888888888889,0.428571428571429,0.953488372093023
"2980",60,50,100,50,5,0.5,0.5,1,0.5,0.8,3,TRUE,0.9,FALSE,0.75,0,0,"ACPtrial60",2.02246055310109,1.17896878478059,1,0.266666666666667,0.25,1
"2981",60,50,100,50,5,0.5,0.5,1,0.5,0.8,3,TRUE,0.9,FALSE,0.75,0,0,"ACPtrial60",0.92952840187814,0.790013551899481,0.8,0.333333333333333,0.222222222222222,0.975609756097561
"2982",60,50,100,50,5,0.5,0.5,1,0.5,0.8,3,TRUE,0.9,FALSE,0.75,0,0,"ACPtrial60",0.615631814667808,0.731253296404283,0.6,0.8,0.333333333333333,1
"2983",60,50,100,50,5,0.5,0.5,1,0.5,0.8,3,TRUE,0.9,FALSE,0.75,0,0,"ACPtrial60",0.743043063655727,1.00050696110561,0.8,0.711111111111111,0.333333333333333,0.977272727272727
"2984",60,50,100,50,5,0.5,0.5,1,0.5,0.8,3,TRUE,0.9,FALSE,0.75,0,0,"ACPtrial60",1.04694335767425,0.82467491069075,0.8,0.488888888888889,0.222222222222222,1
"2985",60,50,100,50,5,0.5,0.5,1,0.5,0.8,3,TRUE,0.9,FALSE,0.75,0,0,"ACPtrial60",0.884678369263797,0.951590707072871,0.8,0.688888888888889,0.428571428571429,0.953488372093023
"2986",60,50,100,50,5,0.5,0.5,1,0.5,0.8,3,TRUE,0.9,FALSE,0.75,0,0,"ACPtrial60",0.700460575576337,0.792519943802057,1,0.311111111111111,0.428571428571429,0.883720930232558
"2987",60,50,100,50,5,0.5,0.5,1,0.5,0.8,3,TRUE,0.9,FALSE,0.75,0,0,"ACPtrial60",0.572548061756587,0.853120164087473,0.6,0.866666666666667,0.428571428571429,1
"2988",60,50,100,50,5,0.5,0.5,1,0.5,0.8,3,TRUE,0.9,FALSE,0.75,0,0,"ACPtrial60",0.744256155012869,0.794054096359346,0.4,0.8,0.333333333333333,0.977272727272727
"2989",60,50,100,50,5,0.5,0.5,1,0.5,0.8,3,TRUE,0.9,FALSE,0.75,0,0,"ACPtrial60",1.00180778568985,0.869386755225201,1,0.488888888888889,0.333333333333333,0.977272727272727
"2990",60,50,100,50,5,0.5,0.5,1,0.5,0.8,3,TRUE,0.9,FALSE,0.75,0,0,"ACPtrial60",0.917193896372154,0.889888917482528,0.8,0.688888888888889,0.375,0.928571428571429
"2991",60,50,100,50,5,0.5,0.5,1,0.5,0.8,3,TRUE,0.9,FALSE,0.75,0,0,"ACPtrial60",0.742460092781814,0.734317053129254,0.8,0.6,0.666666666666667,0.954545454545455
"2992",60,50,100,50,5,0.5,0.5,1,0.5,0.8,3,TRUE,0.9,FALSE,0.75,0,0,"ACPtrial60",1.05588775185983,0.86916619222696,0.8,0.355555555555556,0.285714285714286,0.953488372093023
"2993",60,50,100,50,5,0.5,0.5,1,0.5,0.8,3,TRUE,0.9,FALSE,0.75,0,0,"ACPtrial60",0.613070434496344,0.723584130909036,0.6,0.577777777777778,0.285714285714286,0.976744186046512
"2994",60,50,100,50,5,0.5,0.5,1,0.5,0.8,3,TRUE,0.9,FALSE,0.75,0,0,"ACPtrial60",1.48161331204397,0.984026216197138,0.8,0.244444444444444,0.4,0.977777777777778
"2995",60,50,100,50,5,0.5,0.5,1,0.5,0.8,3,TRUE,0.9,FALSE,0.75,0,0,"ACPtrial60",0.97908353056062,0.879413307663063,0.4,0.6,0.4,0.977777777777778
"2996",60,50,100,50,5,0.5,0.5,1,0.5,0.8,3,TRUE,0.9,FALSE,0.75,0,0,"ACPtrial60",0.803960843079195,0.806243365302408,0.6,0.6,0.333333333333333,0.977272727272727
"2997",60,50,100,50,5,0.5,0.5,1,0.5,0.8,3,TRUE,0.9,FALSE,0.75,0,0,"ACPtrial60",0.916045380162005,0.749536245129959,1,0.133333333333333,1,0.954545454545455
"2998",60,50,100,50,5,0.5,0.5,1,0.5,0.8,3,TRUE,0.9,FALSE,0.75,0,0,"ACPtrial60",0.926901994991483,0.94806410202568,0.6,0.577777777777778,0.285714285714286,1
"2999",60,50,100,50,5,0.5,0.5,1,0.5,0.8,3,TRUE,0.9,FALSE,0.75,0,0,"ACPtrial60",0.887536073569146,0.864098866199717,0.8,0.733333333333333,0.5,0.931818181818182
"3000",60,50,100,50,5,0.5,0.5,1,0.5,0.8,3,TRUE,0.9,FALSE,0.75,0,0,"ACPtrial60",0.542454397894918,0.767231182954312,0.8,0.777777777777778,0.571428571428571,0.930232558139535
"3001",61,50,100,50,5,0.5,0.5,1,0.5,0.8,3,TRUE,0.9,FALSE,0.75,0,0,"ACPtrial61",0.831855997166213,0.886144692799436,1,0.6,0.666666666666667,0.975609756097561
"3002",61,50,100,50,5,0.5,0.5,1,0.5,0.8,3,TRUE,0.9,FALSE,0.75,0,0,"ACPtrial61",1.6836475581189,0.892792132909067,1,0.2,0.555555555555556,0.975609756097561
"3003",61,50,100,50,5,0.5,0.5,1,0.5,0.8,3,TRUE,0.9,FALSE,0.75,0,0,"ACPtrial61",0.796233613959717,1.04366739463171,0.8,0.733333333333333,0.333333333333333,1
"3004",61,50,100,50,5,0.5,0.5,1,0.5,0.8,3,TRUE,0.9,FALSE,0.75,0,0,"ACPtrial61",0.791022363834461,0.895536117977028,1,0.555555555555556,0.5,0.909090909090909
"3005",61,50,100,50,5,0.5,0.5,1,0.5,0.8,3,TRUE,0.9,FALSE,0.75,0,0,"ACPtrial61",0.70478105209372,0.8244878870857,0.8,0.622222222222222,0.25,0.976190476190476
"3006",61,50,100,50,5,0.5,0.5,1,0.5,0.8,3,TRUE,0.9,FALSE,0.75,0,0,"ACPtrial61",0.786232801679831,0.888739874942165,0.8,0.644444444444444,0.666666666666667,0.977272727272727
"3007",61,50,100,50,5,0.5,0.5,1,0.5,0.8,3,TRUE,0.9,FALSE,0.75,0,0,"ACPtrial61",0.607996867861406,0.818151595588284,0.8,0.511111111111111,0.714285714285714,1
"3008",61,50,100,50,5,0.5,0.5,1,0.5,0.8,3,TRUE,0.9,FALSE,0.75,0,0,"ACPtrial61",0.871533522637603,0.87947566952765,0.8,0.466666666666667,0.5,1
"3009",61,50,100,50,5,0.5,0.5,1,0.5,0.8,3,TRUE,0.9,FALSE,0.75,0,0,"ACPtrial61",1.02663261764905,0.849557554525429,0.4,0.555555555555556,0.25,0.976190476190476
"3010",61,50,100,50,5,0.5,0.5,1,0.5,0.8,3,TRUE,0.9,FALSE,0.75,0,0,"ACPtrial61",0.843460129807908,0.84739620942392,0.6,0.711111111111111,0.285714285714286,0.953488372093023
"3011",61,50,100,50,5,0.5,0.5,1,0.5,0.8,3,TRUE,0.9,FALSE,0.75,0,0,"ACPtrial61",0.804345725658418,1.00323980882763,0.8,0.511111111111111,0.428571428571429,0.953488372093023
"3012",61,50,100,50,5,0.5,0.5,1,0.5,0.8,3,TRUE,0.9,FALSE,0.75,0,0,"ACPtrial61",1.25435062720046,0.883390146031252,1,0.0666666666666667,0.571428571428571,0.930232558139535
"3013",61,50,100,50,5,0.5,0.5,1,0.5,0.8,3,TRUE,0.9,FALSE,0.75,0,0,"ACPtrial61",0.700923856604849,0.763593122690622,0.6,0.8,0.25,1
"3014",61,50,100,50,5,0.5,0.5,1,0.5,0.8,3,TRUE,0.9,FALSE,0.75,0,0,"ACPtrial61",0.869027072620847,0.929921009229958,1,0.6,0.25,0.976190476190476
"3015",61,50,100,50,5,0.5,0.5,1,0.5,0.8,3,TRUE,0.9,FALSE,0.75,0,0,"ACPtrial61",0.573505287352213,0.817233412861716,0.6,0.911111111111111,0.333333333333333,1
"3016",61,50,100,50,5,0.5,0.5,1,0.5,0.8,3,TRUE,0.9,FALSE,0.75,0,0,"ACPtrial61",1.0845509644741,0.923759076349671,0.6,0.733333333333333,0.25,0.952380952380952
"3017",61,50,100,50,5,0.5,0.5,1,0.5,0.8,3,TRUE,0.9,FALSE,0.75,0,0,"ACPtrial61",1.45012754925182,0.949411828330791,0.6,0.266666666666667,0.285714285714286,0.953488372093023
"3018",61,50,100,50,5,0.5,0.5,1,0.5,0.8,3,TRUE,0.9,FALSE,0.75,0,0,"ACPtrial61",0.804845966407436,0.811057547803042,0.6,0.666666666666667,0.428571428571429,0.953488372093023
"3019",61,50,100,50,5,0.5,0.5,1,0.5,0.8,3,TRUE,0.9,FALSE,0.75,0,0,"ACPtrial61",0.929008300815865,0.869872224790648,1,0.666666666666667,0.375,0.976190476190476
"3020",61,50,100,50,5,0.5,0.5,1,0.5,0.8,3,TRUE,0.9,FALSE,0.75,0,0,"ACPtrial61",0.721353226805026,0.880065054079277,0.6,0.8,0.333333333333333,0.954545454545455
"3021",61,50,100,50,5,0.5,0.5,1,0.5,0.8,3,TRUE,0.9,FALSE,0.75,0,0,"ACPtrial61",1.39244810223637,0.911701831552673,0.8,0.266666666666667,0.25,0.928571428571429
"3022",61,50,100,50,5,0.5,0.5,1,0.5,0.8,3,TRUE,0.9,FALSE,0.75,0,0,"ACPtrial61",0.654377002954416,0.867249452246401,1,0.8,0.285714285714286,0.976744186046512
"3023",61,50,100,50,5,0.5,0.5,1,0.5,0.8,3,TRUE,0.9,FALSE,0.75,0,0,"ACPtrial61",0.70460809407914,0.867797863497676,0.8,0.733333333333333,0.333333333333333,1
"3024",61,50,100,50,5,0.5,0.5,1,0.5,0.8,3,TRUE,0.9,FALSE,0.75,0,0,"ACPtrial61",0.990971701275987,0.805591331724673,0.8,0.533333333333333,0.333333333333333,0.954545454545455
"3025",61,50,100,50,5,0.5,0.5,1,0.5,0.8,3,TRUE,0.9,FALSE,0.75,0,0,"ACPtrial61",0.798200572690588,0.905731592336151,1,0.622222222222222,0.333333333333333,0.977272727272727
"3026",61,50,100,50,5,0.5,0.5,1,0.5,0.8,3,TRUE,0.9,FALSE,0.75,0,0,"ACPtrial61",1.19043963745551,0.859812408084412,1,0.0888888888888889,0.714285714285714,0.930232558139535
"3027",61,50,100,50,5,0.5,0.5,1,0.5,0.8,3,TRUE,0.9,FALSE,0.75,0,0,"ACPtrial61",0.672937626496619,0.775326968104146,0.6,0.755555555555556,0.25,0.952380952380952
"3028",61,50,100,50,5,0.5,0.5,1,0.5,0.8,3,TRUE,0.9,FALSE,0.75,0,0,"ACPtrial61",0.836090519760604,1.14264852539178,1,0.755555555555556,0.5,0.952380952380952
"3029",61,50,100,50,5,0.5,0.5,1,0.5,0.8,3,TRUE,0.9,FALSE,0.75,0,0,"ACPtrial61",0.982261295066049,0.8787345894182,1,0.422222222222222,0.333333333333333,0.954545454545455
"3030",61,50,100,50,5,0.5,0.5,1,0.5,0.8,3,TRUE,0.9,FALSE,0.75,0,0,"ACPtrial61",0.779608171777632,0.862433435941735,0.8,0.733333333333333,0.285714285714286,0.976744186046512
"3031",61,50,100,50,5,0.5,0.5,1,0.5,0.8,3,TRUE,0.9,FALSE,0.75,0,0,"ACPtrial61",0.71240063959997,0.900696203928468,1,0.777777777777778,0.333333333333333,0.977272727272727
"3032",61,50,100,50,5,0.5,0.5,1,0.5,0.8,3,TRUE,0.9,FALSE,0.75,0,0,"ACPtrial61",0.89057690974945,0.962740375671381,0.8,0.644444444444444,0.5,0.977272727272727
"3033",61,50,100,50,5,0.5,0.5,1,0.5,0.8,3,TRUE,0.9,FALSE,0.75,0,0,"ACPtrial61",1.20155514804132,0.864482480640494,1,0.111111111111111,0.285714285714286,0.976744186046512
"3034",61,50,100,50,5,0.5,0.5,1,0.5,0.8,3,TRUE,0.9,FALSE,0.75,0,0,"ACPtrial61",0.650095999386708,0.792518489423754,1,0.555555555555556,0.333333333333333,1
"3035",61,50,100,50,5,0.5,0.5,1,0.5,0.8,3,TRUE,0.9,FALSE,0.75,0,0,"ACPtrial61",0.732034028216669,0.790418257347798,0.6,0.711111111111111,0.333333333333333,1
"3036",61,50,100,50,5,0.5,0.5,1,0.5,0.8,3,TRUE,0.9,FALSE,0.75,0,0,"ACPtrial61",0.580780090386426,0.887229957562281,0.8,0.777777777777778,0.333333333333333,1
"3037",61,50,100,50,5,0.5,0.5,1,0.5,0.8,3,TRUE,0.9,FALSE,0.75,0,0,"ACPtrial61",0.845128759748534,0.80583173797391,0.8,0.444444444444444,0.285714285714286,0.930232558139535
"3038",61,50,100,50,5,0.5,0.5,1,0.5,0.8,3,TRUE,0.9,FALSE,0.75,0,0,"ACPtrial61",0.983244414030994,1.09251949248334,1,0.622222222222222,0.333333333333333,0.973684210526316
"3039",61,50,100,50,5,0.5,0.5,1,0.5,0.8,3,TRUE,0.9,FALSE,0.75,0,0,"ACPtrial61",0.949577087467207,0.958666804397671,1,0.311111111111111,0.285714285714286,0.953488372093023
"3040",61,50,100,50,5,0.5,0.5,1,0.5,0.8,3,TRUE,0.9,FALSE,0.75,0,0,"ACPtrial61",0.960962235265322,0.951130535212529,1,0.688888888888889,0.285714285714286,1
"3041",61,50,100,50,5,0.5,0.5,1,0.5,0.8,3,TRUE,0.9,FALSE,0.75,0,0,"ACPtrial61",0.891009151884334,0.901919073409077,0.8,0.488888888888889,0.571428571428571,0.930232558139535
"3042",61,50,100,50,5,0.5,0.5,1,0.5,0.8,3,TRUE,0.9,FALSE,0.75,0,0,"ACPtrial61",0.962682857503861,1.12991201909503,0.8,0.755555555555556,0.230769230769231,1
"3043",61,50,100,50,5,0.5,0.5,1,0.5,0.8,3,TRUE,0.9,FALSE,0.75,0,0,"ACPtrial61",0.904202666269227,0.966906478577362,0.8,0.644444444444444,0.428571428571429,0.976744186046512
"3044",61,50,100,50,5,0.5,0.5,1,0.5,0.8,3,TRUE,0.9,FALSE,0.75,0,0,"ACPtrial61",0.787280421950673,0.773381483308357,0.6,0.422222222222222,0.428571428571429,0.976744186046512
"3045",61,50,100,50,5,0.5,0.5,1,0.5,0.8,3,TRUE,0.9,FALSE,0.75,0,0,"ACPtrial61",1.09616960026869,0.960112331853418,0.8,0.311111111111111,0.25,0.928571428571429
"3046",61,50,100,50,5,0.5,0.5,1,0.5,0.8,3,TRUE,0.9,FALSE,0.75,0,0,"ACPtrial61",0.777846583607745,0.759534846819265,0.8,0.555555555555556,0.5,1
"3047",61,50,100,50,5,0.5,0.5,1,0.5,0.8,3,TRUE,0.9,FALSE,0.75,0,0,"ACPtrial61",0.836436724025143,0.832401863323762,0.4,0.666666666666667,0.25,1
"3048",61,50,100,50,5,0.5,0.5,1,0.5,0.8,3,TRUE,0.9,FALSE,0.75,0,0,"ACPtrial61",1.10821787741647,0.897023844938643,0.8,0.533333333333333,0.5,1
"3049",61,50,100,50,5,0.5,0.5,1,0.5,0.8,3,TRUE,0.9,FALSE,0.75,0,0,"ACPtrial61",0.845285517940662,0.931108984450074,1,0.488888888888889,0.333333333333333,0.878048780487805
"3050",61,50,100,50,5,0.5,0.5,1,0.5,0.8,3,TRUE,0.9,FALSE,0.75,0,0,"ACPtrial61",0.789607434197604,0.839132255631772,1,0.511111111111111,0.375,1
"3051",62,50,100,50,5,0.5,0.5,1,0.5,0.8,3,TRUE,0.9,FALSE,0.75,0,0,"ACPtrial62",0.76981188624159,0.729586079270651,1,0.333333333333333,0.428571428571429,0.976744186046512
"3052",62,50,100,50,5,0.5,0.5,1,0.5,0.8,3,TRUE,0.9,FALSE,0.75,0,0,"ACPtrial62",0.743110259985975,0.866711511788197,0.6,0.6,0.375,1
"3053",62,50,100,50,5,0.5,0.5,1,0.5,0.8,3,TRUE,0.9,FALSE,0.75,0,0,"ACPtrial62",0.845871662907131,0.834421379724845,0.2,0.622222222222222,0.142857142857143,0.930232558139535
"3054",62,50,100,50,5,0.5,0.5,1,0.5,0.8,3,TRUE,0.9,FALSE,0.75,0,0,"ACPtrial62",0.863199980801674,0.898781240381842,1,0.688888888888889,0.571428571428571,0.976744186046512
"3055",62,50,100,50,5,0.5,0.5,1,0.5,0.8,3,TRUE,0.9,FALSE,0.75,0,0,"ACPtrial62",1.09273500320319,0.798483706399253,0.8,0.333333333333333,0.333333333333333,0.977272727272727
"3056",62,50,100,50,5,0.5,0.5,1,0.5,0.8,3,TRUE,0.9,FALSE,0.75,0,0,"ACPtrial62",0.782441752552226,0.848807352969532,1,0.488888888888889,0.555555555555556,0.975609756097561
"3057",62,50,100,50,5,0.5,0.5,1,0.5,0.8,3,TRUE,0.9,FALSE,0.75,0,0,"ACPtrial62",0.867350480351287,0.816742085523976,1,0.555555555555556,0.8,0.955555555555556
"3058",62,50,100,50,5,0.5,0.5,1,0.5,0.8,3,TRUE,0.9,FALSE,0.75,0,0,"ACPtrial62",0.686329352528786,0.854787217202204,1,0.777777777777778,0.714285714285714,0.953488372093023
"3059",62,50,100,50,5,0.5,0.5,1,0.5,0.8,3,TRUE,0.9,FALSE,0.75,0,0,"ACPtrial62",1.01003515225228,0.79743757741815,1,0.288888888888889,0.333333333333333,0.931818181818182
"3060",62,50,100,50,5,0.5,0.5,1,0.5,0.8,3,TRUE,0.9,FALSE,0.75,0,0,"ACPtrial62",0.637679071682836,0.757674594592506,0.4,0.822222222222222,0.222222222222222,0.878048780487805
"3061",62,50,100,50,5,0.5,0.5,1,0.5,0.8,3,TRUE,0.9,FALSE,0.75,0,0,"ACPtrial62",0.976741718674824,0.843841720719934,0.8,0.288888888888889,0.428571428571429,0.883720930232558
"3062",62,50,100,50,5,0.5,0.5,1,0.5,0.8,3,TRUE,0.9,FALSE,0.75,0,0,"ACPtrial62",0.978095701456354,1.05346503044019,0.8,0.733333333333333,0.4,0.875
"3063",62,50,100,50,5,0.5,0.5,1,0.5,0.8,3,TRUE,0.9,FALSE,0.75,0,0,"ACPtrial62",0.669616845691927,0.97324403608368,1,0.8,0.2,1
"3064",62,50,100,50,5,0.5,0.5,1,0.5,0.8,3,TRUE,0.9,FALSE,0.75,0,0,"ACPtrial62",0.773800529579303,0.853266004261826,0.8,0.711111111111111,0.5,0.977272727272727
"3065",62,50,100,50,5,0.5,0.5,1,0.5,0.8,3,TRUE,0.9,FALSE,0.75,0,0,"ACPtrial62",0.824315139136877,0.795436058338815,0.4,0.644444444444444,0.333333333333333,0.977272727272727
"3066",62,50,100,50,5,0.5,0.5,1,0.5,0.8,3,TRUE,0.9,FALSE,0.75,0,0,"ACPtrial62",1.56997081086512,0.911667607538299,1,0.2,0.333333333333333,0.977272727272727
"3067",62,50,100,50,5,0.5,0.5,1,0.5,0.8,3,TRUE,0.9,FALSE,0.75,0,0,"ACPtrial62",0.933018984616814,0.779016495053627,0.6,0.444444444444444,0.285714285714286,1
"3068",62,50,100,50,5,0.5,0.5,1,0.5,0.8,3,TRUE,0.9,FALSE,0.75,0,0,"ACPtrial62",0.723955313117995,0.825062856955126,0.4,0.711111111111111,0.428571428571429,0.953488372093023
"3069",62,50,100,50,5,0.5,0.5,1,0.5,0.8,3,TRUE,0.9,FALSE,0.75,0,0,"ACPtrial62",0.732731895852009,0.960549408656483,0.8,0.755555555555556,0.285714285714286,0.976744186046512
"3070",62,50,100,50,5,0.5,0.5,1,0.5,0.8,3,TRUE,0.9,FALSE,0.75,0,0,"ACPtrial62",0.732128177832013,0.924444324943221,1,0.755555555555556,0.5,1
"3071",62,50,100,50,5,0.5,0.5,1,0.5,0.8,3,TRUE,0.9,FALSE,0.75,0,0,"ACPtrial62",1.23627785400922,0.826649231920495,1,0.222222222222222,1,0.977777777777778
"3072",62,50,100,50,5,0.5,0.5,1,0.5,0.8,3,TRUE,0.9,FALSE,0.75,0,0,"ACPtrial62",0.754078754581508,0.741495102617895,0.8,0.533333333333333,0.333333333333333,0.954545454545455
"3073",62,50,100,50,5,0.5,0.5,1,0.5,0.8,3,TRUE,0.9,FALSE,0.75,0,0,"ACPtrial62",0.689754001170113,0.834670454370272,0.8,0.511111111111111,0.5,1
"3074",62,50,100,50,5,0.5,0.5,1,0.5,0.8,3,TRUE,0.9,FALSE,0.75,0,0,"ACPtrial62",0.82995595898015,0.715340501754555,1,0.577777777777778,0.5,1
"3075",62,50,100,50,5,0.5,0.5,1,0.5,0.8,3,TRUE,0.9,FALSE,0.75,0,0,"ACPtrial62",0.708622088542075,0.888716355257762,1,0.533333333333333,0.625,0.976190476190476
"3076",62,50,100,50,5,0.5,0.5,1,0.5,0.8,3,TRUE,0.9,FALSE,0.75,0,0,"ACPtrial62",0.660089823155031,0.974935510440224,1,0.644444444444444,0.5,0.976190476190476
"3077",62,50,100,50,5,0.5,0.5,1,0.5,0.8,3,TRUE,0.9,FALSE,0.75,0,0,"ACPtrial62",0.724830046658727,0.8541678437061,1,0.711111111111111,0.714285714285714,1
"3078",62,50,100,50,5,0.5,0.5,1,0.5,0.8,3,TRUE,0.9,FALSE,0.75,0,0,"ACPtrial62",0.685479180549406,0.849736871967162,0.8,0.6,0.571428571428571,0.953488372093023
"3079",62,50,100,50,5,0.5,0.5,1,0.5,0.8,3,TRUE,0.9,FALSE,0.75,0,0,"ACPtrial62",1.02044973378247,0.802035720649413,0.8,0.466666666666667,0.333333333333333,0.975609756097561
"3080",62,50,100,50,5,0.5,0.5,1,0.5,0.8,3,TRUE,0.9,FALSE,0.75,0,0,"ACPtrial62",1.14266470493656,0.900764063938927,1,0.311111111111111,0.375,0.928571428571429
"3081",62,50,100,50,5,0.5,0.5,1,0.5,0.8,3,TRUE,0.9,FALSE,0.75,0,0,"ACPtrial62",0.809162178964575,0.967362253512478,0.8,0.688888888888889,0.6,0.955555555555556
"3082",62,50,100,50,5,0.5,0.5,1,0.5,0.8,3,TRUE,0.9,FALSE,0.75,0,0,"ACPtrial62",0.769352592960466,0.847896247772803,1,0.688888888888889,0.4,0.888888888888889
"3083",62,50,100,50,5,0.5,0.5,1,0.5,0.8,3,TRUE,0.9,FALSE,0.75,0,0,"ACPtrial62",0.75777329590562,0.925329167472996,0.6,0.8,0.25,1
"3084",62,50,100,50,5,0.5,0.5,1,0.5,0.8,3,TRUE,0.9,FALSE,0.75,0,0,"ACPtrial62",0.98941817721686,0.934756904259391,1,0.466666666666667,0.75,0.928571428571429
"3085",62,50,100,50,5,0.5,0.5,1,0.5,0.8,3,TRUE,0.9,FALSE,0.75,0,0,"ACPtrial62",0.589213905704483,0.926033582104747,0.4,0.555555555555556,0.285714285714286,0.976744186046512
"3086",62,50,100,50,5,0.5,0.5,1,0.5,0.8,3,TRUE,0.9,FALSE,0.75,0,0,"ACPtrial62",0.655058184746357,0.778998736426695,0.8,0.688888888888889,0.625,0.928571428571429
"3087",62,50,100,50,5,0.5,0.5,1,0.5,0.8,3,TRUE,0.9,FALSE,0.75,0,0,"ACPtrial62",0.545064229661106,0.807446895282784,0.4,0.8,0.375,1
"3088",62,50,100,50,5,0.5,0.5,1,0.5,0.8,3,TRUE,0.9,FALSE,0.75,0,0,"ACPtrial62",0.717227819922503,0.876282947932415,0.6,0.8,0.333333333333333,0.954545454545455
"3089",62,50,100,50,5,0.5,0.5,1,0.5,0.8,3,TRUE,0.9,FALSE,0.75,0,0,"ACPtrial62",0.74399306712394,0.948864710321541,0.4,0.488888888888889,0.333333333333333,0.909090909090909
"3090",62,50,100,50,5,0.5,0.5,1,0.5,0.8,3,TRUE,0.9,FALSE,0.75,0,0,"ACPtrial62",0.826719232878148,0.837228516064597,0.6,0.666666666666667,0.571428571428571,0.953488372093023
"3091",62,50,100,50,5,0.5,0.5,1,0.5,0.8,3,TRUE,0.9,FALSE,0.75,0,0,"ACPtrial62",0.667759332703804,0.907842475405931,1,0.755555555555556,0.8,1
"3092",62,50,100,50,5,0.5,0.5,1,0.5,0.8,3,TRUE,0.9,FALSE,0.75,0,0,"ACPtrial62",0.828366213533337,0.82771375238299,0.8,0.622222222222222,0.375,1
"3093",62,50,100,50,5,0.5,0.5,1,0.5,0.8,3,TRUE,0.9,FALSE,0.75,0,0,"ACPtrial62",0.710583324634427,0.758977074696683,1,0.577777777777778,0.666666666666667,0.954545454545455
"3094",62,50,100,50,5,0.5,0.5,1,0.5,0.8,3,TRUE,0.9,FALSE,0.75,0,0,"ACPtrial62",0.728642157683983,0.780182483531307,0.8,0.644444444444444,0.5,0.976190476190476
"3095",62,50,100,50,5,0.5,0.5,1,0.5,0.8,3,TRUE,0.9,FALSE,0.75,0,0,"ACPtrial62",0.692438729010914,0.868212259577437,0.6,0.444444444444444,0.333333333333333,1
"3096",62,50,100,50,5,0.5,0.5,1,0.5,0.8,3,TRUE,0.9,FALSE,0.75,0,0,"ACPtrial62",0.719095583968858,0.893076177855588,0.8,0.8,0.25,0.976190476190476
"3097",62,50,100,50,5,0.5,0.5,1,0.5,0.8,3,TRUE,0.9,FALSE,0.75,0,0,"ACPtrial62",0.9570372838273,0.873845748677717,1,0.466666666666667,0.833333333333333,0.977272727272727
"3098",62,50,100,50,5,0.5,0.5,1,0.5,0.8,3,TRUE,0.9,FALSE,0.75,0,0,"ACPtrial62",0.901808438801721,0.804098279500003,0.8,0.333333333333333,0.333333333333333,0.975609756097561
"3099",62,50,100,50,5,0.5,0.5,1,0.5,0.8,3,TRUE,0.9,FALSE,0.75,0,0,"ACPtrial62",1.18919785131869,1.07705257653482,1,0.488888888888889,0.5,1
"3100",62,50,100,50,5,0.5,0.5,1,0.5,0.8,3,TRUE,0.9,FALSE,0.75,0,0,"ACPtrial62",0.854276495366228,0.921288657967366,1,0.577777777777778,0.333333333333333,0.954545454545455
"3101",63,50,100,50,5,0.5,0.5,1,0.5,0.8,3,TRUE,0.9,FALSE,0.75,0,0,"ACPtrial63",0.728563308890208,0.936415233099677,0.6,0.8,0.285714285714286,0.976744186046512
"3102",63,50,100,50,5,0.5,0.5,1,0.5,0.8,3,TRUE,0.9,FALSE,0.75,0,0,"ACPtrial63",0.587813438137616,0.881357793971957,1,0.777777777777778,0.333333333333333,0.975609756097561
"3103",63,50,100,50,5,0.5,0.5,1,0.5,0.8,3,TRUE,0.9,FALSE,0.75,0,0,"ACPtrial63",0.863567636053274,0.98880910500308,0.4,0.622222222222222,0.25,0.904761904761905
"3104",63,50,100,50,5,0.5,0.5,1,0.5,0.8,3,TRUE,0.9,FALSE,0.75,0,0,"ACPtrial63",0.849731837664486,0.768933511101116,1,0.222222222222222,0.555555555555556,0.975609756097561
"3105",63,50,100,50,5,0.5,0.5,1,0.5,0.8,3,TRUE,0.9,FALSE,0.75,0,0,"ACPtrial63",1.19013350140859,0.844788807400727,0.6,0.355555555555556,0.333333333333333,1
"3106",63,50,100,50,5,0.5,0.5,1,0.5,0.8,3,TRUE,0.9,FALSE,0.75,0,0,"ACPtrial63",0.792294052823636,0.921524707210912,0.8,0.6,0.5,0.952380952380952
"3107",63,50,100,50,5,0.5,0.5,1,0.5,0.8,3,TRUE,0.9,FALSE,0.75,0,0,"ACPtrial63",0.733462417304698,0.897051477878961,0.6,0.644444444444444,0.25,0.952380952380952
"3108",63,50,100,50,5,0.5,0.5,1,0.5,0.8,3,TRUE,0.9,FALSE,0.75,0,0,"ACPtrial63",0.738088775836086,0.89077886935012,0.8,0.666666666666667,0.285714285714286,0.953488372093023
"3109",63,50,100,50,5,0.5,0.5,1,0.5,0.8,3,TRUE,0.9,FALSE,0.75,0,0,"ACPtrial63",0.725547120110459,0.792759115935589,0.6,0.822222222222222,0.333333333333333,1
"3110",63,50,100,50,5,0.5,0.5,1,0.5,0.8,3,TRUE,0.9,FALSE,0.75,0,0,"ACPtrial63",0.895286134537111,0.949924820813846,1,0.6,0.625,0.928571428571429
"3111",63,50,100,50,5,0.5,0.5,1,0.5,0.8,3,TRUE,0.9,FALSE,0.75,0,0,"ACPtrial63",0.939622843740208,0.932814505629738,1,0.488888888888889,0.666666666666667,0.886363636363636
"3112",63,50,100,50,5,0.5,0.5,1,0.5,0.8,3,TRUE,0.9,FALSE,0.75,0,0,"ACPtrial63",1.1504575332898,0.741699021413867,0.8,0.355555555555556,0.222222222222222,1
"3113",63,50,100,50,5,0.5,0.5,1,0.5,0.8,3,TRUE,0.9,FALSE,0.75,0,0,"ACPtrial63",0.592916106137695,0.809287610592168,0.8,0.822222222222222,0.571428571428571,1
"3114",63,50,100,50,5,0.5,0.5,1,0.5,0.8,3,TRUE,0.9,FALSE,0.75,0,0,"ACPtrial63",0.713255557408829,0.895141003402247,0.6,0.8,0.5,1
"3115",63,50,100,50,5,0.5,0.5,1,0.5,0.8,3,TRUE,0.9,FALSE,0.75,0,0,"ACPtrial63",1.47790472769011,0.999613114966891,1,0.466666666666667,0.5,0.976190476190476
"3116",63,50,100,50,5,0.5,0.5,1,0.5,0.8,3,TRUE,0.9,FALSE,0.75,0,0,"ACPtrial63",0.852870309793644,0.894792609478006,0.6,0.622222222222222,0.5,1
"3117",63,50,100,50,5,0.5,0.5,1,0.5,0.8,3,TRUE,0.9,FALSE,0.75,0,0,"ACPtrial63",0.803438131083976,0.896043645912756,0.8,0.577777777777778,0.5,1
"3118",63,50,100,50,5,0.5,0.5,1,0.5,0.8,3,TRUE,0.9,FALSE,0.75,0,0,"ACPtrial63",0.77516235544753,0.885819814426757,1,0.466666666666667,0.75,0.952380952380952
"3119",63,50,100,50,5,0.5,0.5,1,0.5,0.8,3,TRUE,0.9,FALSE,0.75,0,0,"ACPtrial63",0.751622052191664,0.919790560622659,0.8,0.8,0.5,0.931818181818182
"3120",63,50,100,50,5,0.5,0.5,1,0.5,0.8,3,TRUE,0.9,FALSE,0.75,0,0,"ACPtrial63",0.772209298783178,0.763607431522396,0.8,0.444444444444444,0.333333333333333,0.931818181818182
"3121",63,50,100,50,5,0.5,0.5,1,0.5,0.8,3,TRUE,0.9,FALSE,0.75,0,0,"ACPtrial63",0.661895593736287,0.850334051376136,1,0.755555555555556,0.333333333333333,1
"3122",63,50,100,50,5,0.5,0.5,1,0.5,0.8,3,TRUE,0.9,FALSE,0.75,0,0,"ACPtrial63",1.02939716441848,0.899088012753456,1,0.311111111111111,0.6,0.977777777777778
"3123",63,50,100,50,5,0.5,0.5,1,0.5,0.8,3,TRUE,0.9,FALSE,0.75,0,0,"ACPtrial63",0.72898502201594,0.762749794748641,0.6,0.622222222222222,0.2,0.95
"3124",63,50,100,50,5,0.5,0.5,1,0.5,0.8,3,TRUE,0.9,FALSE,0.75,0,0,"ACPtrial63",0.921758987704912,0.821523249112156,0.6,0.577777777777778,0.25,0.952380952380952
"3125",63,50,100,50,5,0.5,0.5,1,0.5,0.8,3,TRUE,0.9,FALSE,0.75,0,0,"ACPtrial63",0.782514599796745,0.761834796804797,1,0.355555555555556,0.333333333333333,0.954545454545455
"3126",63,50,100,50,5,0.5,0.5,1,0.5,0.8,3,TRUE,0.9,FALSE,0.75,0,0,"ACPtrial63",0.663476794080619,0.791176849207997,0.8,0.733333333333333,0.25,0.904761904761905
"3127",63,50,100,50,5,0.5,0.5,1,0.5,0.8,3,TRUE,0.9,FALSE,0.75,0,0,"ACPtrial63",1.0546968211088,0.911966664626193,1,0.377777777777778,0.333333333333333,0.977272727272727
"3128",63,50,100,50,5,0.5,0.5,1,0.5,0.8,3,TRUE,0.9,FALSE,0.75,0,0,"ACPtrial63",0.629766862020653,0.753497046413447,0.4,0.822222222222222,0.222222222222222,1
"3129",63,50,100,50,5,0.5,0.5,1,0.5,0.8,3,TRUE,0.9,FALSE,0.75,0,0,"ACPtrial63",0.681855574234018,0.906355996957945,0.6,0.755555555555556,0.25,0.976190476190476
"3130",63,50,100,50,5,0.5,0.5,1,0.5,0.8,3,TRUE,0.9,FALSE,0.75,0,0,"ACPtrial63",1.37373404996732,0.938092525883387,1,0.2,0.428571428571429,0.930232558139535
"3131",63,50,100,50,5,0.5,0.5,1,0.5,0.8,3,TRUE,0.9,FALSE,0.75,0,0,"ACPtrial63",0.639237169562217,0.963903779308507,0.8,0.866666666666667,0.25,1
"3132",63,50,100,50,5,0.5,0.5,1,0.5,0.8,3,TRUE,0.9,FALSE,0.75,0,0,"ACPtrial63",1.05210766336291,0.91602666099011,0.6,0.666666666666667,0.25,0.952380952380952
"3133",63,50,100,50,5,0.5,0.5,1,0.5,0.8,3,TRUE,0.9,FALSE,0.75,0,0,"ACPtrial63",0.870214765617266,1.01265222249738,1,0.622222222222222,0.5,0.952380952380952
"3134",63,50,100,50,5,0.5,0.5,1,0.5,0.8,3,TRUE,0.9,FALSE,0.75,0,0,"ACPtrial63",0.843192304229602,0.912487429585345,1,0.622222222222222,0.428571428571429,0.906976744186046
"3135",63,50,100,50,5,0.5,0.5,1,0.5,0.8,3,TRUE,0.9,FALSE,0.75,0,0,"ACPtrial63",0.721059226160605,0.769729769681657,0.8,0.6,0.5,0.977272727272727
"3136",63,50,100,50,5,0.5,0.5,1,0.5,0.8,3,TRUE,0.9,FALSE,0.75,0,0,"ACPtrial63",0.697955688149726,0.812819409725651,0.4,0.777777777777778,0.285714285714286,0.976744186046512
"3137",63,50,100,50,5,0.5,0.5,1,0.5,0.8,3,TRUE,0.9,FALSE,0.75,0,0,"ACPtrial63",1.14158663085709,0.862606191177049,0.6,0.244444444444444,0.25,0.976190476190476
"3138",63,50,100,50,5,0.5,0.5,1,0.5,0.8,3,TRUE,0.9,FALSE,0.75,0,0,"ACPtrial63",0.674255552499,0.892287252120448,1,0.622222222222222,0.666666666666667,0.909090909090909
"3139",63,50,100,50,5,0.5,0.5,1,0.5,0.8,3,TRUE,0.9,FALSE,0.75,0,0,"ACPtrial63",1.00104253806384,0.932539329122128,0.8,0.311111111111111,0.428571428571429,0.953488372093023
"3140",63,50,100,50,5,0.5,0.5,1,0.5,0.8,3,TRUE,0.9,FALSE,0.75,0,0,"ACPtrial63",0.715629903793174,0.829299143732944,1,0.555555555555556,0.5,0.976190476190476
"3141",63,50,100,50,5,0.5,0.5,1,0.5,0.8,3,TRUE,0.9,FALSE,0.75,0,0,"ACPtrial63",0.643977168146226,0.810822444273888,0.6,0.755555555555556,0.714285714285714,1
"3142",63,50,100,50,5,0.5,0.5,1,0.5,0.8,3,TRUE,0.9,FALSE,0.75,0,0,"ACPtrial63",0.674989736610552,0.700370679188063,0.6,0.755555555555556,0.571428571428571,1
"3143",63,50,100,50,5,0.5,0.5,1,0.5,0.8,3,TRUE,0.9,FALSE,0.75,0,0,"ACPtrial63",0.741753256549979,0.927191975064835,0.6,0.711111111111111,0.5,1
"3144",63,50,100,50,5,0.5,0.5,1,0.5,0.8,3,TRUE,0.9,FALSE,0.75,0,0,"ACPtrial63",1.30094345611349,0.941144659554928,0.8,0.155555555555556,0.25,1
"3145",63,50,100,50,5,0.5,0.5,1,0.5,0.8,3,TRUE,0.9,FALSE,0.75,0,0,"ACPtrial63",0.821896350413246,1.01783263754829,0.8,0.688888888888889,0.5,0.976190476190476
"3146",63,50,100,50,5,0.5,0.5,1,0.5,0.8,3,TRUE,0.9,FALSE,0.75,0,0,"ACPtrial63",0.896795303361163,0.992597795837085,1,0.666666666666667,0.8,1
"3147",63,50,100,50,5,0.5,0.5,1,0.5,0.8,3,TRUE,0.9,FALSE,0.75,0,0,"ACPtrial63",1.11198164563,0.773219308871674,0.8,0.266666666666667,0.4,1
"3148",63,50,100,50,5,0.5,0.5,1,0.5,0.8,3,TRUE,0.9,FALSE,0.75,0,0,"ACPtrial63",1.03771483658775,0.867281532739671,1,0.355555555555556,0.5,0.976190476190476
"3149",63,50,100,50,5,0.5,0.5,1,0.5,0.8,3,TRUE,0.9,FALSE,0.75,0,0,"ACPtrial63",0.915504731470837,0.807548472678636,0.8,0.444444444444444,0.333333333333333,1
"3150",63,50,100,50,5,0.5,0.5,1,0.5,0.8,3,TRUE,0.9,FALSE,0.75,0,0,"ACPtrial63",0.991010886746174,0.805407192747187,1,0.0888888888888889,0.888888888888889,0.853658536585366
"3151",64,50,100,50,5,0.5,0.5,1,0.5,0.8,3,TRUE,0.9,FALSE,0.75,0,0,"ACPtrial64",0.911918281108896,0.901907946839608,1,0.466666666666667,0.571428571428571,1
"3152",64,50,100,50,5,0.5,0.5,1,0.5,0.8,3,TRUE,0.9,FALSE,0.75,0,0,"ACPtrial64",0.693916339350126,0.80238136675804,0.6,0.644444444444444,0.666666666666667,0.863636363636364
"3153",64,50,100,50,5,0.5,0.5,1,0.5,0.8,3,TRUE,0.9,FALSE,0.75,0,0,"ACPtrial64",0.936551752206912,0.940046698339835,1,0.444444444444444,0.833333333333333,0.977272727272727
"3154",64,50,100,50,5,0.5,0.5,1,0.5,0.8,3,TRUE,0.9,FALSE,0.75,0,0,"ACPtrial64",0.856736892350153,0.778314387356689,1,0.466666666666667,0.285714285714286,1
"3155",64,50,100,50,5,0.5,0.5,1,0.5,0.8,3,TRUE,0.9,FALSE,0.75,0,0,"ACPtrial64",0.937053832252262,0.947303087184916,0.8,0.511111111111111,0.285714285714286,0.976744186046512
"3156",64,50,100,50,5,0.5,0.5,1,0.5,0.8,3,TRUE,0.9,FALSE,0.75,0,0,"ACPtrial64",0.910423366110785,0.923061523556918,0.6,0.577777777777778,0.333333333333333,0.954545454545455
"3157",64,50,100,50,5,0.5,0.5,1,0.5,0.8,3,TRUE,0.9,FALSE,0.75,0,0,"ACPtrial64",0.780156984142798,0.943008423701044,1,0.688888888888889,0.5,0.977272727272727
"3158",64,50,100,50,5,0.5,0.5,1,0.5,0.8,3,TRUE,0.9,FALSE,0.75,0,0,"ACPtrial64",1.0458343819374,0.997887010222596,1,0.377777777777778,0.333333333333333,1
"3159",64,50,100,50,5,0.5,0.5,1,0.5,0.8,3,TRUE,0.9,FALSE,0.75,0,0,"ACPtrial64",1.1249858160299,0.994412952003426,1,0.333333333333333,0.571428571428571,1
"3160",64,50,100,50,5,0.5,0.5,1,0.5,0.8,3,TRUE,0.9,FALSE,0.75,0,0,"ACPtrial64",0.596779631084979,0.815376164148726,1,0.777777777777778,0.666666666666667,0.954545454545455
"3161",64,50,100,50,5,0.5,0.5,1,0.5,0.8,3,TRUE,0.9,FALSE,0.75,0,0,"ACPtrial64",0.722102777961663,0.88722327590751,0.4,0.644444444444444,0.285714285714286,1
"3162",64,50,100,50,5,0.5,0.5,1,0.5,0.8,3,TRUE,0.9,FALSE,0.75,0,0,"ACPtrial64",0.603143581724355,0.927383277451934,0.8,0.822222222222222,0.428571428571429,1
"3163",64,50,100,50,5,0.5,0.5,1,0.5,0.8,3,TRUE,0.9,FALSE,0.75,0,0,"ACPtrial64",0.775605683457427,0.814622087092939,1,0.533333333333333,0.5,0.954545454545455
"3164",64,50,100,50,5,0.5,0.5,1,0.5,0.8,3,TRUE,0.9,FALSE,0.75,0,0,"ACPtrial64",0.812534301047589,0.885905819899752,0.6,0.711111111111111,0.666666666666667,1
"3165",64,50,100,50,5,0.5,0.5,1,0.5,0.8,3,TRUE,0.9,FALSE,0.75,0,0,"ACPtrial64",0.864400996842546,0.854922979000737,1,0.555555555555556,0.625,0.952380952380952
"3166",64,50,100,50,5,0.5,0.5,1,0.5,0.8,3,TRUE,0.9,FALSE,0.75,0,0,"ACPtrial64",0.828501548375324,0.892466622818396,0.8,0.6,0.5,0.952380952380952
"3167",64,50,100,50,5,0.5,0.5,1,0.5,0.8,3,TRUE,0.9,FALSE,0.75,0,0,"ACPtrial64",0.639285832242941,0.799260889714758,1,0.444444444444444,0.285714285714286,0.976744186046512
"3168",64,50,100,50,5,0.5,0.5,1,0.5,0.8,3,TRUE,0.9,FALSE,0.75,0,0,"ACPtrial64",1.09736791457896,0.908069686492096,0.8,0.355555555555556,0.285714285714286,0.953488372093023
"3169",64,50,100,50,5,0.5,0.5,1,0.5,0.8,3,TRUE,0.9,FALSE,0.75,0,0,"ACPtrial64",0.979041250027148,0.975622076378962,0.8,0.422222222222222,0.4,0.95
"3170",64,50,100,50,5,0.5,0.5,1,0.5,0.8,3,TRUE,0.9,FALSE,0.75,0,0,"ACPtrial64",1.01591362725999,0.953648415457456,1,0.377777777777778,0.222222222222222,0.902439024390244
"3171",64,50,100,50,5,0.5,0.5,1,0.5,0.8,3,TRUE,0.9,FALSE,0.75,0,0,"ACPtrial64",0.945641575919296,0.84895279573473,1,0.444444444444444,0.4,0.933333333333333
"3172",64,50,100,50,5,0.5,0.5,1,0.5,0.8,3,TRUE,0.9,FALSE,0.75,0,0,"ACPtrial64",1.49437494078846,1.02525901588977,0.8,0.422222222222222,0.333333333333333,0.954545454545455
"3173",64,50,100,50,5,0.5,0.5,1,0.5,0.8,3,TRUE,0.9,FALSE,0.75,0,0,"ACPtrial64",0.779343898790103,0.92050789603017,1,0.555555555555556,0.857142857142857,1
"3174",64,50,100,50,5,0.5,0.5,1,0.5,0.8,3,TRUE,0.9,FALSE,0.75,0,0,"ACPtrial64",1.01536656316205,0.888941331772387,1,0.244444444444444,0.428571428571429,0.953488372093023
"3175",64,50,100,50,5,0.5,0.5,1,0.5,0.8,3,TRUE,0.9,FALSE,0.75,0,0,"ACPtrial64",0.75439173023105,0.736622524763737,1,0.555555555555556,0.285714285714286,0.976744186046512
"3176",64,50,100,50,5,0.5,0.5,1,0.5,0.8,3,TRUE,0.9,FALSE,0.75,0,0,"ACPtrial64",0.787849073315179,0.814197371957052,0.6,0.6,0.333333333333333,0.954545454545455
"3177",64,50,100,50,5,0.5,0.5,1,0.5,0.8,3,TRUE,0.9,FALSE,0.75,0,0,"ACPtrial64",1.47533513821362,1.08720025003432,0.8,0.266666666666667,0.25,0.952380952380952
"3178",64,50,100,50,5,0.5,0.5,1,0.5,0.8,3,TRUE,0.9,FALSE,0.75,0,0,"ACPtrial64",1.91000114772211,0.763716556263571,1,0,0.571428571428571,0.976744186046512
"3179",64,50,100,50,5,0.5,0.5,1,0.5,0.8,3,TRUE,0.9,FALSE,0.75,0,0,"ACPtrial64",0.827237815755814,0.934005368299852,0.8,0.711111111111111,0.333333333333333,1
"3180",64,50,100,50,5,0.5,0.5,1,0.5,0.8,3,TRUE,0.9,FALSE,0.75,0,0,"ACPtrial64",0.834303137609878,0.909738171784166,0.6,0.6,0.285714285714286,0.953488372093023
"3181",64,50,100,50,5,0.5,0.5,1,0.5,0.8,3,TRUE,0.9,FALSE,0.75,0,0,"ACPtrial64",0.771227037011555,0.88965403104911,0.4,0.888888888888889,0.25,0.976190476190476
"3182",64,50,100,50,5,0.5,0.5,1,0.5,0.8,3,TRUE,0.9,FALSE,0.75,0,0,"ACPtrial64",1.23552330286096,0.860279184402193,1,0.511111111111111,0.428571428571429,0.976744186046512
"3183",64,50,100,50,5,0.5,0.5,1,0.5,0.8,3,TRUE,0.9,FALSE,0.75,0,0,"ACPtrial64",0.782288723074092,0.911911966218366,1,0.711111111111111,0.8,1
"3184",64,50,100,50,5,0.5,0.5,1,0.5,0.8,3,TRUE,0.9,FALSE,0.75,0,0,"ACPtrial64",0.686600799401737,0.773737023709587,0.4,0.777777777777778,0.4,1
"3185",64,50,100,50,5,0.5,0.5,1,0.5,0.8,3,TRUE,0.9,FALSE,0.75,0,0,"ACPtrial64",0.812685981877287,0.962614309136829,1,0.622222222222222,0.625,0.928571428571429
"3186",64,50,100,50,5,0.5,0.5,1,0.5,0.8,3,TRUE,0.9,FALSE,0.75,0,0,"ACPtrial64",0.660718959342115,0.726987722163677,0.4,0.644444444444444,0.375,0.976190476190476
"3187",64,50,100,50,5,0.5,0.5,1,0.5,0.8,3,TRUE,0.9,FALSE,0.75,0,0,"ACPtrial64",0.740507310830126,0.786117910879766,1,0.644444444444444,0.8,0.955555555555556
"3188",64,50,100,50,5,0.5,0.5,1,0.5,0.8,3,TRUE,0.9,FALSE,0.75,0,0,"ACPtrial64",0.664340040185566,0.806239660036807,0.8,0.555555555555556,0.5,0.931818181818182
"3189",64,50,100,50,5,0.5,0.5,1,0.5,0.8,3,TRUE,0.9,FALSE,0.75,0,0,"ACPtrial64",0.633255541908639,0.846393062990503,0.8,0.466666666666667,0.666666666666667,1
"3190",64,50,100,50,5,0.5,0.5,1,0.5,0.8,3,TRUE,0.9,FALSE,0.75,0,0,"ACPtrial64",0.674530913469136,0.85912913033814,0.6,0.711111111111111,0.166666666666667,0.954545454545455
"3191",64,50,100,50,5,0.5,0.5,1,0.5,0.8,3,TRUE,0.9,FALSE,0.75,0,0,"ACPtrial64",1.03193591404656,0.959478985520537,1,0.377777777777778,0.428571428571429,1
"3192",64,50,100,50,5,0.5,0.5,1,0.5,0.8,3,TRUE,0.9,FALSE,0.75,0,0,"ACPtrial64",0.95375792792038,0.913951251219936,1,0.266666666666667,0.285714285714286,1
"3193",64,50,100,50,5,0.5,0.5,1,0.5,0.8,3,TRUE,0.9,FALSE,0.75,0,0,"ACPtrial64",1.33142858010126,0.893524351639592,0.8,0.355555555555556,0.444444444444444,0.926829268292683
"3194",64,50,100,50,5,0.5,0.5,1,0.5,0.8,3,TRUE,0.9,FALSE,0.75,0,0,"ACPtrial64",0.699212122981947,0.938794684426533,1,0.688888888888889,0.5,0.977272727272727
"3195",64,50,100,50,5,0.5,0.5,1,0.5,0.8,3,TRUE,0.9,FALSE,0.75,0,0,"ACPtrial64",0.544003219610428,0.81922823551269,1,0.8,0.5,1
"3196",64,50,100,50,5,0.5,0.5,1,0.5,0.8,3,TRUE,0.9,FALSE,0.75,0,0,"ACPtrial64",0.746276300038591,0.82254136760078,0.6,0.622222222222222,0.333333333333333,1
"3197",64,50,100,50,5,0.5,0.5,1,0.5,0.8,3,TRUE,0.9,FALSE,0.75,0,0,"ACPtrial64",1.06689164305453,1.03689279248315,1,0.333333333333333,0.375,1
"3198",64,50,100,50,5,0.5,0.5,1,0.5,0.8,3,TRUE,0.9,FALSE,0.75,0,0,"ACPtrial64",0.666757920056235,0.788061124479029,0.6,0.577777777777778,0.4,0.9
"3199",64,50,100,50,5,0.5,0.5,1,0.5,0.8,3,TRUE,0.9,FALSE,0.75,0,0,"ACPtrial64",0.701004989371162,0.791468814857948,1,0.733333333333333,0.714285714285714,0.976744186046512
"3200",64,50,100,50,5,0.5,0.5,1,0.5,0.8,3,TRUE,0.9,FALSE,0.75,0,0,"ACPtrial64",0.788516812315796,0.868204851397574,0.6,0.555555555555556,0.375,0.976190476190476
"3201",65,50,100,50,5,0.5,0.5,1,0.5,0.8,3,TRUE,0.9,FALSE,0.75,0,0,"ACPtrial65",0.951564039782038,0.947328321069246,0.8,0.533333333333333,0.333333333333333,0.977272727272727
"3202",65,50,100,50,5,0.5,0.5,1,0.5,0.8,3,TRUE,0.9,FALSE,0.75,0,0,"ACPtrial65",0.586739868467334,0.787572368694597,0.4,0.911111111111111,0.25,1
"3203",65,50,100,50,5,0.5,0.5,1,0.5,0.8,3,TRUE,0.9,FALSE,0.75,0,0,"ACPtrial65",0.844839389671396,0.881289761686206,1,0.488888888888889,0.6,0.975
"3204",65,50,100,50,5,0.5,0.5,1,0.5,0.8,3,TRUE,0.9,FALSE,0.75,0,0,"ACPtrial65",1.04493861971563,0.991529087846022,1,0.422222222222222,0.363636363636364,0.923076923076923
"3205",65,50,100,50,5,0.5,0.5,1,0.5,0.8,3,TRUE,0.9,FALSE,0.75,0,0,"ACPtrial65",0.686705183695591,0.91769899368034,0.6,0.577777777777778,0.4,0.977777777777778
"3206",65,50,100,50,5,0.5,0.5,1,0.5,0.8,3,TRUE,0.9,FALSE,0.75,0,0,"ACPtrial65",0.686678831344729,0.834068220081001,0.8,0.377777777777778,0.285714285714286,0.953488372093023
"3207",65,50,100,50,5,0.5,0.5,1,0.5,0.8,3,TRUE,0.9,FALSE,0.75,0,0,"ACPtrial65",0.696945368837601,0.763647962600403,0.6,0.644444444444444,0.333333333333333,0.954545454545455
"3208",65,50,100,50,5,0.5,0.5,1,0.5,0.8,3,TRUE,0.9,FALSE,0.75,0,0,"ACPtrial65",0.878675033925854,0.848430206784636,0.6,0.422222222222222,0.125,1
"3209",65,50,100,50,5,0.5,0.5,1,0.5,0.8,3,TRUE,0.9,FALSE,0.75,0,0,"ACPtrial65",1.08774093439861,0.927957637103092,1,0.444444444444444,0.571428571428571,1
"3210",65,50,100,50,5,0.5,0.5,1,0.5,0.8,3,TRUE,0.9,FALSE,0.75,0,0,"ACPtrial65",0.717962710473119,1.0015219106117,0.8,0.733333333333333,0.75,1
"3211",65,50,100,50,5,0.5,0.5,1,0.5,0.8,3,TRUE,0.9,FALSE,0.75,0,0,"ACPtrial65",0.550801766130352,0.843639481578914,1,0.777777777777778,0.8,0.977777777777778
"3212",65,50,100,50,5,0.5,0.5,1,0.5,0.8,3,TRUE,0.9,FALSE,0.75,0,0,"ACPtrial65",0.746272950983845,0.77139193043363,1,0.533333333333333,0.555555555555556,0.926829268292683
"3213",65,50,100,50,5,0.5,0.5,1,0.5,0.8,3,TRUE,0.9,FALSE,0.75,0,0,"ACPtrial65",1.17423032617961,0.724917146508141,1,0.311111111111111,0.666666666666667,1
"3214",65,50,100,50,5,0.5,0.5,1,0.5,0.8,3,TRUE,0.9,FALSE,0.75,0,0,"ACPtrial65",0.83533299384612,1.05226521680269,1,0.488888888888889,0.625,0.952380952380952
"3215",65,50,100,50,5,0.5,0.5,1,0.5,0.8,3,TRUE,0.9,FALSE,0.75,0,0,"ACPtrial65",0.837583170229573,0.862475482582035,0.8,0.511111111111111,0.375,0.952380952380952
"3216",65,50,100,50,5,0.5,0.5,1,0.5,0.8,3,TRUE,0.9,FALSE,0.75,0,0,"ACPtrial65",0.72350834272054,0.756276824110634,0.4,0.377777777777778,0.333333333333333,1
"3217",65,50,100,50,5,0.5,0.5,1,0.5,0.8,3,TRUE,0.9,FALSE,0.75,0,0,"ACPtrial65",0.740328607760878,0.82938289096067,1,0.777777777777778,0.5,1
"3218",65,50,100,50,5,0.5,0.5,1,0.5,0.8,3,TRUE,0.9,FALSE,0.75,0,0,"ACPtrial65",0.79270558677313,0.788897213656394,1,0.488888888888889,0.857142857142857,0.976744186046512
"3219",65,50,100,50,5,0.5,0.5,1,0.5,0.8,3,TRUE,0.9,FALSE,0.75,0,0,"ACPtrial65",0.715301671832184,0.774724048171267,0.6,0.555555555555556,0.285714285714286,1
"3220",65,50,100,50,5,0.5,0.5,1,0.5,0.8,3,TRUE,0.9,FALSE,0.75,0,0,"ACPtrial65",1.33806622246518,0.978760106452522,0.8,0.311111111111111,0.285714285714286,0.976744186046512
"3221",65,50,100,50,5,0.5,0.5,1,0.5,0.8,3,TRUE,0.9,FALSE,0.75,0,0,"ACPtrial65",0.714937129430697,0.821294788931393,0.8,0.666666666666667,0.4,1
"3222",65,50,100,50,5,0.5,0.5,1,0.5,0.8,3,TRUE,0.9,FALSE,0.75,0,0,"ACPtrial65",1.00854564227791,0.878237414011984,0.6,0.4,0.375,0.880952380952381
"3223",65,50,100,50,5,0.5,0.5,1,0.5,0.8,3,TRUE,0.9,FALSE,0.75,0,0,"ACPtrial65",0.907288578071152,1.06092499951723,0.8,0.622222222222222,0.444444444444444,0.902439024390244
"3224",65,50,100,50,5,0.5,0.5,1,0.5,0.8,3,TRUE,0.9,FALSE,0.75,0,0,"ACPtrial65",0.757993081130947,0.84873833869162,0.8,0.622222222222222,0.181818181818182,0.974358974358974
"3225",65,50,100,50,5,0.5,0.5,1,0.5,0.8,3,TRUE,0.9,FALSE,0.75,0,0,"ACPtrial65",0.547962150957177,0.824601271350756,0.6,0.711111111111111,0.428571428571429,0.976744186046512
"3226",65,50,100,50,5,0.5,0.5,1,0.5,0.8,3,TRUE,0.9,FALSE,0.75,0,0,"ACPtrial65",0.84872147704644,0.986138188433835,1,0.644444444444444,0.3,0.95
"3227",65,50,100,50,5,0.5,0.5,1,0.5,0.8,3,TRUE,0.9,FALSE,0.75,0,0,"ACPtrial65",0.692486237358582,0.918452423277713,0.8,0.711111111111111,0.285714285714286,0.953488372093023
"3228",65,50,100,50,5,0.5,0.5,1,0.5,0.8,3,TRUE,0.9,FALSE,0.75,0,0,"ACPtrial65",1.04986216335837,1.01035258317177,0.4,0.688888888888889,0.181818181818182,0.974358974358974
"3229",65,50,100,50,5,0.5,0.5,1,0.5,0.8,3,TRUE,0.9,FALSE,0.75,0,0,"ACPtrial65",0.845209003697747,0.958890990173122,1,0.511111111111111,0.625,0.976190476190476
"3230",65,50,100,50,5,0.5,0.5,1,0.5,0.8,3,TRUE,0.9,FALSE,0.75,0,0,"ACPtrial65",0.693472166981484,0.893051948728452,0.8,0.666666666666667,0.454545454545455,0.923076923076923
"3231",65,50,100,50,5,0.5,0.5,1,0.5,0.8,3,TRUE,0.9,FALSE,0.75,0,0,"ACPtrial65",0.822217803496485,0.946813706917996,1,0.733333333333333,0.5,0.954545454545455
"3232",65,50,100,50,5,0.5,0.5,1,0.5,0.8,3,TRUE,0.9,FALSE,0.75,0,0,"ACPtrial65",0.7425436273801,0.951642331711076,0.4,0.8,0.2,1
"3233",65,50,100,50,5,0.5,0.5,1,0.5,0.8,3,TRUE,0.9,FALSE,0.75,0,0,"ACPtrial65",1.10120101496099,1.10617657356103,0.6,0.466666666666667,0.333333333333333,0.954545454545455
"3234",65,50,100,50,5,0.5,0.5,1,0.5,0.8,3,TRUE,0.9,FALSE,0.75,0,0,"ACPtrial65",0.868425967057055,0.955876077804993,0.8,0.733333333333333,0.666666666666667,0.954545454545455
"3235",65,50,100,50,5,0.5,0.5,1,0.5,0.8,3,TRUE,0.9,FALSE,0.75,0,0,"ACPtrial65",0.823400347233946,0.866640475441495,0.6,0.666666666666667,0.2,1
"3236",65,50,100,50,5,0.5,0.5,1,0.5,0.8,3,TRUE,0.9,FALSE,0.75,0,0,"ACPtrial65",0.552583148697218,0.824891890476595,1,0.8,0.5,1
"3237",65,50,100,50,5,0.5,0.5,1,0.5,0.8,3,TRUE,0.9,FALSE,0.75,0,0,"ACPtrial65",0.768482339980996,0.839167087205764,0.8,0.511111111111111,0.4,0.911111111111111
"3238",65,50,100,50,5,0.5,0.5,1,0.5,0.8,3,TRUE,0.9,FALSE,0.75,0,0,"ACPtrial65",1.13714399202897,1.08511643064433,0.6,0.488888888888889,0.666666666666667,0.977272727272727
"3239",65,50,100,50,5,0.5,0.5,1,0.5,0.8,3,TRUE,0.9,FALSE,0.75,0,0,"ACPtrial65",0.767400274782232,0.883256846467863,1,0.711111111111111,0.6,1
"3240",65,50,100,50,5,0.5,0.5,1,0.5,0.8,3,TRUE,0.9,FALSE,0.75,0,0,"ACPtrial65",0.904014628269291,0.858338068652397,1,0.511111111111111,0.428571428571429,1
"3241",65,50,100,50,5,0.5,0.5,1,0.5,0.8,3,TRUE,0.9,FALSE,0.75,0,0,"ACPtrial65",0.729547910197613,0.962278324156908,0.4,0.777777777777778,0.3,1
"3242",65,50,100,50,5,0.5,0.5,1,0.5,0.8,3,TRUE,0.9,FALSE,0.75,0,0,"ACPtrial65",0.714161373662033,0.739148933371769,0.6,0.622222222222222,0.4,0.955555555555556
"3243",65,50,100,50,5,0.5,0.5,1,0.5,0.8,3,TRUE,0.9,FALSE,0.75,0,0,"ACPtrial65",0.80351140312295,0.937083401847069,0.6,0.644444444444444,0.333333333333333,0.931818181818182
"3244",65,50,100,50,5,0.5,0.5,1,0.5,0.8,3,TRUE,0.9,FALSE,0.75,0,0,"ACPtrial65",0.801912258698891,0.833380690489005,0.8,0.644444444444444,0.285714285714286,0.953488372093023
"3245",65,50,100,50,5,0.5,0.5,1,0.5,0.8,3,TRUE,0.9,FALSE,0.75,0,0,"ACPtrial65",0.525379251919903,0.835975346107819,1,0.8,0.5,0.954545454545455
"3246",65,50,100,50,5,0.5,0.5,1,0.5,0.8,3,TRUE,0.9,FALSE,0.75,0,0,"ACPtrial65",0.809734368563698,0.973498615753818,1,0.577777777777778,0.8,0.955555555555556
"3247",65,50,100,50,5,0.5,0.5,1,0.5,0.8,3,TRUE,0.9,FALSE,0.75,0,0,"ACPtrial65",1.16789471777073,0.879809989112264,1,0.266666666666667,0.571428571428571,1
"3248",65,50,100,50,5,0.5,0.5,1,0.5,0.8,3,TRUE,0.9,FALSE,0.75,0,0,"ACPtrial65",0.646727681040553,0.720765482914305,0.8,0.622222222222222,0.571428571428571,0.906976744186046
"3249",65,50,100,50,5,0.5,0.5,1,0.5,0.8,3,TRUE,0.9,FALSE,0.75,0,0,"ACPtrial65",0.635538521398398,0.723892055580815,0.6,0.777777777777778,0.5,0.954545454545455
"3250",65,50,100,50,5,0.5,0.5,1,0.5,0.8,3,TRUE,0.9,FALSE,0.75,0,0,"ACPtrial65",0.820978451442936,0.797795599227387,0.6,0.622222222222222,0.285714285714286,0.930232558139535
"3251",66,50,100,50,5,0.5,0.5,1,0.5,0.8,3,TRUE,0.9,FALSE,0.75,0,0,"ACPtrial66",1.15867110881159,0.850910912177407,1,0.155555555555556,0.666666666666667,0.977272727272727
"3252",66,50,100,50,5,0.5,0.5,1,0.5,0.8,3,TRUE,0.9,FALSE,0.75,0,0,"ACPtrial66",0.697046493092463,0.948095457167304,0.8,0.888888888888889,0.4,0.977777777777778
"3253",66,50,100,50,5,0.5,0.5,1,0.5,0.8,3,TRUE,0.9,FALSE,0.75,0,0,"ACPtrial66",0.767624858542077,0.869473272502854,0.4,0.6,0.4,0.911111111111111
"3254",66,50,100,50,5,0.5,0.5,1,0.5,0.8,3,TRUE,0.9,FALSE,0.75,0,0,"ACPtrial66",0.961829717968647,0.896731142785028,0.6,0.6,0.5,0.954545454545455
"3255",66,50,100,50,5,0.5,0.5,1,0.5,0.8,3,TRUE,0.9,FALSE,0.75,0,0,"ACPtrial66",0.85436502206105,0.843951549024172,0.8,0.511111111111111,0.375,0.976190476190476
"3256",66,50,100,50,5,0.5,0.5,1,0.5,0.8,3,TRUE,0.9,FALSE,0.75,0,0,"ACPtrial66",0.91688269188927,0.940907316154526,0.8,0.6,0.333333333333333,0.975609756097561
"3257",66,50,100,50,5,0.5,0.5,1,0.5,0.8,3,TRUE,0.9,FALSE,0.75,0,0,"ACPtrial66",0.834294713070685,0.836473094496548,1,0.555555555555556,0.363636363636364,1
"3258",66,50,100,50,5,0.5,0.5,1,0.5,0.8,3,TRUE,0.9,FALSE,0.75,0,0,"ACPtrial66",0.67302566757522,0.825073498643601,1,0.777777777777778,0.333333333333333,0.977272727272727
"3259",66,50,100,50,5,0.5,0.5,1,0.5,0.8,3,TRUE,0.9,FALSE,0.75,0,0,"ACPtrial66",1.32300962688579,0.885384519050179,0.8,0.4,0.222222222222222,0.975609756097561
"3260",66,50,100,50,5,0.5,0.5,1,0.5,0.8,3,TRUE,0.9,FALSE,0.75,0,0,"ACPtrial66",0.72118121601004,0.89995733535728,1,0.755555555555556,0.4,1
"3261",66,50,100,50,5,0.5,0.5,1,0.5,0.8,3,TRUE,0.9,FALSE,0.75,0,0,"ACPtrial66",0.826450430136359,0.877325219087503,1,0.533333333333333,0.833333333333333,0.954545454545455
"3262",66,50,100,50,5,0.5,0.5,1,0.5,0.8,3,TRUE,0.9,FALSE,0.75,0,0,"ACPtrial66",0.750327788324523,0.789589036770341,0.8,0.555555555555556,0.333333333333333,0.954545454545455
"3263",66,50,100,50,5,0.5,0.5,1,0.5,0.8,3,TRUE,0.9,FALSE,0.75,0,0,"ACPtrial66",0.885527344560078,1.10409388142927,1,0.711111111111111,0.833333333333333,0.931818181818182
"3264",66,50,100,50,5,0.5,0.5,1,0.5,0.8,3,TRUE,0.9,FALSE,0.75,0,0,"ACPtrial66",0.737346755636126,0.870510410982416,0.4,0.8,0.25,1
"3265",66,50,100,50,5,0.5,0.5,1,0.5,0.8,3,TRUE,0.9,FALSE,0.75,0,0,"ACPtrial66",0.688527159000342,0.88305723757018,1,0.755555555555556,0.666666666666667,0.931818181818182
"3266",66,50,100,50,5,0.5,0.5,1,0.5,0.8,3,TRUE,0.9,FALSE,0.75,0,0,"ACPtrial66",0.60109676993996,0.772690999195383,0.8,0.666666666666667,0.333333333333333,0.931818181818182
"3267",66,50,100,50,5,0.5,0.5,1,0.5,0.8,3,TRUE,0.9,FALSE,0.75,0,0,"ACPtrial66",0.769192145291414,0.855421655048694,1,0.511111111111111,0.428571428571429,0.813953488372093
"3268",66,50,100,50,5,0.5,0.5,1,0.5,0.8,3,TRUE,0.9,FALSE,0.75,0,0,"ACPtrial66",0.632090197745584,0.761030323290294,0.8,0.666666666666667,0.285714285714286,0.976744186046512
"3269",66,50,100,50,5,0.5,0.5,1,0.5,0.8,3,TRUE,0.9,FALSE,0.75,0,0,"ACPtrial66",1.01297801384664,0.806056959649474,1,0.266666666666667,0.375,0.952380952380952
"3270",66,50,100,50,5,0.5,0.5,1,0.5,0.8,3,TRUE,0.9,FALSE,0.75,0,0,"ACPtrial66",0.817327911631788,0.892025677514412,1,0.622222222222222,0.571428571428571,0.930232558139535
"3271",66,50,100,50,5,0.5,0.5,1,0.5,0.8,3,TRUE,0.9,FALSE,0.75,0,0,"ACPtrial66",0.85438001416222,0.994060429547706,0.8,0.688888888888889,0.333333333333333,0.954545454545455
"3272",66,50,100,50,5,0.5,0.5,1,0.5,0.8,3,TRUE,0.9,FALSE,0.75,0,0,"ACPtrial66",1.26898823218672,0.908694609677762,1,0.0888888888888889,0.6,1
"3273",66,50,100,50,5,0.5,0.5,1,0.5,0.8,3,TRUE,0.9,FALSE,0.75,0,0,"ACPtrial66",1.57312277307375,0.84850378871261,1,0.2,1,0.977777777777778
"3274",66,50,100,50,5,0.5,0.5,1,0.5,0.8,3,TRUE,0.9,FALSE,0.75,0,0,"ACPtrial66",0.767081229956434,0.727793019319686,0.8,0.644444444444444,0.428571428571429,0.976744186046512
"3275",66,50,100,50,5,0.5,0.5,1,0.5,0.8,3,TRUE,0.9,FALSE,0.75,0,0,"ACPtrial66",1.31093802221605,0.81494858409507,1,0.111111111111111,0.833333333333333,0.977272727272727
"3276",66,50,100,50,5,0.5,0.5,1,0.5,0.8,3,TRUE,0.9,FALSE,0.75,0,0,"ACPtrial66",0.744529530397586,0.766507333596598,0.8,0.777777777777778,0.333333333333333,0.977272727272727
"3277",66,50,100,50,5,0.5,0.5,1,0.5,0.8,3,TRUE,0.9,FALSE,0.75,0,0,"ACPtrial66",0.701642434909235,0.933112813393335,1,0.822222222222222,0.666666666666667,0.977272727272727
"3278",66,50,100,50,5,0.5,0.5,1,0.5,0.8,3,TRUE,0.9,FALSE,0.75,0,0,"ACPtrial66",0.667462196296667,0.916030707067767,0.8,0.733333333333333,0.333333333333333,0.975609756097561
"3279",66,50,100,50,5,0.5,0.5,1,0.5,0.8,3,TRUE,0.9,FALSE,0.75,0,0,"ACPtrial66",0.970047307354217,0.870587684041932,0.8,0.555555555555556,0.4,0.933333333333333
"3280",66,50,100,50,5,0.5,0.5,1,0.5,0.8,3,TRUE,0.9,FALSE,0.75,0,0,"ACPtrial66",0.868480789490504,0.884923483926802,0.6,0.622222222222222,0.285714285714286,1
"3281",66,50,100,50,5,0.5,0.5,1,0.5,0.8,3,TRUE,0.9,FALSE,0.75,0,0,"ACPtrial66",0.602457893491641,0.825465652815368,0.8,0.8,0.6,1
"3282",66,50,100,50,5,0.5,0.5,1,0.5,0.8,3,TRUE,0.9,FALSE,0.75,0,0,"ACPtrial66",0.826580305918639,0.895373920503546,0.8,0.4,0.25,0.976190476190476
"3283",66,50,100,50,5,0.5,0.5,1,0.5,0.8,3,TRUE,0.9,FALSE,0.75,0,0,"ACPtrial66",0.71675337619526,0.752761704390882,0.4,0.8,0.25,0.976190476190476
"3284",66,50,100,50,5,0.5,0.5,1,0.5,0.8,3,TRUE,0.9,FALSE,0.75,0,0,"ACPtrial66",0.581587444451864,0.850327209079426,0.4,0.755555555555556,0.4,0.977777777777778
"3285",66,50,100,50,5,0.5,0.5,1,0.5,0.8,3,TRUE,0.9,FALSE,0.75,0,0,"ACPtrial66",0.711905464165125,0.987214892653358,1,0.8,0.375,1
"3286",66,50,100,50,5,0.5,0.5,1,0.5,0.8,3,TRUE,0.9,FALSE,0.75,0,0,"ACPtrial66",0.830089097718435,0.950835581206467,0.8,0.755555555555556,0.428571428571429,1
"3287",66,50,100,50,5,0.5,0.5,1,0.5,0.8,3,TRUE,0.9,FALSE,0.75,0,0,"ACPtrial66",0.648233423408941,0.833384273249329,0.4,0.777777777777778,0.333333333333333,1
"3288",66,50,100,50,5,0.5,0.5,1,0.5,0.8,3,TRUE,0.9,FALSE,0.75,0,0,"ACPtrial66",1.93760693259652,0.99425402252464,0.8,0.155555555555556,0.333333333333333,0.973684210526316
"3289",66,50,100,50,5,0.5,0.5,1,0.5,0.8,3,TRUE,0.9,FALSE,0.75,0,0,"ACPtrial66",1.11004981503427,0.868483699681546,1,0.4,0.571428571428571,1
"3290",66,50,100,50,5,0.5,0.5,1,0.5,0.8,3,TRUE,0.9,FALSE,0.75,0,0,"ACPtrial66",0.709925171063542,0.875034358786888,0.6,0.733333333333333,0.285714285714286,0.953488372093023
"3291",66,50,100,50,5,0.5,0.5,1,0.5,0.8,3,TRUE,0.9,FALSE,0.75,0,0,"ACPtrial66",0.842119193441552,0.76757579241421,1,0.377777777777778,0.8,0.911111111111111
"3292",66,50,100,50,5,0.5,0.5,1,0.5,0.8,3,TRUE,0.9,FALSE,0.75,0,0,"ACPtrial66",0.732875735025775,0.855303156513013,0.8,0.644444444444444,0.428571428571429,0.976744186046512
"3293",66,50,100,50,5,0.5,0.5,1,0.5,0.8,3,TRUE,0.9,FALSE,0.75,0,0,"ACPtrial66",0.818370628029587,0.85146114020099,1,0.4,0.428571428571429,0.906976744186046
"3294",66,50,100,50,5,0.5,0.5,1,0.5,0.8,3,TRUE,0.9,FALSE,0.75,0,0,"ACPtrial66",0.939476967535235,1.04000100095082,1,0.755555555555556,0.8,0.977777777777778
"3295",66,50,100,50,5,0.5,0.5,1,0.5,0.8,3,TRUE,0.9,FALSE,0.75,0,0,"ACPtrial66",1.12507482597292,0.939823582327858,0.6,0.444444444444444,0.166666666666667,0.947368421052632
"3296",66,50,100,50,5,0.5,0.5,1,0.5,0.8,3,TRUE,0.9,FALSE,0.75,0,0,"ACPtrial66",0.718663911960412,0.731411098682295,0.6,0.577777777777778,0.285714285714286,1
"3297",66,50,100,50,5,0.5,0.5,1,0.5,0.8,3,TRUE,0.9,FALSE,0.75,0,0,"ACPtrial66",1.01058199605372,0.829879434711035,0.8,0.355555555555556,0.5,0.909090909090909
"3298",66,50,100,50,5,0.5,0.5,1,0.5,0.8,3,TRUE,0.9,FALSE,0.75,0,0,"ACPtrial66",1.15007583856065,0.807239102095652,0.8,0.444444444444444,0.333333333333333,1
"3299",66,50,100,50,5,0.5,0.5,1,0.5,0.8,3,TRUE,0.9,FALSE,0.75,0,0,"ACPtrial66",0.650047677886189,0.872933108370417,0.8,0.666666666666667,0.666666666666667,0.954545454545455
"3300",66,50,100,50,5,0.5,0.5,1,0.5,0.8,3,TRUE,0.9,FALSE,0.75,0,0,"ACPtrial66",0.599505972787566,0.785891283470717,1,0.711111111111111,0.5,0.954545454545455
"3301",67,50,100,50,5,0.5,0.5,1,0.5,0.8,3,TRUE,0.9,FALSE,0.75,0,0,"ACPtrial67",0.629555237449297,0.933050103538847,1,0.711111111111111,0.666666666666667,0.951219512195122
"3302",67,50,100,50,5,0.5,0.5,1,0.5,0.8,3,TRUE,0.9,FALSE,0.75,0,0,"ACPtrial67",0.69185542347804,0.789296492197878,0.8,0.733333333333333,0.6,1
"3303",67,50,100,50,5,0.5,0.5,1,0.5,0.8,3,TRUE,0.9,FALSE,0.75,0,0,"ACPtrial67",1.24565407019271,0.987302358496971,1,0.333333333333333,0.571428571428571,0.976744186046512
"3304",67,50,100,50,5,0.5,0.5,1,0.5,0.8,3,TRUE,0.9,FALSE,0.75,0,0,"ACPtrial67",0.956896405174419,1.01821813846404,1,0.644444444444444,0.833333333333333,1
"3305",67,50,100,50,5,0.5,0.5,1,0.5,0.8,3,TRUE,0.9,FALSE,0.75,0,0,"ACPtrial67",1.23566635486361,0.824628130675437,0.8,0.333333333333333,0.25,1
"3306",67,50,100,50,5,0.5,0.5,1,0.5,0.8,3,TRUE,0.9,FALSE,0.75,0,0,"ACPtrial67",0.970151362058732,0.841779879369863,1,0.622222222222222,0.444444444444444,1
"3307",67,50,100,50,5,0.5,0.5,1,0.5,0.8,3,TRUE,0.9,FALSE,0.75,0,0,"ACPtrial67",0.572944365037706,0.816541008288002,0.6,0.866666666666667,0.4,0.977777777777778
"3308",67,50,100,50,5,0.5,0.5,1,0.5,0.8,3,TRUE,0.9,FALSE,0.75,0,0,"ACPtrial67",1.04820053643692,0.946530184609633,0.6,0.666666666666667,0.8,1
"3309",67,50,100,50,5,0.5,0.5,1,0.5,0.8,3,TRUE,0.9,FALSE,0.75,0,0,"ACPtrial67",0.743371429521717,0.966982260596068,0.6,0.8,0.222222222222222,1
"3310",67,50,100,50,5,0.5,0.5,1,0.5,0.8,3,TRUE,0.9,FALSE,0.75,0,0,"ACPtrial67",0.674369322409148,0.843571723290189,0.8,0.533333333333333,0.428571428571429,0.976744186046512
"3311",67,50,100,50,5,0.5,0.5,1,0.5,0.8,3,TRUE,0.9,FALSE,0.75,0,0,"ACPtrial67",0.808270284218248,0.937858081121391,1,0.577777777777778,0.428571428571429,1
"3312",67,50,100,50,5,0.5,0.5,1,0.5,0.8,3,TRUE,0.9,FALSE,0.75,0,0,"ACPtrial67",0.859890551987701,0.83132437307192,1,0.488888888888889,0.333333333333333,0.926829268292683
"3313",67,50,100,50,5,0.5,0.5,1,0.5,0.8,3,TRUE,0.9,FALSE,0.75,0,0,"ACPtrial67",1.06212475033302,0.80104152536636,0.8,0.355555555555556,0.333333333333333,0.977272727272727
"3314",67,50,100,50,5,0.5,0.5,1,0.5,0.8,3,TRUE,0.9,FALSE,0.75,0,0,"ACPtrial67",0.788584349687209,0.805058486263218,1,0.377777777777778,0.333333333333333,1
"3315",67,50,100,50,5,0.5,0.5,1,0.5,0.8,3,TRUE,0.9,FALSE,0.75,0,0,"ACPtrial67",1.06039481996394,0.850462181132869,0.6,0.266666666666667,0.375,0.952380952380952
"3316",67,50,100,50,5,0.5,0.5,1,0.5,0.8,3,TRUE,0.9,FALSE,0.75,0,0,"ACPtrial67",0.789451032724941,0.852537611264231,0.8,0.555555555555556,0.375,0.976190476190476
"3317",67,50,100,50,5,0.5,0.5,1,0.5,0.8,3,TRUE,0.9,FALSE,0.75,0,0,"ACPtrial67",0.768979782604319,0.757259800967632,0.8,0.577777777777778,0.5,0.977272727272727
"3318",67,50,100,50,5,0.5,0.5,1,0.5,0.8,3,TRUE,0.9,FALSE,0.75,0,0,"ACPtrial67",0.811830688631109,0.812176732257836,0.6,0.733333333333333,0.25,0.976190476190476
"3319",67,50,100,50,5,0.5,0.5,1,0.5,0.8,3,TRUE,0.9,FALSE,0.75,0,0,"ACPtrial67",0.867488619910928,0.859171760839628,0.4,0.711111111111111,0.333333333333333,0.977272727272727
"3320",67,50,100,50,5,0.5,0.5,1,0.5,0.8,3,TRUE,0.9,FALSE,0.75,0,0,"ACPtrial67",0.897945653538338,0.895394019205566,1,0.355555555555556,0.6,0.977777777777778
"3321",67,50,100,50,5,0.5,0.5,1,0.5,0.8,3,TRUE,0.9,FALSE,0.75,0,0,"ACPtrial67",0.621098386261388,0.856948059211556,1,0.822222222222222,0.5,0.977272727272727
"3322",67,50,100,50,5,0.5,0.5,1,0.5,0.8,3,TRUE,0.9,FALSE,0.75,0,0,"ACPtrial67",0.883832808425794,0.858554891057737,1,0.6,0.5,1
"3323",67,50,100,50,5,0.5,0.5,1,0.5,0.8,3,TRUE,0.9,FALSE,0.75,0,0,"ACPtrial67",0.676564305638826,0.796861653885,0.6,0.755555555555556,0.3,1
"3324",67,50,100,50,5,0.5,0.5,1,0.5,0.8,3,TRUE,0.9,FALSE,0.75,0,0,"ACPtrial67",0.520371223234136,0.754239112385373,0.8,0.8,0.285714285714286,0.930232558139535
"3325",67,50,100,50,5,0.5,0.5,1,0.5,0.8,3,TRUE,0.9,FALSE,0.75,0,0,"ACPtrial67",1.03556385397193,0.908279827704055,0.4,0.555555555555556,0.4,1
"3326",67,50,100,50,5,0.5,0.5,1,0.5,0.8,3,TRUE,0.9,FALSE,0.75,0,0,"ACPtrial67",0.770940252446569,0.828044556612362,1,0.444444444444444,0.333333333333333,0.954545454545455
"3327",67,50,100,50,5,0.5,0.5,1,0.5,0.8,3,TRUE,0.9,FALSE,0.75,0,0,"ACPtrial67",0.708200907743942,0.753817700410758,0.6,0.533333333333333,0.222222222222222,1
"3328",67,50,100,50,5,0.5,0.5,1,0.5,0.8,3,TRUE,0.9,FALSE,0.75,0,0,"ACPtrial67",1.13132147406026,0.856623856231396,0.4,0.222222222222222,0.25,0.928571428571429
"3329",67,50,100,50,5,0.5,0.5,1,0.5,0.8,3,TRUE,0.9,FALSE,0.75,0,0,"ACPtrial67",0.608794828859045,0.797934189314115,0.8,0.733333333333333,0.285714285714286,0.976744186046512
"3330",67,50,100,50,5,0.5,0.5,1,0.5,0.8,3,TRUE,0.9,FALSE,0.75,0,0,"ACPtrial67",0.865990433054525,0.885793389118345,1,0.288888888888889,0.428571428571429,0.976744186046512
"3331",67,50,100,50,5,0.5,0.5,1,0.5,0.8,3,TRUE,0.9,FALSE,0.75,0,0,"ACPtrial67",0.730455698596515,0.855330026956085,1,0.533333333333333,0.333333333333333,1
"3332",67,50,100,50,5,0.5,0.5,1,0.5,0.8,3,TRUE,0.9,FALSE,0.75,0,0,"ACPtrial67",0.984407419270428,1.0208520560067,0.8,0.577777777777778,0.5,0.977272727272727
"3333",67,50,100,50,5,0.5,0.5,1,0.5,0.8,3,TRUE,0.9,FALSE,0.75,0,0,"ACPtrial67",0.675198721896423,0.870394696952114,0.8,0.755555555555556,0.153846153846154,0.972972972972973
"3334",67,50,100,50,5,0.5,0.5,1,0.5,0.8,3,TRUE,0.9,FALSE,0.75,0,0,"ACPtrial67",0.913562579319315,0.810293618903476,1,0.333333333333333,0.6,0.977777777777778
"3335",67,50,100,50,5,0.5,0.5,1,0.5,0.8,3,TRUE,0.9,FALSE,0.75,0,0,"ACPtrial67",0.725578701071414,0.820083663776492,0.8,0.488888888888889,0.222222222222222,0.902439024390244
"3336",67,50,100,50,5,0.5,0.5,1,0.5,0.8,3,TRUE,0.9,FALSE,0.75,0,0,"ACPtrial67",2.08576514228188,0.976576304942213,0.8,0.0666666666666667,0.3,0.925
"3337",67,50,100,50,5,0.5,0.5,1,0.5,0.8,3,TRUE,0.9,FALSE,0.75,0,0,"ACPtrial67",0.757845406322216,1.10909152435298,0.8,0.688888888888889,0.25,0.976190476190476
"3338",67,50,100,50,5,0.5,0.5,1,0.5,0.8,3,TRUE,0.9,FALSE,0.75,0,0,"ACPtrial67",0.759385087824867,0.694584651230903,0.4,0.622222222222222,0.4,1
"3339",67,50,100,50,5,0.5,0.5,1,0.5,0.8,3,TRUE,0.9,FALSE,0.75,0,0,"ACPtrial67",0.998822521579985,0.801849564191815,0.6,0.222222222222222,0.428571428571429,0.883720930232558
"3340",67,50,100,50,5,0.5,0.5,1,0.5,0.8,3,TRUE,0.9,FALSE,0.75,0,0,"ACPtrial67",0.798361701508767,0.937393911019823,1,0.577777777777778,0.25,0.833333333333333
"3341",67,50,100,50,5,0.5,0.5,1,0.5,0.8,3,TRUE,0.9,FALSE,0.75,0,0,"ACPtrial67",0.762341216379318,0.811437629951146,0.8,0.488888888888889,0.285714285714286,0.976744186046512
"3342",67,50,100,50,5,0.5,0.5,1,0.5,0.8,3,TRUE,0.9,FALSE,0.75,0,0,"ACPtrial67",1.76069051556793,0.908751100369879,1,0.177777777777778,0.333333333333333,1
"3343",67,50,100,50,5,0.5,0.5,1,0.5,0.8,3,TRUE,0.9,FALSE,0.75,0,0,"ACPtrial67",1.3853156884908,0.872341326043016,0.8,0.333333333333333,0.4,0.977777777777778
"3344",67,50,100,50,5,0.5,0.5,1,0.5,0.8,3,TRUE,0.9,FALSE,0.75,0,0,"ACPtrial67",0.796131717246677,0.862895173736324,0.8,0.577777777777778,0.444444444444444,0.878048780487805
"3345",67,50,100,50,5,0.5,0.5,1,0.5,0.8,3,TRUE,0.9,FALSE,0.75,0,0,"ACPtrial67",0.66280887010165,0.823943783820876,1,0.333333333333333,0.8,0.933333333333333
"3346",67,50,100,50,5,0.5,0.5,1,0.5,0.8,3,TRUE,0.9,FALSE,0.75,0,0,"ACPtrial67",0.697618707175793,0.787563698607311,0.6,0.555555555555556,0.5,0.904761904761905
"3347",67,50,100,50,5,0.5,0.5,1,0.5,0.8,3,TRUE,0.9,FALSE,0.75,0,0,"ACPtrial67",0.645318495677288,0.766551679660338,0.8,0.688888888888889,0.4,0.977777777777778
"3348",67,50,100,50,5,0.5,0.5,1,0.5,0.8,3,TRUE,0.9,FALSE,0.75,0,0,"ACPtrial67",0.86987939526745,0.946783966448207,0.8,0.444444444444444,0.222222222222222,0.975609756097561
"3349",67,50,100,50,5,0.5,0.5,1,0.5,0.8,3,TRUE,0.9,FALSE,0.75,0,0,"ACPtrial67",0.922381276048198,0.921398670877565,1,0.6,0.333333333333333,0.954545454545455
"3350",67,50,100,50,5,0.5,0.5,1,0.5,0.8,3,TRUE,0.9,FALSE,0.75,0,0,"ACPtrial67",0.89121673564995,0.943029646126498,1,0.4,0.571428571428571,0.953488372093023
"3351",68,50,100,50,5,0.5,0.5,1,0.5,0.8,3,TRUE,0.9,FALSE,0.75,0,0,"ACPtrial68",0.897330227406136,0.874504518283105,0.8,0.177777777777778,0.285714285714286,0.953488372093023
"3352",68,50,100,50,5,0.5,0.5,1,0.5,0.8,3,TRUE,0.9,FALSE,0.75,0,0,"ACPtrial68",0.718864916666551,0.787856858851922,0.8,0.444444444444444,0.428571428571429,0.976744186046512
"3353",68,50,100,50,5,0.5,0.5,1,0.5,0.8,3,TRUE,0.9,FALSE,0.75,0,0,"ACPtrial68",0.805266035813863,0.838032930334647,0.6,0.733333333333333,0.5,0.931818181818182
"3354",68,50,100,50,5,0.5,0.5,1,0.5,0.8,3,TRUE,0.9,FALSE,0.75,0,0,"ACPtrial68",0.685192166693013,0.892462810486189,0.8,0.755555555555556,0.5,1
"3355",68,50,100,50,5,0.5,0.5,1,0.5,0.8,3,TRUE,0.9,FALSE,0.75,0,0,"ACPtrial68",1.0122089391734,1.08780542823388,0.8,0.377777777777778,0.5,0.931818181818182
"3356",68,50,100,50,5,0.5,0.5,1,0.5,0.8,3,TRUE,0.9,FALSE,0.75,0,0,"ACPtrial68",0.976897351605294,0.910930581903042,1,0.333333333333333,0.333333333333333,1
"3357",68,50,100,50,5,0.5,0.5,1,0.5,0.8,3,TRUE,0.9,FALSE,0.75,0,0,"ACPtrial68",0.996242510491709,1.03567106477433,0.8,0.466666666666667,0.25,0.952380952380952
"3358",68,50,100,50,5,0.5,0.5,1,0.5,0.8,3,TRUE,0.9,FALSE,0.75,0,0,"ACPtrial68",1.07539474039766,0.872387314838924,0.8,0.622222222222222,0.25,1
"3359",68,50,100,50,5,0.5,0.5,1,0.5,0.8,3,TRUE,0.9,FALSE,0.75,0,0,"ACPtrial68",0.841610419357063,0.913880467708775,0.8,0.644444444444444,0.272727272727273,0.974358974358974
"3360",68,50,100,50,5,0.5,0.5,1,0.5,0.8,3,TRUE,0.9,FALSE,0.75,0,0,"ACPtrial68",0.957483300738927,0.968417897198793,1,0.4,0.333333333333333,0.931818181818182
"3361",68,50,100,50,5,0.5,0.5,1,0.5,0.8,3,TRUE,0.9,FALSE,0.75,0,0,"ACPtrial68",1.00743062608917,1.06793468227539,1,0.666666666666667,0.3,0.975
"3362",68,50,100,50,5,0.5,0.5,1,0.5,0.8,3,TRUE,0.9,FALSE,0.75,0,0,"ACPtrial68",0.82274930007894,0.884274550641311,0.4,0.555555555555556,0.333333333333333,0.975609756097561
"3363",68,50,100,50,5,0.5,0.5,1,0.5,0.8,3,TRUE,0.9,FALSE,0.75,0,0,"ACPtrial68",0.789630296299404,0.827394617688513,0.6,0.755555555555556,0.666666666666667,0.977272727272727
"3364",68,50,100,50,5,0.5,0.5,1,0.5,0.8,3,TRUE,0.9,FALSE,0.75,0,0,"ACPtrial68",0.559335752753474,0.768856985772474,0.6,0.822222222222222,0.6,1
"3365",68,50,100,50,5,0.5,0.5,1,0.5,0.8,3,TRUE,0.9,FALSE,0.75,0,0,"ACPtrial68",0.727656249905589,0.859144208834163,0.8,0.755555555555556,0.333333333333333,0.977272727272727
"3366",68,50,100,50,5,0.5,0.5,1,0.5,0.8,3,TRUE,0.9,FALSE,0.75,0,0,"ACPtrial68",1.07270162479584,0.970948905378548,1,0.4,0.428571428571429,0.930232558139535
"3367",68,50,100,50,5,0.5,0.5,1,0.5,0.8,3,TRUE,0.9,FALSE,0.75,0,0,"ACPtrial68",0.849930030318771,0.914340771979149,1,0.4,0.375,0.976190476190476
"3368",68,50,100,50,5,0.5,0.5,1,0.5,0.8,3,TRUE,0.9,FALSE,0.75,0,0,"ACPtrial68",0.773091883861532,0.818733579663295,1,0.577777777777778,0.666666666666667,0.977272727272727
"3369",68,50,100,50,5,0.5,0.5,1,0.5,0.8,3,TRUE,0.9,FALSE,0.75,0,0,"ACPtrial68",0.804647873234923,0.94620644865309,1,0.511111111111111,0.428571428571429,0.953488372093023
"3370",68,50,100,50,5,0.5,0.5,1,0.5,0.8,3,TRUE,0.9,FALSE,0.75,0,0,"ACPtrial68",0.741166982122124,0.8915251193919,1,0.577777777777778,0.571428571428571,1
"3371",68,50,100,50,5,0.5,0.5,1,0.5,0.8,3,TRUE,0.9,FALSE,0.75,0,0,"ACPtrial68",0.688694013533222,0.89758341816462,0.8,0.733333333333333,0.8,1
"3372",68,50,100,50,5,0.5,0.5,1,0.5,0.8,3,TRUE,0.9,FALSE,0.75,0,0,"ACPtrial68",0.654222318954668,0.855492012959175,0.6,0.711111111111111,0.375,1
"3373",68,50,100,50,5,0.5,0.5,1,0.5,0.8,3,TRUE,0.9,FALSE,0.75,0,0,"ACPtrial68",0.837520245920631,0.872924236541212,0.6,0.577777777777778,0.285714285714286,0.976744186046512
"3374",68,50,100,50,5,0.5,0.5,1,0.5,0.8,3,TRUE,0.9,FALSE,0.75,0,0,"ACPtrial68",0.720793067190251,0.975016677462998,1,0.688888888888889,0.2,0.95
"3375",68,50,100,50,5,0.5,0.5,1,0.5,0.8,3,TRUE,0.9,FALSE,0.75,0,0,"ACPtrial68",0.968646846080094,1.05630281776429,1,0.577777777777778,0.363636363636364,0.948717948717949
"3376",68,50,100,50,5,0.5,0.5,1,0.5,0.8,3,TRUE,0.9,FALSE,0.75,0,0,"ACPtrial68",1.27357869303703,0.850307707721424,1,0.222222222222222,0.444444444444444,0.951219512195122
"3377",68,50,100,50,5,0.5,0.5,1,0.5,0.8,3,TRUE,0.9,FALSE,0.75,0,0,"ACPtrial68",1.04537718660131,1.0017791955806,0.6,0.488888888888889,0.333333333333333,0.951219512195122
"3378",68,50,100,50,5,0.5,0.5,1,0.5,0.8,3,TRUE,0.9,FALSE,0.75,0,0,"ACPtrial68",0.658986743644295,0.774091917899582,0.4,0.777777777777778,0.25,0.976190476190476
"3379",68,50,100,50,5,0.5,0.5,1,0.5,0.8,3,TRUE,0.9,FALSE,0.75,0,0,"ACPtrial68",1.20692855211844,0.914847683091858,1,0.0888888888888889,0.5,0.928571428571429
"3380",68,50,100,50,5,0.5,0.5,1,0.5,0.8,3,TRUE,0.9,FALSE,0.75,0,0,"ACPtrial68",0.58091467255842,0.800139426743344,0.6,0.777777777777778,0.333333333333333,1
"3381",68,50,100,50,5,0.5,0.5,1,0.5,0.8,3,TRUE,0.9,FALSE,0.75,0,0,"ACPtrial68",0.599983906712932,0.919672343279509,1,0.822222222222222,0.428571428571429,1
"3382",68,50,100,50,5,0.5,0.5,1,0.5,0.8,3,TRUE,0.9,FALSE,0.75,0,0,"ACPtrial68",0.80353709190325,0.874319512971369,0.4,0.777777777777778,0.5,0.977272727272727
"3383",68,50,100,50,5,0.5,0.5,1,0.5,0.8,3,TRUE,0.9,FALSE,0.75,0,0,"ACPtrial68",0.851566361729599,0.990394120828897,1,0.244444444444444,0.333333333333333,0.977272727272727
"3384",68,50,100,50,5,0.5,0.5,1,0.5,0.8,3,TRUE,0.9,FALSE,0.75,0,0,"ACPtrial68",0.797058107448486,0.817872496991996,1,0.622222222222222,0.444444444444444,1
"3385",68,50,100,50,5,0.5,0.5,1,0.5,0.8,3,TRUE,0.9,FALSE,0.75,0,0,"ACPtrial68",0.668938323084851,0.780852470522156,1,0.777777777777778,0.625,0.952380952380952
"3386",68,50,100,50,5,0.5,0.5,1,0.5,0.8,3,TRUE,0.9,FALSE,0.75,0,0,"ACPtrial68",0.825187368664919,0.818934882176298,0.6,0.511111111111111,0.5,0.880952380952381
"3387",68,50,100,50,5,0.5,0.5,1,0.5,0.8,3,TRUE,0.9,FALSE,0.75,0,0,"ACPtrial68",0.847486606723334,0.864600459907211,0.6,0.644444444444444,0.333333333333333,0.954545454545455
"3388",68,50,100,50,5,0.5,0.5,1,0.5,0.8,3,TRUE,0.9,FALSE,0.75,0,0,"ACPtrial68",0.831427984389922,0.831595438338435,1,0.688888888888889,0.6,0.955555555555556
"3389",68,50,100,50,5,0.5,0.5,1,0.5,0.8,3,TRUE,0.9,FALSE,0.75,0,0,"ACPtrial68",0.772115482928144,0.790916228725888,0.4,0.466666666666667,0.571428571428571,0.953488372093023
"3390",68,50,100,50,5,0.5,0.5,1,0.5,0.8,3,TRUE,0.9,FALSE,0.75,0,0,"ACPtrial68",0.720435377819943,0.849129247330489,0.8,0.6,0.25,0.976190476190476
"3391",68,50,100,50,5,0.5,0.5,1,0.5,0.8,3,TRUE,0.9,FALSE,0.75,0,0,"ACPtrial68",1.27901984927505,0.831502403137465,0.8,0.111111111111111,0.375,0.976190476190476
"3392",68,50,100,50,5,0.5,0.5,1,0.5,0.8,3,TRUE,0.9,FALSE,0.75,0,0,"ACPtrial68",0.809848233683408,0.914174694314311,1,0.511111111111111,0.375,0.952380952380952
"3393",68,50,100,50,5,0.5,0.5,1,0.5,0.8,3,TRUE,0.9,FALSE,0.75,0,0,"ACPtrial68",0.793903016315481,0.811563389887499,0.6,0.533333333333333,0.4,0.977777777777778
"3394",68,50,100,50,5,0.5,0.5,1,0.5,0.8,3,TRUE,0.9,FALSE,0.75,0,0,"ACPtrial68",0.862610204457712,0.907809892587435,0.6,0.644444444444444,0.4,1
"3395",68,50,100,50,5,0.5,0.5,1,0.5,0.8,3,TRUE,0.9,FALSE,0.75,0,0,"ACPtrial68",1.2076594345791,0.974700207305639,1,0.333333333333333,0.333333333333333,0.951219512195122
"3396",68,50,100,50,5,0.5,0.5,1,0.5,0.8,3,TRUE,0.9,FALSE,0.75,0,0,"ACPtrial68",0.963508630030857,0.83153473266257,1,0.4,0.571428571428571,1
"3397",68,50,100,50,5,0.5,0.5,1,0.5,0.8,3,TRUE,0.9,FALSE,0.75,0,0,"ACPtrial68",0.826414010893094,0.91519206977435,1,0.822222222222222,0.625,0.952380952380952
"3398",68,50,100,50,5,0.5,0.5,1,0.5,0.8,3,TRUE,0.9,FALSE,0.75,0,0,"ACPtrial68",0.7987011774047,0.856172752114757,0.8,0.688888888888889,0.428571428571429,0.953488372093023
"3399",68,50,100,50,5,0.5,0.5,1,0.5,0.8,3,TRUE,0.9,FALSE,0.75,0,0,"ACPtrial68",0.68143244324809,0.955730016825754,1,0.466666666666667,0.3,1
"3400",68,50,100,50,5,0.5,0.5,1,0.5,0.8,3,TRUE,0.9,FALSE,0.75,0,0,"ACPtrial68",0.955937935602894,0.982012614665057,1,0.511111111111111,0.25,0.976190476190476
"3401",69,50,100,50,5,0.5,0.5,1,0.5,0.8,3,TRUE,0.9,FALSE,0.75,0,0,"ACPtrial69",0.742929840367325,0.725107988132394,0.8,0.444444444444444,0.444444444444444,0.951219512195122
"3402",69,50,100,50,5,0.5,0.5,1,0.5,0.8,3,TRUE,0.9,FALSE,0.75,0,0,"ACPtrial69",0.936017635124797,0.786788194708027,0.4,0.466666666666667,0.222222222222222,0.975609756097561
"3403",69,50,100,50,5,0.5,0.5,1,0.5,0.8,3,TRUE,0.9,FALSE,0.75,0,0,"ACPtrial69",0.940568653303932,0.894755360920561,1,0.4,0.714285714285714,0.883720930232558
"3404",69,50,100,50,5,0.5,0.5,1,0.5,0.8,3,TRUE,0.9,FALSE,0.75,0,0,"ACPtrial69",0.776877770851592,0.789121991070574,0.8,0.755555555555556,0.285714285714286,0.976744186046512
"3405",69,50,100,50,5,0.5,0.5,1,0.5,0.8,3,TRUE,0.9,FALSE,0.75,0,0,"ACPtrial69",0.841152718594279,0.895639248585082,1,0.555555555555556,0.5,0.954545454545455
"3406",69,50,100,50,5,0.5,0.5,1,0.5,0.8,3,TRUE,0.9,FALSE,0.75,0,0,"ACPtrial69",0.978056220622074,0.888166299118018,0.8,0.422222222222222,0.285714285714286,0.976744186046512
"3407",69,50,100,50,5,0.5,0.5,1,0.5,0.8,3,TRUE,0.9,FALSE,0.75,0,0,"ACPtrial69",0.978854950774164,0.822157561175801,0.6,0.422222222222222,0.375,1
"3408",69,50,100,50,5,0.5,0.5,1,0.5,0.8,3,TRUE,0.9,FALSE,0.75,0,0,"ACPtrial69",0.697317246219464,0.915049169702553,0.6,0.777777777777778,0.285714285714286,1
"3409",69,50,100,50,5,0.5,0.5,1,0.5,0.8,3,TRUE,0.9,FALSE,0.75,0,0,"ACPtrial69",0.718657347443022,0.851421906639684,0.6,0.511111111111111,0.25,0.952380952380952
"3410",69,50,100,50,5,0.5,0.5,1,0.5,0.8,3,TRUE,0.9,FALSE,0.75,0,0,"ACPtrial69",0.739192146027319,0.865336933153045,0.4,0.666666666666667,0.285714285714286,1
"3411",69,50,100,50,5,0.5,0.5,1,0.5,0.8,3,TRUE,0.9,FALSE,0.75,0,0,"ACPtrial69",1.43648874452472,0.772354088886995,1,0.266666666666667,0.285714285714286,1
"3412",69,50,100,50,5,0.5,0.5,1,0.5,0.8,3,TRUE,0.9,FALSE,0.75,0,0,"ACPtrial69",0.761821570248092,0.79577628562098,1,0.488888888888889,0.375,0.976190476190476
"3413",69,50,100,50,5,0.5,0.5,1,0.5,0.8,3,TRUE,0.9,FALSE,0.75,0,0,"ACPtrial69",0.715696260901972,0.868806764170249,0.4,0.6,0.285714285714286,0.976744186046512
"3414",69,50,100,50,5,0.5,0.5,1,0.5,0.8,3,TRUE,0.9,FALSE,0.75,0,0,"ACPtrial69",0.668722119526852,0.838742912680046,0.8,0.688888888888889,0.5,1
"3415",69,50,100,50,5,0.5,0.5,1,0.5,0.8,3,TRUE,0.9,FALSE,0.75,0,0,"ACPtrial69",0.958538736458166,0.851229138181459,0.6,0.444444444444444,0.25,0.928571428571429
"3416",69,50,100,50,5,0.5,0.5,1,0.5,0.8,3,TRUE,0.9,FALSE,0.75,0,0,"ACPtrial69",0.924240736865036,0.824609267063306,0.8,0.555555555555556,0.222222222222222,0.951219512195122
"3417",69,50,100,50,5,0.5,0.5,1,0.5,0.8,3,TRUE,0.9,FALSE,0.75,0,0,"ACPtrial69",1.01050425747594,0.789954722963303,1,0.355555555555556,0.333333333333333,0.975609756097561
"3418",69,50,100,50,5,0.5,0.5,1,0.5,0.8,3,TRUE,0.9,FALSE,0.75,0,0,"ACPtrial69",0.683664379153007,0.85683071691119,0.6,0.844444444444444,0.4,0.955555555555556
"3419",69,50,100,50,5,0.5,0.5,1,0.5,0.8,3,TRUE,0.9,FALSE,0.75,0,0,"ACPtrial69",0.649165383799497,0.792137091719117,0.6,0.666666666666667,0.25,1
"3420",69,50,100,50,5,0.5,0.5,1,0.5,0.8,3,TRUE,0.9,FALSE,0.75,0,0,"ACPtrial69",0.647260085097854,0.826718973863227,0.8,0.755555555555556,0.428571428571429,0.953488372093023
"3421",69,50,100,50,5,0.5,0.5,1,0.5,0.8,3,TRUE,0.9,FALSE,0.75,0,0,"ACPtrial69",0.782695201533756,0.875182820006061,1,0.488888888888889,0.833333333333333,0.863636363636364
"3422",69,50,100,50,5,0.5,0.5,1,0.5,0.8,3,TRUE,0.9,FALSE,0.75,0,0,"ACPtrial69",0.82765635403781,0.714715919484204,1,0.444444444444444,0.5,0.954545454545455
"3423",69,50,100,50,5,0.5,0.5,1,0.5,0.8,3,TRUE,0.9,FALSE,0.75,0,0,"ACPtrial69",0.815891223350613,0.97645832310671,1,0.422222222222222,0.777777777777778,1
"3424",69,50,100,50,5,0.5,0.5,1,0.5,0.8,3,TRUE,0.9,FALSE,0.75,0,0,"ACPtrial69",0.92777396916627,0.909536314814196,0.8,0.511111111111111,0.428571428571429,0.976744186046512
"3425",69,50,100,50,5,0.5,0.5,1,0.5,0.8,3,TRUE,0.9,FALSE,0.75,0,0,"ACPtrial69",0.907586418460187,0.856551990837801,0.8,0.444444444444444,0.555555555555556,0.951219512195122
"3426",69,50,100,50,5,0.5,0.5,1,0.5,0.8,3,TRUE,0.9,FALSE,0.75,0,0,"ACPtrial69",1.02424905093072,1.0639431899421,1,0.533333333333333,0.5,0.928571428571429
"3427",69,50,100,50,5,0.5,0.5,1,0.5,0.8,3,TRUE,0.9,FALSE,0.75,0,0,"ACPtrial69",0.666924628069214,0.802275854201259,0.6,0.733333333333333,0.333333333333333,0.977272727272727
"3428",69,50,100,50,5,0.5,0.5,1,0.5,0.8,3,TRUE,0.9,FALSE,0.75,0,0,"ACPtrial69",0.933355515705565,0.765663208206714,0.8,0.533333333333333,0.5,1
"3429",69,50,100,50,5,0.5,0.5,1,0.5,0.8,3,TRUE,0.9,FALSE,0.75,0,0,"ACPtrial69",0.711971257935402,0.835113296219066,0.6,0.666666666666667,0.181818181818182,0.948717948717949
"3430",69,50,100,50,5,0.5,0.5,1,0.5,0.8,3,TRUE,0.9,FALSE,0.75,0,0,"ACPtrial69",0.781822662942865,0.796526956868285,0.8,0.377777777777778,0.5,0.977272727272727
"3431",69,50,100,50,5,0.5,0.5,1,0.5,0.8,3,TRUE,0.9,FALSE,0.75,0,0,"ACPtrial69",0.72321573409427,0.851155912866876,0.6,0.8,0.5,0.976190476190476
"3432",69,50,100,50,5,0.5,0.5,1,0.5,0.8,3,TRUE,0.9,FALSE,0.75,0,0,"ACPtrial69",1.07262786388599,0.842933201537335,0.8,0.4,0.285714285714286,1
"3433",69,50,100,50,5,0.5,0.5,1,0.5,0.8,3,TRUE,0.9,FALSE,0.75,0,0,"ACPtrial69",1.19866370633201,0.985155369455482,1,0.2,0.428571428571429,0.930232558139535
"3434",69,50,100,50,5,0.5,0.5,1,0.5,0.8,3,TRUE,0.9,FALSE,0.75,0,0,"ACPtrial69",0.87277867587213,0.861283715596952,0.6,0.555555555555556,0.375,0.952380952380952
"3435",69,50,100,50,5,0.5,0.5,1,0.5,0.8,3,TRUE,0.9,FALSE,0.75,0,0,"ACPtrial69",0.585497212485936,0.693103721088428,0.6,0.533333333333333,0.333333333333333,0.951219512195122
"3436",69,50,100,50,5,0.5,0.5,1,0.5,0.8,3,TRUE,0.9,FALSE,0.75,0,0,"ACPtrial69",0.823137629018317,0.870018926662441,0.6,0.622222222222222,0.4,1
"3437",69,50,100,50,5,0.5,0.5,1,0.5,0.8,3,TRUE,0.9,FALSE,0.75,0,0,"ACPtrial69",0.707393394866951,0.817913941168225,0.6,0.644444444444444,0.285714285714286,0.976744186046512
"3438",69,50,100,50,5,0.5,0.5,1,0.5,0.8,3,TRUE,0.9,FALSE,0.75,0,0,"ACPtrial69",1.21989299923456,0.90313783971809,0.8,0.422222222222222,0.5,1
"3439",69,50,100,50,5,0.5,0.5,1,0.5,0.8,3,TRUE,0.9,FALSE,0.75,0,0,"ACPtrial69",0.841094269275689,0.872530599402115,1,0.466666666666667,0.428571428571429,1
"3440",69,50,100,50,5,0.5,0.5,1,0.5,0.8,3,TRUE,0.9,FALSE,0.75,0,0,"ACPtrial69",1.12888643555303,0.776717387750127,0.6,0.4,0.285714285714286,0.976744186046512
"3441",69,50,100,50,5,0.5,0.5,1,0.5,0.8,3,TRUE,0.9,FALSE,0.75,0,0,"ACPtrial69",0.749664558013732,0.89497628924962,1,0.6,0.625,0.928571428571429
"3442",69,50,100,50,5,0.5,0.5,1,0.5,0.8,3,TRUE,0.9,FALSE,0.75,0,0,"ACPtrial69",0.696171812622106,0.838423263332736,0.8,0.755555555555556,0.222222222222222,0.951219512195122
"3443",69,50,100,50,5,0.5,0.5,1,0.5,0.8,3,TRUE,0.9,FALSE,0.75,0,0,"ACPtrial69",0.923480636073644,0.75953450548648,1,0.355555555555556,0.222222222222222,0.926829268292683
"3444",69,50,100,50,5,0.5,0.5,1,0.5,0.8,3,TRUE,0.9,FALSE,0.75,0,0,"ACPtrial69",0.799520427969386,0.812505817602309,1,0.666666666666667,0.428571428571429,0.976744186046512
"3445",69,50,100,50,5,0.5,0.5,1,0.5,0.8,3,TRUE,0.9,FALSE,0.75,0,0,"ACPtrial69",0.879126011165517,0.852126250579376,0.8,0.622222222222222,0.333333333333333,0.909090909090909
"3446",69,50,100,50,5,0.5,0.5,1,0.5,0.8,3,TRUE,0.9,FALSE,0.75,0,0,"ACPtrial69",1.41847169639343,0.837277405649869,1,0.0444444444444444,0.428571428571429,0.813953488372093
"3447",69,50,100,50,5,0.5,0.5,1,0.5,0.8,3,TRUE,0.9,FALSE,0.75,0,0,"ACPtrial69",0.746786170371256,0.8675362389385,0.4,0.666666666666667,0.285714285714286,0.906976744186046
"3448",69,50,100,50,5,0.5,0.5,1,0.5,0.8,3,TRUE,0.9,FALSE,0.75,0,0,"ACPtrial69",0.753313643312346,1.00863252735833,0.8,0.755555555555556,0.25,0.976190476190476
"3449",69,50,100,50,5,0.5,0.5,1,0.5,0.8,3,TRUE,0.9,FALSE,0.75,0,0,"ACPtrial69",0.548808836667624,0.765074955597419,1,0.711111111111111,0.5,1
"3450",69,50,100,50,5,0.5,0.5,1,0.5,0.8,3,TRUE,0.9,FALSE,0.75,0,0,"ACPtrial69",0.867769389559735,0.909332517091537,1,0.311111111111111,0.428571428571429,1
"3451",70,50,100,50,5,0.5,0.5,1,0.5,0.8,3,TRUE,0.9,FALSE,0.75,0,0,"ACPtrial70",1.02292071923737,1.01054907513204,1,0.511111111111111,0.428571428571429,0.976744186046512
"3452",70,50,100,50,5,0.5,0.5,1,0.5,0.8,3,TRUE,0.9,FALSE,0.75,0,0,"ACPtrial70",0.639848444856548,0.821438572024073,0.4,0.911111111111111,0.285714285714286,0.976744186046512
"3453",70,50,100,50,5,0.5,0.5,1,0.5,0.8,3,TRUE,0.9,FALSE,0.75,0,0,"ACPtrial70",0.724600205735063,0.88244454958682,0.8,0.711111111111111,0.222222222222222,0.951219512195122
"3454",70,50,100,50,5,0.5,0.5,1,0.5,0.8,3,TRUE,0.9,FALSE,0.75,0,0,"ACPtrial70",1.27828287378601,1.02425210473421,1,0.422222222222222,0.25,0.904761904761905
"3455",70,50,100,50,5,0.5,0.5,1,0.5,0.8,3,TRUE,0.9,FALSE,0.75,0,0,"ACPtrial70",1.31994671906937,0.886512335633162,1,0.177777777777778,0.25,0.973684210526316
"3456",70,50,100,50,5,0.5,0.5,1,0.5,0.8,3,TRUE,0.9,FALSE,0.75,0,0,"ACPtrial70",0.805636802188315,0.890262564685071,0.4,0.755555555555556,0.25,0.928571428571429
"3457",70,50,100,50,5,0.5,0.5,1,0.5,0.8,3,TRUE,0.9,FALSE,0.75,0,0,"ACPtrial70",0.765833634212065,0.930078148320469,0.6,0.488888888888889,0.333333333333333,0.878048780487805
"3458",70,50,100,50,5,0.5,0.5,1,0.5,0.8,3,TRUE,0.9,FALSE,0.75,0,0,"ACPtrial70",0.805108437584488,0.893030065711464,0.8,0.688888888888889,0.333333333333333,0.954545454545455
"3459",70,50,100,50,5,0.5,0.5,1,0.5,0.8,3,TRUE,0.9,FALSE,0.75,0,0,"ACPtrial70",0.915824526628416,0.913715318716175,1,0.577777777777778,0.571428571428571,0.976744186046512
"3460",70,50,100,50,5,0.5,0.5,1,0.5,0.8,3,TRUE,0.9,FALSE,0.75,0,0,"ACPtrial70",1.15135964468567,0.917850039176105,1,0.422222222222222,0.5,0.977272727272727
"3461",70,50,100,50,5,0.5,0.5,1,0.5,0.8,3,TRUE,0.9,FALSE,0.75,0,0,"ACPtrial70",0.882749332538795,0.974231349667221,0.8,0.844444444444444,0.5,1
"3462",70,50,100,50,5,0.5,0.5,1,0.5,0.8,3,TRUE,0.9,FALSE,0.75,0,0,"ACPtrial70",1.11992975589084,0.958980964040879,0.6,0.4,0.285714285714286,0.976744186046512
"3463",70,50,100,50,5,0.5,0.5,1,0.5,0.8,3,TRUE,0.9,FALSE,0.75,0,0,"ACPtrial70",0.796370072780243,0.899617644473882,0.8,0.533333333333333,0.333333333333333,0.931818181818182
"3464",70,50,100,50,5,0.5,0.5,1,0.5,0.8,3,TRUE,0.9,FALSE,0.75,0,0,"ACPtrial70",0.993945716938533,0.822795717496391,1,0.488888888888889,0.714285714285714,0.930232558139535
"3465",70,50,100,50,5,0.5,0.5,1,0.5,0.8,3,TRUE,0.9,FALSE,0.75,0,0,"ACPtrial70",0.739921586571006,0.919258321152899,1,0.755555555555556,0.428571428571429,1
"3466",70,50,100,50,5,0.5,0.5,1,0.5,0.8,3,TRUE,0.9,FALSE,0.75,0,0,"ACPtrial70",0.902386028470147,0.806199559163378,0.8,0.488888888888889,0.333333333333333,0.954545454545455
"3467",70,50,100,50,5,0.5,0.5,1,0.5,0.8,3,TRUE,0.9,FALSE,0.75,0,0,"ACPtrial70",0.732583533357065,0.88314673096739,1,0.488888888888889,0.714285714285714,1
"3468",70,50,100,50,5,0.5,0.5,1,0.5,0.8,3,TRUE,0.9,FALSE,0.75,0,0,"ACPtrial70",0.923516036982733,0.876030412952896,1,0.466666666666667,0.25,1
"3469",70,50,100,50,5,0.5,0.5,1,0.5,0.8,3,TRUE,0.9,FALSE,0.75,0,0,"ACPtrial70",0.86052187019314,0.936298652484178,1,0.688888888888889,0.5,1
"3470",70,50,100,50,5,0.5,0.5,1,0.5,0.8,3,TRUE,0.9,FALSE,0.75,0,0,"ACPtrial70",0.855595499031702,0.783613052737495,1,0.333333333333333,0.333333333333333,0.977272727272727
"3471",70,50,100,50,5,0.5,0.5,1,0.5,0.8,3,TRUE,0.9,FALSE,0.75,0,0,"ACPtrial70",1.03688817034298,0.901516768614461,1,0.311111111111111,0.571428571428571,1
"3472",70,50,100,50,5,0.5,0.5,1,0.5,0.8,3,TRUE,0.9,FALSE,0.75,0,0,"ACPtrial70",0.680745423564061,0.819010574315295,0.6,0.733333333333333,0.333333333333333,1
"3473",70,50,100,50,5,0.5,0.5,1,0.5,0.8,3,TRUE,0.9,FALSE,0.75,0,0,"ACPtrial70",0.667178764563344,0.880478701248764,0.8,0.777777777777778,0.285714285714286,0.976744186046512
"3474",70,50,100,50,5,0.5,0.5,1,0.5,0.8,3,TRUE,0.9,FALSE,0.75,0,0,"ACPtrial70",0.714139606882925,0.831007541841238,0.6,0.711111111111111,0.333333333333333,1
"3475",70,50,100,50,5,0.5,0.5,1,0.5,0.8,3,TRUE,0.9,FALSE,0.75,0,0,"ACPtrial70",0.79083007819094,0.827710580097005,0.8,0.533333333333333,0.571428571428571,1
"3476",70,50,100,50,5,0.5,0.5,1,0.5,0.8,3,TRUE,0.9,FALSE,0.75,0,0,"ACPtrial70",0.838043369524263,0.796746035209835,1,0.488888888888889,0.5,0.954545454545455
"3477",70,50,100,50,5,0.5,0.5,1,0.5,0.8,3,TRUE,0.9,FALSE,0.75,0,0,"ACPtrial70",0.892011632137741,0.920599868815209,0.6,0.622222222222222,0.3,0.975
"3478",70,50,100,50,5,0.5,0.5,1,0.5,0.8,3,TRUE,0.9,FALSE,0.75,0,0,"ACPtrial70",0.752446304611631,0.822647663497047,1,0.422222222222222,0.5,0.863636363636364
"3479",70,50,100,50,5,0.5,0.5,1,0.5,0.8,3,TRUE,0.9,FALSE,0.75,0,0,"ACPtrial70",0.789376866973092,0.832667763229421,0.6,0.755555555555556,0.666666666666667,1
"3480",70,50,100,50,5,0.5,0.5,1,0.5,0.8,3,TRUE,0.9,FALSE,0.75,0,0,"ACPtrial70",0.762887414196126,0.793818966873283,0.8,0.822222222222222,0.25,0.976190476190476
"3481",70,50,100,50,5,0.5,0.5,1,0.5,0.8,3,TRUE,0.9,FALSE,0.75,0,0,"ACPtrial70",0.561388596828751,0.823492129767275,0.6,0.8,0.333333333333333,1
"3482",70,50,100,50,5,0.5,0.5,1,0.5,0.8,3,TRUE,0.9,FALSE,0.75,0,0,"ACPtrial70",1.21256610958927,0.955772074137653,1,0.266666666666667,0.714285714285714,0.906976744186046
"3483",70,50,100,50,5,0.5,0.5,1,0.5,0.8,3,TRUE,0.9,FALSE,0.75,0,0,"ACPtrial70",0.807839824580955,0.953452410179086,0.6,0.755555555555556,0.333333333333333,1
"3484",70,50,100,50,5,0.5,0.5,1,0.5,0.8,3,TRUE,0.9,FALSE,0.75,0,0,"ACPtrial70",0.949395165277582,1.14590228351453,1,0.355555555555556,0.25,0.952380952380952
"3485",70,50,100,50,5,0.5,0.5,1,0.5,0.8,3,TRUE,0.9,FALSE,0.75,0,0,"ACPtrial70",0.799776829601844,0.893716600690234,0.4,0.533333333333333,0.285714285714286,0.953488372093023
"3486",70,50,100,50,5,0.5,0.5,1,0.5,0.8,3,TRUE,0.9,FALSE,0.75,0,0,"ACPtrial70",0.975263930122256,0.92809645933902,0.8,0.577777777777778,0.6,0.933333333333333
"3487",70,50,100,50,5,0.5,0.5,1,0.5,0.8,3,TRUE,0.9,FALSE,0.75,0,0,"ACPtrial70",0.858068674329601,1.06806981944175,1,0.688888888888889,0.25,0.952380952380952
"3488",70,50,100,50,5,0.5,0.5,1,0.5,0.8,3,TRUE,0.9,FALSE,0.75,0,0,"ACPtrial70",1.06221114320151,1.15068887314598,0.8,0.422222222222222,0.5,0.95
"3489",70,50,100,50,5,0.5,0.5,1,0.5,0.8,3,TRUE,0.9,FALSE,0.75,0,0,"ACPtrial70",0.768006276435174,0.80878618214591,1,0.422222222222222,0.5,0.727272727272727
"3490",70,50,100,50,5,0.5,0.5,1,0.5,0.8,3,TRUE,0.9,FALSE,0.75,0,0,"ACPtrial70",0.946385901652072,0.930819527754116,0.8,0.577777777777778,0.333333333333333,0.975609756097561
"3491",70,50,100,50,5,0.5,0.5,1,0.5,0.8,3,TRUE,0.9,FALSE,0.75,0,0,"ACPtrial70",0.974384785932328,1.00509502713486,1,0.466666666666667,0.5,0.928571428571429
"3492",70,50,100,50,5,0.5,0.5,1,0.5,0.8,3,TRUE,0.9,FALSE,0.75,0,0,"ACPtrial70",0.818496008072125,0.727549547530225,0.8,0.466666666666667,0.375,0.952380952380952
"3493",70,50,100,50,5,0.5,0.5,1,0.5,0.8,3,TRUE,0.9,FALSE,0.75,0,0,"ACPtrial70",0.83038760022549,0.895982210443483,0.6,0.688888888888889,0.333333333333333,0.977272727272727
"3494",70,50,100,50,5,0.5,0.5,1,0.5,0.8,3,TRUE,0.9,FALSE,0.75,0,0,"ACPtrial70",0.59878996499952,0.734375245745021,1,0.733333333333333,0.5,0.976190476190476
"3495",70,50,100,50,5,0.5,0.5,1,0.5,0.8,3,TRUE,0.9,FALSE,0.75,0,0,"ACPtrial70",0.751821117811827,0.892917814346195,0.6,0.644444444444444,0.285714285714286,0.906976744186046
"3496",70,50,100,50,5,0.5,0.5,1,0.5,0.8,3,TRUE,0.9,FALSE,0.75,0,0,"ACPtrial70",1.01599726703364,0.966032382883851,1,0.533333333333333,0.5,0.880952380952381
"3497",70,50,100,50,5,0.5,0.5,1,0.5,0.8,3,TRUE,0.9,FALSE,0.75,0,0,"ACPtrial70",1.20428853476316,0.792854631534081,1,0.111111111111111,1,1
"3498",70,50,100,50,5,0.5,0.5,1,0.5,0.8,3,TRUE,0.9,FALSE,0.75,0,0,"ACPtrial70",0.515952361135076,0.915129606771985,1,0.666666666666667,0.666666666666667,0.954545454545455
"3499",70,50,100,50,5,0.5,0.5,1,0.5,0.8,3,TRUE,0.9,FALSE,0.75,0,0,"ACPtrial70",0.716137561877919,0.784032245441097,0.8,0.422222222222222,0.285714285714286,0.930232558139535
"3500",70,50,100,50,5,0.5,0.5,1,0.5,0.8,3,TRUE,0.9,FALSE,0.75,0,0,"ACPtrial70",0.819172152082017,0.679111809551192,0.8,0.533333333333333,0.333333333333333,1
"3501",71,50,100,50,5,0.5,0.5,1,0.5,0.8,3,TRUE,0.9,FALSE,0.75,0,0,"ACPtrial71",0.819739966199231,0.887547664109516,1,0.533333333333333,0.666666666666667,1
"3502",71,50,100,50,5,0.5,0.5,1,0.5,0.8,3,TRUE,0.9,FALSE,0.75,0,0,"ACPtrial71",0.918945882486672,1.07098092667499,1,0.755555555555556,0.5,0.976190476190476
"3503",71,50,100,50,5,0.5,0.5,1,0.5,0.8,3,TRUE,0.9,FALSE,0.75,0,0,"ACPtrial71",0.81776526773864,0.940220858453214,1,0.6,0.333333333333333,1
"3504",71,50,100,50,5,0.5,0.5,1,0.5,0.8,3,TRUE,0.9,FALSE,0.75,0,0,"ACPtrial71",0.934186563289017,0.905132535393869,0.8,0.533333333333333,0.428571428571429,0.883720930232558
"3505",71,50,100,50,5,0.5,0.5,1,0.5,0.8,3,TRUE,0.9,FALSE,0.75,0,0,"ACPtrial71",0.578008268971078,0.893738299883229,0.6,0.8,0.285714285714286,1
"3506",71,50,100,50,5,0.5,0.5,1,0.5,0.8,3,TRUE,0.9,FALSE,0.75,0,0,"ACPtrial71",0.802067191589939,0.804605020077892,0.4,0.644444444444444,0.333333333333333,0.977272727272727
"3507",71,50,100,50,5,0.5,0.5,1,0.5,0.8,3,TRUE,0.9,FALSE,0.75,0,0,"ACPtrial71",0.900149788452703,0.717550593246177,0.8,0.555555555555556,0.5,0.954545454545455
"3508",71,50,100,50,5,0.5,0.5,1,0.5,0.8,3,TRUE,0.9,FALSE,0.75,0,0,"ACPtrial71",1.15835958584298,0.774267518800386,0.8,0.155555555555556,0.428571428571429,1
"3509",71,50,100,50,5,0.5,0.5,1,0.5,0.8,3,TRUE,0.9,FALSE,0.75,0,0,"ACPtrial71",0.844994503253655,0.812705720580974,1,0.533333333333333,0.5,0.976190476190476
"3510",71,50,100,50,5,0.5,0.5,1,0.5,0.8,3,TRUE,0.9,FALSE,0.75,0,0,"ACPtrial71",0.759716043695402,0.887861407482846,1,0.577777777777778,0.714285714285714,0.976744186046512
"3511",71,50,100,50,5,0.5,0.5,1,0.5,0.8,3,TRUE,0.9,FALSE,0.75,0,0,"ACPtrial71",0.808684003840058,0.91542600953188,1,0.644444444444444,0.666666666666667,1
"3512",71,50,100,50,5,0.5,0.5,1,0.5,0.8,3,TRUE,0.9,FALSE,0.75,0,0,"ACPtrial71",0.79477880230257,0.947514824083591,0.8,0.711111111111111,0.6,1
"3513",71,50,100,50,5,0.5,0.5,1,0.5,0.8,3,TRUE,0.9,FALSE,0.75,0,0,"ACPtrial71",0.732728415798099,0.765553283640974,0.6,0.688888888888889,0.285714285714286,0.976744186046512
"3514",71,50,100,50,5,0.5,0.5,1,0.5,0.8,3,TRUE,0.9,FALSE,0.75,0,0,"ACPtrial71",0.804037793986574,0.877320856465369,0.8,0.355555555555556,0.666666666666667,0.977272727272727
"3515",71,50,100,50,5,0.5,0.5,1,0.5,0.8,3,TRUE,0.9,FALSE,0.75,0,0,"ACPtrial71",0.767528326525615,0.73956442406988,1,0.577777777777778,0.333333333333333,0.886363636363636
"3516",71,50,100,50,5,0.5,0.5,1,0.5,0.8,3,TRUE,0.9,FALSE,0.75,0,0,"ACPtrial71",0.597108676014057,0.721951915266581,0.4,0.622222222222222,0.25,0.928571428571429
"3517",71,50,100,50,5,0.5,0.5,1,0.5,0.8,3,TRUE,0.9,FALSE,0.75,0,0,"ACPtrial71",0.871907174460467,0.843008526090733,0.6,0.6,0.25,0.976190476190476
"3518",71,50,100,50,5,0.5,0.5,1,0.5,0.8,3,TRUE,0.9,FALSE,0.75,0,0,"ACPtrial71",0.7661772530805,0.775751063557578,0.6,0.555555555555556,0.5,1
"3519",71,50,100,50,5,0.5,0.5,1,0.5,0.8,3,TRUE,0.9,FALSE,0.75,0,0,"ACPtrial71",0.611464858134878,0.798364994597607,1,0.644444444444444,0.5,0.909090909090909
"3520",71,50,100,50,5,0.5,0.5,1,0.5,0.8,3,TRUE,0.9,FALSE,0.75,0,0,"ACPtrial71",1.12395174999095,0.973212254634081,0.8,0.377777777777778,0.666666666666667,0.886363636363636
"3521",71,50,100,50,5,0.5,0.5,1,0.5,0.8,3,TRUE,0.9,FALSE,0.75,0,0,"ACPtrial71",0.926638939975316,0.928356190991315,0.8,0.577777777777778,0.375,0.952380952380952
"3522",71,50,100,50,5,0.5,0.5,1,0.5,0.8,3,TRUE,0.9,FALSE,0.75,0,0,"ACPtrial71",0.654088505570368,0.820917918753533,1,0.511111111111111,0.3,0.9
"3523",71,50,100,50,5,0.5,0.5,1,0.5,0.8,3,TRUE,0.9,FALSE,0.75,0,0,"ACPtrial71",0.757359404520051,0.778796770718646,0.8,0.666666666666667,0.428571428571429,0.953488372093023
"3524",71,50,100,50,5,0.5,0.5,1,0.5,0.8,3,TRUE,0.9,FALSE,0.75,0,0,"ACPtrial71",0.61489017799466,0.81804393425745,1,0.733333333333333,0.375,1
"3525",71,50,100,50,5,0.5,0.5,1,0.5,0.8,3,TRUE,0.9,FALSE,0.75,0,0,"ACPtrial71",0.693000815476908,0.74449871698056,0.8,0.422222222222222,0.428571428571429,0.953488372093023
"3526",71,50,100,50,5,0.5,0.5,1,0.5,0.8,3,TRUE,0.9,FALSE,0.75,0,0,"ACPtrial71",0.693831678409744,0.946994470130393,0.6,0.822222222222222,0.4,1
"3527",71,50,100,50,5,0.5,0.5,1,0.5,0.8,3,TRUE,0.9,FALSE,0.75,0,0,"ACPtrial71",0.750317284086586,0.803738989021659,0.8,0.488888888888889,0.5,0.954545454545455
"3528",71,50,100,50,5,0.5,0.5,1,0.5,0.8,3,TRUE,0.9,FALSE,0.75,0,0,"ACPtrial71",0.72302516889946,0.796782083381357,1,0.466666666666667,0.666666666666667,1
"3529",71,50,100,50,5,0.5,0.5,1,0.5,0.8,3,TRUE,0.9,FALSE,0.75,0,0,"ACPtrial71",0.898436270903586,0.859492196750714,0.6,0.622222222222222,0.333333333333333,0.975609756097561
"3530",71,50,100,50,5,0.5,0.5,1,0.5,0.8,3,TRUE,0.9,FALSE,0.75,0,0,"ACPtrial71",0.699868412095874,0.880210563078534,0.8,0.822222222222222,0.428571428571429,1
"3531",71,50,100,50,5,0.5,0.5,1,0.5,0.8,3,TRUE,0.9,FALSE,0.75,0,0,"ACPtrial71",0.629621469543174,0.72053502412761,0.6,0.666666666666667,0.428571428571429,0.976744186046512
"3532",71,50,100,50,5,0.5,0.5,1,0.5,0.8,3,TRUE,0.9,FALSE,0.75,0,0,"ACPtrial71",0.548373069763014,0.737147339284111,1,0.622222222222222,1,0.955555555555556
"3533",71,50,100,50,5,0.5,0.5,1,0.5,0.8,3,TRUE,0.9,FALSE,0.75,0,0,"ACPtrial71",1.41092807809272,0.878797959746033,0.8,0.0888888888888889,0.333333333333333,0.973684210526316
"3534",71,50,100,50,5,0.5,0.5,1,0.5,0.8,3,TRUE,0.9,FALSE,0.75,0,0,"ACPtrial71",1.01343819251455,0.987057485026144,0.8,0.533333333333333,0.625,0.952380952380952
"3535",71,50,100,50,5,0.5,0.5,1,0.5,0.8,3,TRUE,0.9,FALSE,0.75,0,0,"ACPtrial71",0.657181222956178,0.927943387399851,1,0.755555555555556,0.571428571428571,1
"3536",71,50,100,50,5,0.5,0.5,1,0.5,0.8,3,TRUE,0.9,FALSE,0.75,0,0,"ACPtrial71",0.605983599889886,0.853028844015484,1,0.844444444444444,0.666666666666667,1
"3537",71,50,100,50,5,0.5,0.5,1,0.5,0.8,3,TRUE,0.9,FALSE,0.75,0,0,"ACPtrial71",1.27289735266848,0.898155311638677,0.8,0.2,0.333333333333333,1
"3538",71,50,100,50,5,0.5,0.5,1,0.5,0.8,3,TRUE,0.9,FALSE,0.75,0,0,"ACPtrial71",0.685287531844337,0.845880555869824,0.8,0.666666666666667,0.714285714285714,0.930232558139535
"3539",71,50,100,50,5,0.5,0.5,1,0.5,0.8,3,TRUE,0.9,FALSE,0.75,0,0,"ACPtrial71",0.743840201042443,0.816764411524547,0.6,0.8,0.4,0.977777777777778
"3540",71,50,100,50,5,0.5,0.5,1,0.5,0.8,3,TRUE,0.9,FALSE,0.75,0,0,"ACPtrial71",0.758839997548495,0.864427437584695,0.6,0.777777777777778,0.285714285714286,0.953488372093023
"3541",71,50,100,50,5,0.5,0.5,1,0.5,0.8,3,TRUE,0.9,FALSE,0.75,0,0,"ACPtrial71",1.06360637075259,0.817071350740873,0.8,0.288888888888889,0.4,0.955555555555556
"3542",71,50,100,50,5,0.5,0.5,1,0.5,0.8,3,TRUE,0.9,FALSE,0.75,0,0,"ACPtrial71",0.868926929221746,0.760183610615472,1,0.577777777777778,0.666666666666667,0.977272727272727
"3543",71,50,100,50,5,0.5,0.5,1,0.5,0.8,3,TRUE,0.9,FALSE,0.75,0,0,"ACPtrial71",0.909085022485113,0.918582261927261,0.6,0.555555555555556,0.375,0.976190476190476
"3544",71,50,100,50,5,0.5,0.5,1,0.5,0.8,3,TRUE,0.9,FALSE,0.75,0,0,"ACPtrial71",0.765968227485617,0.932087100084638,0.6,0.644444444444444,0.285714285714286,0.953488372093023
"3545",71,50,100,50,5,0.5,0.5,1,0.5,0.8,3,TRUE,0.9,FALSE,0.75,0,0,"ACPtrial71",0.850646572667629,0.8908277755065,0.6,0.644444444444444,0.333333333333333,0.909090909090909
"3546",71,50,100,50,5,0.5,0.5,1,0.5,0.8,3,TRUE,0.9,FALSE,0.75,0,0,"ACPtrial71",0.783733081163342,0.907935275434287,0.4,0.644444444444444,0.5,0.977272727272727
"3547",71,50,100,50,5,0.5,0.5,1,0.5,0.8,3,TRUE,0.9,FALSE,0.75,0,0,"ACPtrial71",0.680499178118347,0.852034669307392,0.8,0.666666666666667,0.5,1
"3548",71,50,100,50,5,0.5,0.5,1,0.5,0.8,3,TRUE,0.9,FALSE,0.75,0,0,"ACPtrial71",0.667314527317836,0.802098495753536,0.4,0.822222222222222,0.375,0.976190476190476
"3549",71,50,100,50,5,0.5,0.5,1,0.5,0.8,3,TRUE,0.9,FALSE,0.75,0,0,"ACPtrial71",0.98516232559621,1.07080734884377,0.8,0.6,0.3,0.975
"3550",71,50,100,50,5,0.5,0.5,1,0.5,0.8,3,TRUE,0.9,FALSE,0.75,0,0,"ACPtrial71",0.503444886683837,0.76833482055465,0.6,0.8,0.5,0.977272727272727
"3551",72,50,100,50,5,0.5,0.5,1,0.5,0.8,3,TRUE,0.9,FALSE,0.75,0,0,"ACPtrial72",0.810379271162666,0.818825264572612,1,0.555555555555556,0.428571428571429,0.906976744186046
"3552",72,50,100,50,5,0.5,0.5,1,0.5,0.8,3,TRUE,0.9,FALSE,0.75,0,0,"ACPtrial72",0.766599092652952,0.848210677897407,0.8,0.555555555555556,0.714285714285714,0.883720930232558
"3553",72,50,100,50,5,0.5,0.5,1,0.5,0.8,3,TRUE,0.9,FALSE,0.75,0,0,"ACPtrial72",0.643555788358173,0.945389773314707,1,0.733333333333333,0.333333333333333,1
"3554",72,50,100,50,5,0.5,0.5,1,0.5,0.8,3,TRUE,0.9,FALSE,0.75,0,0,"ACPtrial72",0.781374233776315,0.913475565554566,0.6,0.755555555555556,0.4,0.955555555555556
"3555",72,50,100,50,5,0.5,0.5,1,0.5,0.8,3,TRUE,0.9,FALSE,0.75,0,0,"ACPtrial72",0.710001463253513,0.767804985311738,0.8,0.622222222222222,0.25,0.952380952380952
"3556",72,50,100,50,5,0.5,0.5,1,0.5,0.8,3,TRUE,0.9,FALSE,0.75,0,0,"ACPtrial72",1.01618701997355,0.993053124669541,0.4,0.422222222222222,0.166666666666667,0.909090909090909
"3557",72,50,100,50,5,0.5,0.5,1,0.5,0.8,3,TRUE,0.9,FALSE,0.75,0,0,"ACPtrial72",0.658726992006153,0.703012027080337,0.8,0.6,0.285714285714286,0.976744186046512
"3558",72,50,100,50,5,0.5,0.5,1,0.5,0.8,3,TRUE,0.9,FALSE,0.75,0,0,"ACPtrial72",0.918988925688709,0.848120805811405,0.6,0.577777777777778,0.222222222222222,0.975609756097561
"3559",72,50,100,50,5,0.5,0.5,1,0.5,0.8,3,TRUE,0.9,FALSE,0.75,0,0,"ACPtrial72",1.0278017097878,0.839366644044349,0.8,0.422222222222222,0.333333333333333,0.954545454545455
"3560",72,50,100,50,5,0.5,0.5,1,0.5,0.8,3,TRUE,0.9,FALSE,0.75,0,0,"ACPtrial72",0.621751348129811,0.818673751382813,1,0.488888888888889,0.8,0.888888888888889
"3561",72,50,100,50,5,0.5,0.5,1,0.5,0.8,3,TRUE,0.9,FALSE,0.75,0,0,"ACPtrial72",1.18507422903604,0.838307198530873,1,0.2,0.555555555555556,0.975609756097561
"3562",72,50,100,50,5,0.5,0.5,1,0.5,0.8,3,TRUE,0.9,FALSE,0.75,0,0,"ACPtrial72",1.098185550925,0.992844154881012,0.8,0.555555555555556,0.666666666666667,0.954545454545455
"3563",72,50,100,50,5,0.5,0.5,1,0.5,0.8,3,TRUE,0.9,FALSE,0.75,0,0,"ACPtrial72",0.8083648814141,0.887870587484805,1,0.8,0.428571428571429,0.976744186046512
"3564",72,50,100,50,5,0.5,0.5,1,0.5,0.8,3,TRUE,0.9,FALSE,0.75,0,0,"ACPtrial72",1.18443319556182,0.876734054264454,0.8,0.466666666666667,0.571428571428571,0.976744186046512
"3565",72,50,100,50,5,0.5,0.5,1,0.5,0.8,3,TRUE,0.9,FALSE,0.75,0,0,"ACPtrial72",1.09917371906035,0.791440350257758,1,0.222222222222222,0.375,1
"3566",72,50,100,50,5,0.5,0.5,1,0.5,0.8,3,TRUE,0.9,FALSE,0.75,0,0,"ACPtrial72",0.629958278294665,0.787056600418174,0.6,0.711111111111111,0.285714285714286,0.976744186046512
"3567",72,50,100,50,5,0.5,0.5,1,0.5,0.8,3,TRUE,0.9,FALSE,0.75,0,0,"ACPtrial72",1.48938510923111,0.838932969932177,0.6,0.222222222222222,0.285714285714286,0.976744186046512
"3568",72,50,100,50,5,0.5,0.5,1,0.5,0.8,3,TRUE,0.9,FALSE,0.75,0,0,"ACPtrial72",0.742843840711817,1.0880903078057,1,0.777777777777778,0.285714285714286,0.976744186046512
"3569",72,50,100,50,5,0.5,0.5,1,0.5,0.8,3,TRUE,0.9,FALSE,0.75,0,0,"ACPtrial72",1.3963090497343,0.80454627352796,1,0.222222222222222,0.4,0.977777777777778
"3570",72,50,100,50,5,0.5,0.5,1,0.5,0.8,3,TRUE,0.9,FALSE,0.75,0,0,"ACPtrial72",0.604594794063145,0.809323514345694,0.8,0.644444444444444,0.5,0.857142857142857
"3571",72,50,100,50,5,0.5,0.5,1,0.5,0.8,3,TRUE,0.9,FALSE,0.75,0,0,"ACPtrial72",0.71530337613143,0.807287044828998,0.6,0.688888888888889,0.375,1
"3572",72,50,100,50,5,0.5,0.5,1,0.5,0.8,3,TRUE,0.9,FALSE,0.75,0,0,"ACPtrial72",0.697967569641594,0.869585500456692,1,0.755555555555556,0.75,0.976190476190476
"3573",72,50,100,50,5,0.5,0.5,1,0.5,0.8,3,TRUE,0.9,FALSE,0.75,0,0,"ACPtrial72",0.868329616170738,0.840421866744835,0.6,0.6,0.375,0.952380952380952
"3574",72,50,100,50,5,0.5,0.5,1,0.5,0.8,3,TRUE,0.9,FALSE,0.75,0,0,"ACPtrial72",0.726652688936812,0.887411241241187,0.4,0.711111111111111,0.285714285714286,0.976744186046512
"3575",72,50,100,50,5,0.5,0.5,1,0.5,0.8,3,TRUE,0.9,FALSE,0.75,0,0,"ACPtrial72",0.773025132752528,0.922569213199558,0.6,0.688888888888889,0.375,1
"3576",72,50,100,50,5,0.5,0.5,1,0.5,0.8,3,TRUE,0.9,FALSE,0.75,0,0,"ACPtrial72",0.91504060585167,0.776087209316409,1,0.266666666666667,0.5,0.952380952380952
"3577",72,50,100,50,5,0.5,0.5,1,0.5,0.8,3,TRUE,0.9,FALSE,0.75,0,0,"ACPtrial72",0.693938857000351,0.837367669688841,0.6,0.822222222222222,0.25,1
"3578",72,50,100,50,5,0.5,0.5,1,0.5,0.8,3,TRUE,0.9,FALSE,0.75,0,0,"ACPtrial72",1.02016606768137,0.992704728014848,1,0.311111111111111,0.444444444444444,0.926829268292683
"3579",72,50,100,50,5,0.5,0.5,1,0.5,0.8,3,TRUE,0.9,FALSE,0.75,0,0,"ACPtrial72",0.997268114463935,0.937966308667108,0.8,0.4,0.5,1
"3580",72,50,100,50,5,0.5,0.5,1,0.5,0.8,3,TRUE,0.9,FALSE,0.75,0,0,"ACPtrial72",1.15985911358436,0.977838135088277,1,0.511111111111111,1,0.977777777777778
"3581",72,50,100,50,5,0.5,0.5,1,0.5,0.8,3,TRUE,0.9,FALSE,0.75,0,0,"ACPtrial72",1.02061536703031,0.969373339099758,1,0.222222222222222,0.625,0.952380952380952
"3582",72,50,100,50,5,0.5,0.5,1,0.5,0.8,3,TRUE,0.9,FALSE,0.75,0,0,"ACPtrial72",1.06005919190594,1.00952988491064,0.6,0.377777777777778,0.4,0.955555555555556
"3583",72,50,100,50,5,0.5,0.5,1,0.5,0.8,3,TRUE,0.9,FALSE,0.75,0,0,"ACPtrial72",0.835693820038442,0.857479675808068,0.8,0.622222222222222,0.2,1
"3584",72,50,100,50,5,0.5,0.5,1,0.5,0.8,3,TRUE,0.9,FALSE,0.75,0,0,"ACPtrial72",0.943841556942733,0.930888988329012,1,0.577777777777778,0.666666666666667,1
"3585",72,50,100,50,5,0.5,0.5,1,0.5,0.8,3,TRUE,0.9,FALSE,0.75,0,0,"ACPtrial72",1.1042758958963,1.03190734162191,1,0.444444444444444,0.5,0.909090909090909
"3586",72,50,100,50,5,0.5,0.5,1,0.5,0.8,3,TRUE,0.9,FALSE,0.75,0,0,"ACPtrial72",0.81421009504971,0.856505159504004,1,0.688888888888889,0.285714285714286,1
"3587",72,50,100,50,5,0.5,0.5,1,0.5,0.8,3,TRUE,0.9,FALSE,0.75,0,0,"ACPtrial72",0.885288743319318,0.836477399357259,0.4,0.688888888888889,0.333333333333333,0.954545454545455
"3588",72,50,100,50,5,0.5,0.5,1,0.5,0.8,3,TRUE,0.9,FALSE,0.75,0,0,"ACPtrial72",0.567396781055968,0.827678381841034,0.6,0.8,0.428571428571429,0.976744186046512
"3589",72,50,100,50,5,0.5,0.5,1,0.5,0.8,3,TRUE,0.9,FALSE,0.75,0,0,"ACPtrial72",0.895699283626328,0.840430750615957,0.6,0.577777777777778,0.444444444444444,0.975609756097561
"3590",72,50,100,50,5,0.5,0.5,1,0.5,0.8,3,TRUE,0.9,FALSE,0.75,0,0,"ACPtrial72",0.800868267145664,0.897260380082567,0.8,0.355555555555556,0.4,0.975
"3591",72,50,100,50,5,0.5,0.5,1,0.5,0.8,3,TRUE,0.9,FALSE,0.75,0,0,"ACPtrial72",0.809456402516888,0.814811057855222,1,0.488888888888889,0.333333333333333,0.977272727272727
"3592",72,50,100,50,5,0.5,0.5,1,0.5,0.8,3,TRUE,0.9,FALSE,0.75,0,0,"ACPtrial72",0.986600288345043,0.934353031126139,1,0.688888888888889,0.428571428571429,1
"3593",72,50,100,50,5,0.5,0.5,1,0.5,0.8,3,TRUE,0.9,FALSE,0.75,0,0,"ACPtrial72",0.935366262788031,0.948161269417879,0.8,0.666666666666667,0.555555555555556,0.975609756097561
"3594",72,50,100,50,5,0.5,0.5,1,0.5,0.8,3,TRUE,0.9,FALSE,0.75,0,0,"ACPtrial72",0.884287281115997,0.782352622971573,0.8,0.422222222222222,0.5,0.977272727272727
"3595",72,50,100,50,5,0.5,0.5,1,0.5,0.8,3,TRUE,0.9,FALSE,0.75,0,0,"ACPtrial72",0.903861669216301,0.776676082165742,0.8,0.266666666666667,0.333333333333333,0.977272727272727
"3596",72,50,100,50,5,0.5,0.5,1,0.5,0.8,3,TRUE,0.9,FALSE,0.75,0,0,"ACPtrial72",0.958475552859047,0.897821147859447,1,0.422222222222222,0.375,0.928571428571429
"3597",72,50,100,50,5,0.5,0.5,1,0.5,0.8,3,TRUE,0.9,FALSE,0.75,0,0,"ACPtrial72",0.846034809343473,0.902753572950764,1,0.377777777777778,0.444444444444444,1
"3598",72,50,100,50,5,0.5,0.5,1,0.5,0.8,3,TRUE,0.9,FALSE,0.75,0,0,"ACPtrial72",1.08851690966015,0.7892939282538,1,0.311111111111111,0.285714285714286,0.906976744186046
"3599",72,50,100,50,5,0.5,0.5,1,0.5,0.8,3,TRUE,0.9,FALSE,0.75,0,0,"ACPtrial72",0.642116438713932,0.816822185437595,0.8,0.6,0.222222222222222,0.951219512195122
"3600",72,50,100,50,5,0.5,0.5,1,0.5,0.8,3,TRUE,0.9,FALSE,0.75,0,0,"ACPtrial72",0.838952282370721,0.8870509957089,0.4,0.622222222222222,0.4,0.955555555555556
