"","ArrayTaskID","numTrials","n","K","num_strong","prob_cycle","trend_fraction","freq","sigma","probWeakCorr","numStrongCorr","strongSelf","corrLevel","corrChange","propChange","changeSize","changeTimeVar","nameID","RMSEaic","RMSEstan","TPRaic","TNRaic","TPRstan","TNRstan"
"1",1,50,100,50,5,0.5,0.5,1,0.5,0.5,3,FALSE,0.1,FALSE,0,0,0,"AICSTAN300_1",1.18240037876176,0.950226867742681,1,0.466666666666667,0.625,0.976190476190476
"2",1,50,100,50,5,0.5,0.5,1,0.5,0.5,3,FALSE,0.1,FALSE,0,0,0,"AICSTAN300_1",0.74063322573054,0.989665245263425,1,0.688888888888889,0.555555555555556,0.975609756097561
"3",1,50,100,50,5,0.5,0.5,1,0.5,0.5,3,FALSE,0.1,FALSE,0,0,0,"AICSTAN300_1",1.476404923675,0.929988919570257,1,0.333333333333333,0.5,1
"4",1,50,100,50,5,0.5,0.5,1,0.5,0.5,3,FALSE,0.1,FALSE,0,0,0,"AICSTAN300_1",0.953128679745483,0.885856120066996,1,0.555555555555556,1,1
"5",1,50,100,50,5,0.5,0.5,1,0.5,0.5,3,FALSE,0.1,FALSE,0,0,0,"AICSTAN300_1",0.846015733647772,0.968898388443628,1,0.6,1,0.955555555555556
"6",1,50,100,50,5,0.5,0.5,1,0.5,0.5,3,FALSE,0.1,FALSE,0,0,0,"AICSTAN300_1",0.80608584627204,0.927115226378938,1,0.377777777777778,0.7,0.975
"7",1,50,100,50,5,0.5,0.5,1,0.5,0.5,3,FALSE,0.1,FALSE,0,0,0,"AICSTAN300_1",0.964413064232802,1.18334820508097,1,0.488888888888889,1,0.930232558139535
"8",1,50,100,50,5,0.5,0.5,1,0.5,0.5,3,FALSE,0.1,FALSE,0,0,0,"AICSTAN300_1",1.30743651079643,1.16511482077848,1,0.466666666666667,0.571428571428571,0.906976744186046
"9",1,50,100,50,5,0.5,0.5,1,0.5,0.5,3,FALSE,0.1,FALSE,0,0,0,"AICSTAN300_1",0.966675557960448,0.914364417663886,1,0.422222222222222,0.625,1
"10",1,50,100,50,5,0.5,0.5,1,0.5,0.5,3,FALSE,0.1,FALSE,0,0,0,"AICSTAN300_1",0.924709325676757,1.01851773539658,1,0.688888888888889,0.625,1
"11",1,50,100,50,5,0.5,0.5,1,0.5,0.5,3,FALSE,0.1,FALSE,0,0,0,"AICSTAN300_1",1.23715950664367,0.89964468373721,1,0.133333333333333,0.625,0.928571428571429
"12",1,50,100,50,5,0.5,0.5,1,0.5,0.5,3,FALSE,0.1,FALSE,0,0,0,"AICSTAN300_1",1.02863814824267,1.0282673374874,1,0.577777777777778,1,0.977272727272727
"13",1,50,100,50,5,0.5,0.5,1,0.5,0.5,3,FALSE,0.1,FALSE,0,0,0,"AICSTAN300_1",0.896866385000211,0.954303869422662,1,0.577777777777778,0.875,0.928571428571429
"14",1,50,100,50,5,0.5,0.5,1,0.5,0.5,3,FALSE,0.1,FALSE,0,0,0,"AICSTAN300_1",0.898722047311694,0.964881102642053,1,0.6,0.555555555555556,0.975609756097561
"15",1,50,100,50,5,0.5,0.5,1,0.5,0.5,3,FALSE,0.1,FALSE,0,0,0,"AICSTAN300_1",1.02559020688766,0.939966521720586,1,0.422222222222222,0.5,0.975
"16",1,50,100,50,5,0.5,0.5,1,0.5,0.5,3,FALSE,0.1,FALSE,0,0,0,"AICSTAN300_1",0.783368441648031,0.950463747555992,1,0.711111111111111,0.857142857142857,0.976744186046512
"17",1,50,100,50,5,0.5,0.5,1,0.5,0.5,3,FALSE,0.1,FALSE,0,0,0,"AICSTAN300_1",0.804169887656089,0.856858840160612,1,0.533333333333333,1,0.955555555555556
"18",1,50,100,50,5,0.5,0.5,1,0.5,0.5,3,FALSE,0.1,FALSE,0,0,0,"AICSTAN300_1",0.768486286754303,0.878191813660317,1,0.555555555555556,0.833333333333333,1
"19",1,50,100,50,5,0.5,0.5,1,0.5,0.5,3,FALSE,0.1,FALSE,0,0,0,"AICSTAN300_1",1.00727743211188,0.949866732808056,1,0.422222222222222,0.75,1
"20",1,50,100,50,5,0.5,0.5,1,0.5,0.5,3,FALSE,0.1,FALSE,0,0,0,"AICSTAN300_1",1.11245961926824,0.810134892684917,1,0.377777777777778,0.555555555555556,1
"21",1,50,100,50,5,0.5,0.5,1,0.5,0.5,3,FALSE,0.1,FALSE,0,0,0,"AICSTAN300_1",0.945018808496312,1.05438229873507,1,0.533333333333333,0.555555555555556,0.975609756097561
"22",1,50,100,50,5,0.5,0.5,1,0.5,0.5,3,FALSE,0.1,FALSE,0,0,0,"AICSTAN300_1",0.879942157825936,1.08810525967976,1,0.622222222222222,0.714285714285714,0.976744186046512
"23",1,50,100,50,5,0.5,0.5,1,0.5,0.5,3,FALSE,0.1,FALSE,0,0,0,"AICSTAN300_1",1.08120052866329,0.827624413681619,1,0.355555555555556,1,0.933333333333333
"24",1,50,100,50,5,0.5,0.5,1,0.5,0.5,3,FALSE,0.1,FALSE,0,0,0,"AICSTAN300_1",0.964170809039576,0.963787511417127,1,0.266666666666667,0.714285714285714,0.976744186046512
"25",1,50,100,50,5,0.5,0.5,1,0.5,0.5,3,FALSE,0.1,FALSE,0,0,0,"AICSTAN300_1",0.849356800378834,1.03799130555139,1,0.6,0.5,0.975
"26",1,50,100,50,5,0.5,0.5,1,0.5,0.5,3,FALSE,0.1,FALSE,0,0,0,"AICSTAN300_1",0.845524041527989,1.03586973245711,1,0.555555555555556,0.714285714285714,0.953488372093023
"27",1,50,100,50,5,0.5,0.5,1,0.5,0.5,3,FALSE,0.1,FALSE,0,0,0,"AICSTAN300_1",1.02520958676886,1.02930139676864,1,0.444444444444444,0.714285714285714,0.906976744186046
"28",1,50,100,50,5,0.5,0.5,1,0.5,0.5,3,FALSE,0.1,FALSE,0,0,0,"AICSTAN300_1",0.9136992286511,0.978794962747256,1,0.311111111111111,1,0.977272727272727
"29",1,50,100,50,5,0.5,0.5,1,0.5,0.5,3,FALSE,0.1,FALSE,0,0,0,"AICSTAN300_1",0.809344809913175,0.900230840788352,1,0.666666666666667,0.857142857142857,0.953488372093023
"30",1,50,100,50,5,0.5,0.5,1,0.5,0.5,3,FALSE,0.1,FALSE,0,0,0,"AICSTAN300_1",0.784987020845065,0.952044249101589,1,0.622222222222222,0.833333333333333,0.931818181818182
"31",1,50,100,50,5,0.5,0.5,1,0.5,0.5,3,FALSE,0.1,FALSE,0,0,0,"AICSTAN300_1",0.882524115574511,0.919958863956922,1,0.666666666666667,0.714285714285714,1
"32",1,50,100,50,5,0.5,0.5,1,0.5,0.5,3,FALSE,0.1,FALSE,0,0,0,"AICSTAN300_1",0.872895073315098,0.913086176665659,0.8,0.6,0.666666666666667,0.954545454545455
"33",1,50,100,50,5,0.5,0.5,1,0.5,0.5,3,FALSE,0.1,FALSE,0,0,0,"AICSTAN300_1",0.89443658950868,1.10305545486262,1,0.555555555555556,0.625,0.976190476190476
"34",1,50,100,50,5,0.5,0.5,1,0.5,0.5,3,FALSE,0.1,FALSE,0,0,0,"AICSTAN300_1",0.935575147889076,0.933939200395491,1,0.444444444444444,0.833333333333333,0.977272727272727
"35",1,50,100,50,5,0.5,0.5,1,0.5,0.5,3,FALSE,0.1,FALSE,0,0,0,"AICSTAN300_1",0.851411576620888,1.00208977832021,1,0.377777777777778,0.8,0.85
"36",1,50,100,50,5,0.5,0.5,1,0.5,0.5,3,FALSE,0.1,FALSE,0,0,0,"AICSTAN300_1",1.01145150130276,1.08601898523801,1,0.466666666666667,0.571428571428571,0.930232558139535
"37",1,50,100,50,5,0.5,0.5,1,0.5,0.5,3,FALSE,0.1,FALSE,0,0,0,"AICSTAN300_1",0.975840474959133,0.866928266926653,1,0.577777777777778,0.857142857142857,0.953488372093023
"38",1,50,100,50,5,0.5,0.5,1,0.5,0.5,3,FALSE,0.1,FALSE,0,0,0,"AICSTAN300_1",0.86593113825651,0.861221807662854,1,0.555555555555556,0.714285714285714,0.86046511627907
"39",1,50,100,50,5,0.5,0.5,1,0.5,0.5,3,FALSE,0.1,FALSE,0,0,0,"AICSTAN300_1",0.655311480280957,0.824215879745432,1,0.711111111111111,0.714285714285714,0.953488372093023
"40",1,50,100,50,5,0.5,0.5,1,0.5,0.5,3,FALSE,0.1,FALSE,0,0,0,"AICSTAN300_1",0.904587144263688,0.970499300987326,1,0.6,0.571428571428571,0.976744186046512
"41",1,50,100,50,5,0.5,0.5,1,0.5,0.5,3,FALSE,0.1,FALSE,0,0,0,"AICSTAN300_1",0.911486603780794,0.94093029443926,1,0.444444444444444,0.875,0.904761904761905
"42",1,50,100,50,5,0.5,0.5,1,0.5,0.5,3,FALSE,0.1,FALSE,0,0,0,"AICSTAN300_1",0.766465807860018,0.920246048139434,1,0.6,0.857142857142857,0.976744186046512
"43",1,50,100,50,5,0.5,0.5,1,0.5,0.5,3,FALSE,0.1,FALSE,0,0,0,"AICSTAN300_1",1.09545202878267,0.968346272952695,1,0.6,0.714285714285714,1
"44",1,50,100,50,5,0.5,0.5,1,0.5,0.5,3,FALSE,0.1,FALSE,0,0,0,"AICSTAN300_1",0.67723100923403,0.909881204897394,1,0.755555555555556,0.75,1
"45",1,50,100,50,5,0.5,0.5,1,0.5,0.5,3,FALSE,0.1,FALSE,0,0,0,"AICSTAN300_1",1.0751492927068,1.04449435711706,1,0.555555555555556,0.555555555555556,0.926829268292683
"46",1,50,100,50,5,0.5,0.5,1,0.5,0.5,3,FALSE,0.1,FALSE,0,0,0,"AICSTAN300_1",1.11654978687446,1.01901762889617,1,0.511111111111111,0.714285714285714,1
"47",1,50,100,50,5,0.5,0.5,1,0.5,0.5,3,FALSE,0.1,FALSE,0,0,0,"AICSTAN300_1",1.05208480594407,1.03603084340235,1,0.466666666666667,0.428571428571429,1
"48",1,50,100,50,5,0.5,0.5,1,0.5,0.5,3,FALSE,0.1,FALSE,0,0,0,"AICSTAN300_1",0.650701474805635,0.909931885582604,1,0.577777777777778,0.714285714285714,0.953488372093023
"49",1,50,100,50,5,0.5,0.5,1,0.5,0.5,3,FALSE,0.1,FALSE,0,0,0,"AICSTAN300_1",0.784770926719714,0.974608692949824,1,0.466666666666667,0.625,0.976190476190476
"50",1,50,100,50,5,0.5,0.5,1,0.5,0.5,3,FALSE,0.1,FALSE,0,0,0,"AICSTAN300_1",0.776451925169102,0.924332010280624,1,0.577777777777778,0.666666666666667,1
"51",2,50,100,50,5,0.5,0.5,1,0.5,0.5,3,FALSE,0.5,FALSE,0,0,0,"AICSTAN300_2",0.890253583034312,1.14007306325648,1,0.622222222222222,0.666666666666667,0.977272727272727
"52",2,50,100,50,5,0.5,0.5,1,0.5,0.5,3,FALSE,0.5,FALSE,0,0,0,"AICSTAN300_2",0.886999906087075,1.04360364103605,1,0.4,1,0.933333333333333
"53",2,50,100,50,5,0.5,0.5,1,0.5,0.5,3,FALSE,0.5,FALSE,0,0,0,"AICSTAN300_2",1.29675013644118,0.997377829546826,1,0.333333333333333,0.833333333333333,0.886363636363636
"54",2,50,100,50,5,0.5,0.5,1,0.5,0.5,3,FALSE,0.5,FALSE,0,0,0,"AICSTAN300_2",0.882393494004862,0.821656110930345,1,0.511111111111111,0.666666666666667,1
"55",2,50,100,50,5,0.5,0.5,1,0.5,0.5,3,FALSE,0.5,FALSE,0,0,0,"AICSTAN300_2",0.909478420363976,0.995355361310412,1,0.688888888888889,0.75,0.904761904761905
"56",2,50,100,50,5,0.5,0.5,1,0.5,0.5,3,FALSE,0.5,FALSE,0,0,0,"AICSTAN300_2",1.47135836116969,0.977726026700732,1,0.244444444444444,0.857142857142857,0.953488372093023
"57",2,50,100,50,5,0.5,0.5,1,0.5,0.5,3,FALSE,0.5,FALSE,0,0,0,"AICSTAN300_2",0.837793579794714,0.940642212961776,1,0.533333333333333,0.714285714285714,0.976744186046512
"58",2,50,100,50,5,0.5,0.5,1,0.5,0.5,3,FALSE,0.5,FALSE,0,0,0,"AICSTAN300_2",1.11639103400433,0.888335500732568,1,0.0888888888888889,0.5,0.880952380952381
"59",2,50,100,50,5,0.5,0.5,1,0.5,0.5,3,FALSE,0.5,FALSE,0,0,0,"AICSTAN300_2",0.633674070768649,0.79794931755574,1,0.733333333333333,0.571428571428571,1
"60",2,50,100,50,5,0.5,0.5,1,0.5,0.5,3,FALSE,0.5,FALSE,0,0,0,"AICSTAN300_2",1.04737170127528,0.836812841242765,1,0.444444444444444,0.833333333333333,0.954545454545455
"61",2,50,100,50,5,0.5,0.5,1,0.5,0.5,3,FALSE,0.5,FALSE,0,0,0,"AICSTAN300_2",0.9067477318809,0.96298840393292,1,0.4,0.625,0.976190476190476
"62",2,50,100,50,5,0.5,0.5,1,0.5,0.5,3,FALSE,0.5,FALSE,0,0,0,"AICSTAN300_2",0.690981015238612,0.883452533736759,1,0.688888888888889,0.857142857142857,1
"63",2,50,100,50,5,0.5,0.5,1,0.5,0.5,3,FALSE,0.5,FALSE,0,0,0,"AICSTAN300_2",1.27198178728919,1.05098355717732,1,0.4,0.777777777777778,0.926829268292683
"64",2,50,100,50,5,0.5,0.5,1,0.5,0.5,3,FALSE,0.5,FALSE,0,0,0,"AICSTAN300_2",0.812421681502751,0.887425992268806,0.8,0.666666666666667,0.833333333333333,0.954545454545455
"65",2,50,100,50,5,0.5,0.5,1,0.5,0.5,3,FALSE,0.5,FALSE,0,0,0,"AICSTAN300_2",0.898245285383887,0.934802386439673,0.8,0.622222222222222,0.666666666666667,0.977272727272727
"66",2,50,100,50,5,0.5,0.5,1,0.5,0.5,3,FALSE,0.5,FALSE,0,0,0,"AICSTAN300_2",2.15740783431287,1.06302272050202,1,0.0666666666666667,0.375,0.928571428571429
"67",2,50,100,50,5,0.5,0.5,1,0.5,0.5,3,FALSE,0.5,FALSE,0,0,0,"AICSTAN300_2",1.06454576214097,1.02578286522475,1,0.4,0.833333333333333,0.954545454545455
"68",2,50,100,50,5,0.5,0.5,1,0.5,0.5,3,FALSE,0.5,FALSE,0,0,0,"AICSTAN300_2",1.03089628209499,0.933973538450293,1,0.222222222222222,0.875,0.952380952380952
"69",2,50,100,50,5,0.5,0.5,1,0.5,0.5,3,FALSE,0.5,FALSE,0,0,0,"AICSTAN300_2",0.955099650986767,0.991360913974506,1,0.577777777777778,0.714285714285714,0.930232558139535
"70",2,50,100,50,5,0.5,0.5,1,0.5,0.5,3,FALSE,0.5,FALSE,0,0,0,"AICSTAN300_2",1.07672941917665,0.897605406338723,0.8,0.333333333333333,0.666666666666667,0.954545454545455
"71",2,50,100,50,5,0.5,0.5,1,0.5,0.5,3,FALSE,0.5,FALSE,0,0,0,"AICSTAN300_2",1.00633677472658,0.773836418796311,1,0.422222222222222,0.857142857142857,0.976744186046512
"72",2,50,100,50,5,0.5,0.5,1,0.5,0.5,3,FALSE,0.5,FALSE,0,0,0,"AICSTAN300_2",0.962131323933171,0.870547834290863,1,0.444444444444444,0.714285714285714,0.930232558139535
"73",2,50,100,50,5,0.5,0.5,1,0.5,0.5,3,FALSE,0.5,FALSE,0,0,0,"AICSTAN300_2",0.680359290346462,0.836523025986911,1,0.6,0.833333333333333,0.977272727272727
"74",2,50,100,50,5,0.5,0.5,1,0.5,0.5,3,FALSE,0.5,FALSE,0,0,0,"AICSTAN300_2",1.12579816516955,1.0318742776897,1,0.222222222222222,0.714285714285714,0.86046511627907
"75",2,50,100,50,5,0.5,0.5,1,0.5,0.5,3,FALSE,0.5,FALSE,0,0,0,"AICSTAN300_2",1.25876404633067,1.04706752237672,1,0.355555555555556,0.833333333333333,1
"76",2,50,100,50,5,0.5,0.5,1,0.5,0.5,3,FALSE,0.5,FALSE,0,0,0,"AICSTAN300_2",0.79015034789433,0.771809335578735,1,0.622222222222222,0.8,0.933333333333333
"77",2,50,100,50,5,0.5,0.5,1,0.5,0.5,3,FALSE,0.5,FALSE,0,0,0,"AICSTAN300_2",0.701806821592725,0.966748667220933,1,0.644444444444444,0.666666666666667,1
"78",2,50,100,50,5,0.5,0.5,1,0.5,0.5,3,FALSE,0.5,FALSE,0,0,0,"AICSTAN300_2",0.918420929537425,0.878677702367401,1,0.6,0.8,0.955555555555556
"79",2,50,100,50,5,0.5,0.5,1,0.5,0.5,3,FALSE,0.5,FALSE,0,0,0,"AICSTAN300_2",0.841411938775904,0.970013403901609,1,0.577777777777778,0.5,0.925
"80",2,50,100,50,5,0.5,0.5,1,0.5,0.5,3,FALSE,0.5,FALSE,0,0,0,"AICSTAN300_2",1.07024055102601,0.98456800583728,1,0.466666666666667,0.714285714285714,0.953488372093023
"81",2,50,100,50,5,0.5,0.5,1,0.5,0.5,3,FALSE,0.5,FALSE,0,0,0,"AICSTAN300_2",0.852278972979858,0.851695061043709,1,0.422222222222222,0.833333333333333,0.977272727272727
"82",2,50,100,50,5,0.5,0.5,1,0.5,0.5,3,FALSE,0.5,FALSE,0,0,0,"AICSTAN300_2",0.86532850496973,0.888246523979146,1,0.4,0.75,1
"83",2,50,100,50,5,0.5,0.5,1,0.5,0.5,3,FALSE,0.5,FALSE,0,0,0,"AICSTAN300_2",0.825918813267495,0.932960383387111,1,0.577777777777778,0.875,0.80952380952381
"84",2,50,100,50,5,0.5,0.5,1,0.5,0.5,3,FALSE,0.5,FALSE,0,0,0,"AICSTAN300_2",0.917478058109258,0.946431280589438,1,0.644444444444444,0.833333333333333,0.954545454545455
"85",2,50,100,50,5,0.5,0.5,1,0.5,0.5,3,FALSE,0.5,FALSE,0,0,0,"AICSTAN300_2",1.20357382365358,0.959852311988565,1,0.4,0.714285714285714,0.976744186046512
"86",2,50,100,50,5,0.5,0.5,1,0.5,0.5,3,FALSE,0.5,FALSE,0,0,0,"AICSTAN300_2",0.95168185114712,1.00321717281865,1,0.533333333333333,0.555555555555556,0.975609756097561
"87",2,50,100,50,5,0.5,0.5,1,0.5,0.5,3,FALSE,0.5,FALSE,0,0,0,"AICSTAN300_2",0.934916748542456,0.96999633546568,0.8,0.533333333333333,0.5,0.976190476190476
"88",2,50,100,50,5,0.5,0.5,1,0.5,0.5,3,FALSE,0.5,FALSE,0,0,0,"AICSTAN300_2",0.952974132565597,0.98784236026398,1,0.577777777777778,0.714285714285714,0.976744186046512
"89",2,50,100,50,5,0.5,0.5,1,0.5,0.5,3,FALSE,0.5,FALSE,0,0,0,"AICSTAN300_2",0.886354612441752,0.952184067519464,1,0.711111111111111,0.833333333333333,1
"90",2,50,100,50,5,0.5,0.5,1,0.5,0.5,3,FALSE,0.5,FALSE,0,0,0,"AICSTAN300_2",0.663730862001987,0.782239364675227,0.8,0.688888888888889,0.666666666666667,0.909090909090909
"91",2,50,100,50,5,0.5,0.5,1,0.5,0.5,3,FALSE,0.5,FALSE,0,0,0,"AICSTAN300_2",0.793149258976672,1.08759577120307,1,0.422222222222222,0.714285714285714,0.976744186046512
"92",2,50,100,50,5,0.5,0.5,1,0.5,0.5,3,FALSE,0.5,FALSE,0,0,0,"AICSTAN300_2",2.10191627173827,1.05983351526568,1,0.0444444444444444,0.875,0.928571428571429
"93",2,50,100,50,5,0.5,0.5,1,0.5,0.5,3,FALSE,0.5,FALSE,0,0,0,"AICSTAN300_2",1.08524055493296,1.11653443468605,1,0.644444444444444,0.75,0.952380952380952
"94",2,50,100,50,5,0.5,0.5,1,0.5,0.5,3,FALSE,0.5,FALSE,0,0,0,"AICSTAN300_2",0.749368888933689,0.980056342073445,1,0.6,0.666666666666667,0.977272727272727
"95",2,50,100,50,5,0.5,0.5,1,0.5,0.5,3,FALSE,0.5,FALSE,0,0,0,"AICSTAN300_2",1.04028717990037,0.983315265546117,1,0.444444444444444,1,0.955555555555556
"96",2,50,100,50,5,0.5,0.5,1,0.5,0.5,3,FALSE,0.5,FALSE,0,0,0,"AICSTAN300_2",0.662374291304531,0.919798266239737,1,0.755555555555556,1,1
"97",2,50,100,50,5,0.5,0.5,1,0.5,0.5,3,FALSE,0.5,FALSE,0,0,0,"AICSTAN300_2",0.672549101665429,0.703129215056917,1,0.666666666666667,0.714285714285714,0.976744186046512
"98",2,50,100,50,5,0.5,0.5,1,0.5,0.5,3,FALSE,0.5,FALSE,0,0,0,"AICSTAN300_2",1.0263992314476,0.920452813433309,1,0.688888888888889,0.833333333333333,1
"99",2,50,100,50,5,0.5,0.5,1,0.5,0.5,3,FALSE,0.5,FALSE,0,0,0,"AICSTAN300_2",0.8650482390157,0.909479160388634,1,0.622222222222222,0.833333333333333,1
"100",2,50,100,50,5,0.5,0.5,1,0.5,0.5,3,FALSE,0.5,FALSE,0,0,0,"AICSTAN300_2",0.596083311173537,0.81103010646285,1,0.777777777777778,0.714285714285714,0.976744186046512
"101",3,50,100,50,5,0.5,0.5,1,0.5,0.5,3,FALSE,0.9,FALSE,0,0,0,"AICSTAN300_3",1.10979465013223,0.922331358136906,1,0.177777777777778,0.714285714285714,0.906976744186046
"102",3,50,100,50,5,0.5,0.5,1,0.5,0.5,3,FALSE,0.9,FALSE,0,0,0,"AICSTAN300_3",0.734276388423168,0.735009223881706,0.8,0.533333333333333,0.571428571428571,0.953488372093023
"103",3,50,100,50,5,0.5,0.5,1,0.5,0.5,3,FALSE,0.9,FALSE,0,0,0,"AICSTAN300_3",1.44740514782741,1.13039377411269,1,0.244444444444444,0.444444444444444,0.975609756097561
"104",3,50,100,50,5,0.5,0.5,1,0.5,0.5,3,FALSE,0.9,FALSE,0,0,0,"AICSTAN300_3",0.967805618609564,0.909077369697418,0.8,0.466666666666667,0.285714285714286,1
"105",3,50,100,50,5,0.5,0.5,1,0.5,0.5,3,FALSE,0.9,FALSE,0,0,0,"AICSTAN300_3",0.673352155792814,0.842275737338564,0.6,0.511111111111111,0.25,0.928571428571429
"106",3,50,100,50,5,0.5,0.5,1,0.5,0.5,3,FALSE,0.9,FALSE,0,0,0,"AICSTAN300_3",1.10214456765627,0.839986358085244,1,0.333333333333333,0.5,1
"107",3,50,100,50,5,0.5,0.5,1,0.5,0.5,3,FALSE,0.9,FALSE,0,0,0,"AICSTAN300_3",1.58829474437581,0.988201367703269,1,0.177777777777778,0.375,1
"108",3,50,100,50,5,0.5,0.5,1,0.5,0.5,3,FALSE,0.9,FALSE,0,0,0,"AICSTAN300_3",0.896821059097717,0.957787220531287,1,0.488888888888889,0.75,0.976190476190476
"109",3,50,100,50,5,0.5,0.5,1,0.5,0.5,3,FALSE,0.9,FALSE,0,0,0,"AICSTAN300_3",0.907135537395308,0.915506167015805,0.8,0.488888888888889,0.714285714285714,1
"110",3,50,100,50,5,0.5,0.5,1,0.5,0.5,3,FALSE,0.9,FALSE,0,0,0,"AICSTAN300_3",0.919036791373717,0.893909539920121,1,0.4,0.6,0.977777777777778
"111",3,50,100,50,5,0.5,0.5,1,0.5,0.5,3,FALSE,0.9,FALSE,0,0,0,"AICSTAN300_3",0.631043001526738,0.70045182663152,0.8,0.555555555555556,0.714285714285714,1
"112",3,50,100,50,5,0.5,0.5,1,0.5,0.5,3,FALSE,0.9,FALSE,0,0,0,"AICSTAN300_3",0.698205520562539,0.78402081093174,1,0.688888888888889,0.8,1
"113",3,50,100,50,5,0.5,0.5,1,0.5,0.5,3,FALSE,0.9,FALSE,0,0,0,"AICSTAN300_3",1.2731577307112,0.878716305826662,1,0.311111111111111,0.833333333333333,0.977272727272727
"114",3,50,100,50,5,0.5,0.5,1,0.5,0.5,3,FALSE,0.9,FALSE,0,0,0,"AICSTAN300_3",0.755289166296302,0.80732742314398,0.8,0.4,0.428571428571429,1
"115",3,50,100,50,5,0.5,0.5,1,0.5,0.5,3,FALSE,0.9,FALSE,0,0,0,"AICSTAN300_3",0.972621889117224,0.830283274497089,1,0.266666666666667,0.5,0.977272727272727
"116",3,50,100,50,5,0.5,0.5,1,0.5,0.5,3,FALSE,0.9,FALSE,0,0,0,"AICSTAN300_3",0.870429097680566,1.01386188347198,0.6,0.711111111111111,0.333333333333333,0.975609756097561
"117",3,50,100,50,5,0.5,0.5,1,0.5,0.5,3,FALSE,0.9,FALSE,0,0,0,"AICSTAN300_3",0.828633978984035,0.846399963919535,0.8,0.6,0.444444444444444,0.951219512195122
"118",3,50,100,50,5,0.5,0.5,1,0.5,0.5,3,FALSE,0.9,FALSE,0,0,0,"AICSTAN300_3",0.72781812821889,1.05368730978503,1,0.755555555555556,0,1
"119",3,50,100,50,5,0.5,0.5,1,0.5,0.5,3,FALSE,0.9,FALSE,0,0,0,"AICSTAN300_3",0.686098141796436,0.912044424671941,1,0.466666666666667,0.555555555555556,1
"120",3,50,100,50,5,0.5,0.5,1,0.5,0.5,3,FALSE,0.9,FALSE,0,0,0,"AICSTAN300_3",0.965761029705462,0.928395963919344,0.8,0.555555555555556,0.714285714285714,0.906976744186046
"121",3,50,100,50,5,0.5,0.5,1,0.5,0.5,3,FALSE,0.9,FALSE,0,0,0,"AICSTAN300_3",0.860785269039908,0.860872886040961,1,0.311111111111111,0.666666666666667,1
"122",3,50,100,50,5,0.5,0.5,1,0.5,0.5,3,FALSE,0.9,FALSE,0,0,0,"AICSTAN300_3",0.67475689508724,0.801075347881269,0.8,0.688888888888889,0.833333333333333,0.931818181818182
"123",3,50,100,50,5,0.5,0.5,1,0.5,0.5,3,FALSE,0.9,FALSE,0,0,0,"AICSTAN300_3",1.04804628253945,0.92154771406091,1,0.311111111111111,0.25,0.952380952380952
"124",3,50,100,50,5,0.5,0.5,1,0.5,0.5,3,FALSE,0.9,FALSE,0,0,0,"AICSTAN300_3",0.632920673675824,0.847960558101639,1,0.755555555555556,0.428571428571429,0.976744186046512
"125",3,50,100,50,5,0.5,0.5,1,0.5,0.5,3,FALSE,0.9,FALSE,0,0,0,"AICSTAN300_3",0.693668041048675,0.991184909105323,0.6,0.688888888888889,0.571428571428571,1
"126",3,50,100,50,5,0.5,0.5,1,0.5,0.5,3,FALSE,0.9,FALSE,0,0,0,"AICSTAN300_3",1.21755948930191,1.07757252138105,0.8,0.4,0.285714285714286,1
"127",3,50,100,50,5,0.5,0.5,1,0.5,0.5,3,FALSE,0.9,FALSE,0,0,0,"AICSTAN300_3",1.02791042089878,0.843853717268808,0.6,0.4,0.428571428571429,0.86046511627907
"128",3,50,100,50,5,0.5,0.5,1,0.5,0.5,3,FALSE,0.9,FALSE,0,0,0,"AICSTAN300_3",0.736713913338198,0.92570332305857,0.8,0.622222222222222,0.636363636363636,0.923076923076923
"129",3,50,100,50,5,0.5,0.5,1,0.5,0.5,3,FALSE,0.9,FALSE,0,0,0,"AICSTAN300_3",0.792747809836018,0.890910582819116,1,0.422222222222222,0.571428571428571,0.930232558139535
"130",3,50,100,50,5,0.5,0.5,1,0.5,0.5,3,FALSE,0.9,FALSE,0,0,0,"AICSTAN300_3",0.819733680134705,0.79852647563877,0.8,0.644444444444444,0.666666666666667,1
"131",3,50,100,50,5,0.5,0.5,1,0.5,0.5,3,FALSE,0.9,FALSE,0,0,0,"AICSTAN300_3",0.753701572986675,0.86575736871688,1,0.555555555555556,0.375,0.928571428571429
"132",3,50,100,50,5,0.5,0.5,1,0.5,0.5,3,FALSE,0.9,FALSE,0,0,0,"AICSTAN300_3",0.893522037397318,0.973573628452803,0.4,0.644444444444444,0.444444444444444,0.951219512195122
"133",3,50,100,50,5,0.5,0.5,1,0.5,0.5,3,FALSE,0.9,FALSE,0,0,0,"AICSTAN300_3",0.639398993372836,0.800493410404225,0.8,0.733333333333333,0.5,0.976190476190476
"134",3,50,100,50,5,0.5,0.5,1,0.5,0.5,3,FALSE,0.9,FALSE,0,0,0,"AICSTAN300_3",0.959606577831491,0.967635638961615,1,0.688888888888889,0.555555555555556,1
"135",3,50,100,50,5,0.5,0.5,1,0.5,0.5,3,FALSE,0.9,FALSE,0,0,0,"AICSTAN300_3",1.14530367862964,0.79967849841207,1,0.444444444444444,0.666666666666667,0.977272727272727
"136",3,50,100,50,5,0.5,0.5,1,0.5,0.5,3,FALSE,0.9,FALSE,0,0,0,"AICSTAN300_3",0.889949509977919,0.918297447985673,1,0.466666666666667,0.625,0.976190476190476
"137",3,50,100,50,5,0.5,0.5,1,0.5,0.5,3,FALSE,0.9,FALSE,0,0,0,"AICSTAN300_3",0.874194585559437,0.84983476018938,0.6,0.555555555555556,0.5,0.952380952380952
"138",3,50,100,50,5,0.5,0.5,1,0.5,0.5,3,FALSE,0.9,FALSE,0,0,0,"AICSTAN300_3",1.0987308258537,1.0132661929124,0.8,0.244444444444444,0.428571428571429,0.976744186046512
"139",3,50,100,50,5,0.5,0.5,1,0.5,0.5,3,FALSE,0.9,FALSE,0,0,0,"AICSTAN300_3",0.905580513737756,1.0776287697634,0.8,0.644444444444444,0.285714285714286,0.976744186046512
"140",3,50,100,50,5,0.5,0.5,1,0.5,0.5,3,FALSE,0.9,FALSE,0,0,0,"AICSTAN300_3",1.0217673234673,1.00993353112779,0.8,0.622222222222222,0.428571428571429,0.930232558139535
"141",3,50,100,50,5,0.5,0.5,1,0.5,0.5,3,FALSE,0.9,FALSE,0,0,0,"AICSTAN300_3",0.758240806938903,0.964075311843929,0.6,0.711111111111111,0.333333333333333,0.975609756097561
"142",3,50,100,50,5,0.5,0.5,1,0.5,0.5,3,FALSE,0.9,FALSE,0,0,0,"AICSTAN300_3",0.590850523998697,0.752002735608454,1,0.644444444444444,0.833333333333333,0.977272727272727
"143",3,50,100,50,5,0.5,0.5,1,0.5,0.5,3,FALSE,0.9,FALSE,0,0,0,"AICSTAN300_3",0.836055954193552,0.825605831544737,0.8,0.488888888888889,0.375,0.928571428571429
"144",3,50,100,50,5,0.5,0.5,1,0.5,0.5,3,FALSE,0.9,FALSE,0,0,0,"AICSTAN300_3",1.00298640143312,0.802838273435951,1,0.244444444444444,1,0.977777777777778
"145",3,50,100,50,5,0.5,0.5,1,0.5,0.5,3,FALSE,0.9,FALSE,0,0,0,"AICSTAN300_3",0.8410722330233,0.949000640366088,1,0.555555555555556,0.888888888888889,1
"146",3,50,100,50,5,0.5,0.5,1,0.5,0.5,3,FALSE,0.9,FALSE,0,0,0,"AICSTAN300_3",0.894191504728826,0.905876440909292,0.8,0.555555555555556,0.4,0.85
"147",3,50,100,50,5,0.5,0.5,1,0.5,0.5,3,FALSE,0.9,FALSE,0,0,0,"AICSTAN300_3",0.774472006514456,0.996010912190117,0.8,0.733333333333333,0.2,0.977777777777778
"148",3,50,100,50,5,0.5,0.5,1,0.5,0.5,3,FALSE,0.9,FALSE,0,0,0,"AICSTAN300_3",0.979813533405396,0.987357371286004,0.6,0.533333333333333,0.375,1
"149",3,50,100,50,5,0.5,0.5,1,0.5,0.5,3,FALSE,0.9,FALSE,0,0,0,"AICSTAN300_3",1.07099694221145,0.939445353280971,0.6,0.311111111111111,0.444444444444444,0.975609756097561
"150",3,50,100,50,5,0.5,0.5,1,0.5,0.5,3,FALSE,0.9,FALSE,0,0,0,"AICSTAN300_3",1.10271575019971,0.906555744489039,1,0.311111111111111,0.428571428571429,0.953488372093023
"151",4,50,100,50,5,0.5,0.5,1,0.5,0.5,3,FALSE,0.1,FALSE,0,0,0,"AICSTAN300_4",1.16590397551812,0.954045092905528,1,0.488888888888889,0.75,0.928571428571429
"152",4,50,100,50,5,0.5,0.5,1,0.5,0.5,3,FALSE,0.1,FALSE,0,0,0,"AICSTAN300_4",0.907485910366534,0.951050193189762,1,0.4,0.75,1
"153",4,50,100,50,5,0.5,0.5,1,0.5,0.5,3,FALSE,0.1,FALSE,0,0,0,"AICSTAN300_4",0.873966363897411,0.85565333486393,1,0.2,0.75,0.880952380952381
"154",4,50,100,50,5,0.5,0.5,1,0.5,0.5,3,FALSE,0.1,FALSE,0,0,0,"AICSTAN300_4",1.3074880345135,1.17863420148456,1,0.422222222222222,0.375,0.952380952380952
"155",4,50,100,50,5,0.5,0.5,1,0.5,0.5,3,FALSE,0.1,FALSE,0,0,0,"AICSTAN300_4",1.10804756190121,0.98834477698367,1,0.422222222222222,0.714285714285714,0.953488372093023
"156",4,50,100,50,5,0.5,0.5,1,0.5,0.5,3,FALSE,0.1,FALSE,0,0,0,"AICSTAN300_4",0.693932586231118,0.837984309405271,1,0.466666666666667,0.571428571428571,1
"157",4,50,100,50,5,0.5,0.5,1,0.5,0.5,3,FALSE,0.1,FALSE,0,0,0,"AICSTAN300_4",0.861236059107375,1.05496125597144,1,0.466666666666667,0.714285714285714,0.953488372093023
"158",4,50,100,50,5,0.5,0.5,1,0.5,0.5,3,FALSE,0.1,FALSE,0,0,0,"AICSTAN300_4",0.82791748120866,1.07207046390472,1,0.622222222222222,0.6,0.925
"159",4,50,100,50,5,0.5,0.5,1,0.5,0.5,3,FALSE,0.1,FALSE,0,0,0,"AICSTAN300_4",1.22409498991293,1.01577704551259,1,0.288888888888889,0.444444444444444,0.926829268292683
"160",4,50,100,50,5,0.5,0.5,1,0.5,0.5,3,FALSE,0.1,FALSE,0,0,0,"AICSTAN300_4",0.70412497369616,1.01099282712767,1,0.822222222222222,0.5,1
"161",4,50,100,50,5,0.5,0.5,1,0.5,0.5,3,FALSE,0.1,FALSE,0,0,0,"AICSTAN300_4",1.17902707942803,1.00134963283348,1,0.244444444444444,1,0.883720930232558
"162",4,50,100,50,5,0.5,0.5,1,0.5,0.5,3,FALSE,0.1,FALSE,0,0,0,"AICSTAN300_4",1.00979169856234,1.08775659978628,1,0.4,0.666666666666667,1
"163",4,50,100,50,5,0.5,0.5,1,0.5,0.5,3,FALSE,0.1,FALSE,0,0,0,"AICSTAN300_4",0.988650654659125,0.873530353411154,1,0.511111111111111,0.714285714285714,0.953488372093023
"164",4,50,100,50,5,0.5,0.5,1,0.5,0.5,3,FALSE,0.1,FALSE,0,0,0,"AICSTAN300_4",0.903441157673088,0.879305046413738,1,0.511111111111111,1,0.886363636363636
"165",4,50,100,50,5,0.5,0.5,1,0.5,0.5,3,FALSE,0.1,FALSE,0,0,0,"AICSTAN300_4",1.14363175893937,0.930368510360229,1,0.333333333333333,0.833333333333333,0.931818181818182
"166",4,50,100,50,5,0.5,0.5,1,0.5,0.5,3,FALSE,0.1,FALSE,0,0,0,"AICSTAN300_4",0.802878832823055,0.9229286860841,1,0.555555555555556,0.714285714285714,0.930232558139535
"167",4,50,100,50,5,0.5,0.5,1,0.5,0.5,3,FALSE,0.1,FALSE,0,0,0,"AICSTAN300_4",0.922543007135987,0.941179596628001,1,0.488888888888889,0.833333333333333,0.954545454545455
"168",4,50,100,50,5,0.5,0.5,1,0.5,0.5,3,FALSE,0.1,FALSE,0,0,0,"AICSTAN300_4",1.03480575991704,1.08563856086823,1,0.266666666666667,0.6,0.95
"169",4,50,100,50,5,0.5,0.5,1,0.5,0.5,3,FALSE,0.1,FALSE,0,0,0,"AICSTAN300_4",0.741844136746254,0.972946625357522,0.8,0.688888888888889,0.444444444444444,0.975609756097561
"170",4,50,100,50,5,0.5,0.5,1,0.5,0.5,3,FALSE,0.1,FALSE,0,0,0,"AICSTAN300_4",0.930368211843246,0.958915374797764,1,0.533333333333333,0.714285714285714,0.976744186046512
"171",4,50,100,50,5,0.5,0.5,1,0.5,0.5,3,FALSE,0.1,FALSE,0,0,0,"AICSTAN300_4",0.981638316614014,0.94539208354608,1,0.577777777777778,0.833333333333333,1
"172",4,50,100,50,5,0.5,0.5,1,0.5,0.5,3,FALSE,0.1,FALSE,0,0,0,"AICSTAN300_4",1.40298800655103,1.11340615254573,1,0.422222222222222,0.571428571428571,0.976744186046512
"173",4,50,100,50,5,0.5,0.5,1,0.5,0.5,3,FALSE,0.1,FALSE,0,0,0,"AICSTAN300_4",0.747117491517241,1.06949335807067,1,0.733333333333333,0.75,0.904761904761905
"174",4,50,100,50,5,0.5,0.5,1,0.5,0.5,3,FALSE,0.1,FALSE,0,0,0,"AICSTAN300_4",0.909059622793453,0.982482821456632,1,0.488888888888889,0.714285714285714,0.976744186046512
"175",4,50,100,50,5,0.5,0.5,1,0.5,0.5,3,FALSE,0.1,FALSE,0,0,0,"AICSTAN300_4",0.764427800514399,1.02987855647641,1,0.733333333333333,0.4,1
"176",4,50,100,50,5,0.5,0.5,1,0.5,0.5,3,FALSE,0.1,FALSE,0,0,0,"AICSTAN300_4",0.85482976414375,1.11253444504306,1,0.555555555555556,0.5,0.977272727272727
"177",4,50,100,50,5,0.5,0.5,1,0.5,0.5,3,FALSE,0.1,FALSE,0,0,0,"AICSTAN300_4",0.809000011082329,0.825324499593855,1,0.311111111111111,0.75,0.976190476190476
"178",4,50,100,50,5,0.5,0.5,1,0.5,0.5,3,FALSE,0.1,FALSE,0,0,0,"AICSTAN300_4",1.42302704979491,1.00025952177941,1,0.266666666666667,0.833333333333333,1
"179",4,50,100,50,5,0.5,0.5,1,0.5,0.5,3,FALSE,0.1,FALSE,0,0,0,"AICSTAN300_4",1.1285931229319,0.902509587706263,1,0.2,0.833333333333333,0.954545454545455
"180",4,50,100,50,5,0.5,0.5,1,0.5,0.5,3,FALSE,0.1,FALSE,0,0,0,"AICSTAN300_4",0.670585305258882,0.877982507007878,1,0.733333333333333,1,1
"181",4,50,100,50,5,0.5,0.5,1,0.5,0.5,3,FALSE,0.1,FALSE,0,0,0,"AICSTAN300_4",0.940200188062926,0.876161659103653,1,0.533333333333333,0.714285714285714,0.86046511627907
"182",4,50,100,50,5,0.5,0.5,1,0.5,0.5,3,FALSE,0.1,FALSE,0,0,0,"AICSTAN300_4",0.915519878456445,0.967427183575119,1,0.377777777777778,1,0.930232558139535
"183",4,50,100,50,5,0.5,0.5,1,0.5,0.5,3,FALSE,0.1,FALSE,0,0,0,"AICSTAN300_4",0.853178323532681,0.92626103473231,1,0.377777777777778,1,0.886363636363636
"184",4,50,100,50,5,0.5,0.5,1,0.5,0.5,3,FALSE,0.1,FALSE,0,0,0,"AICSTAN300_4",0.96797606350454,0.890191970470503,1,0.444444444444444,1,1
"185",4,50,100,50,5,0.5,0.5,1,0.5,0.5,3,FALSE,0.1,FALSE,0,0,0,"AICSTAN300_4",0.660391338104399,0.875829265962182,1,0.733333333333333,1,0.977777777777778
"186",4,50,100,50,5,0.5,0.5,1,0.5,0.5,3,FALSE,0.1,FALSE,0,0,0,"AICSTAN300_4",0.759766069268153,0.789747206789143,1,0.311111111111111,0.857142857142857,0.930232558139535
"187",4,50,100,50,5,0.5,0.5,1,0.5,0.5,3,FALSE,0.1,FALSE,0,0,0,"AICSTAN300_4",0.802888113453326,0.972833312360304,1,0.511111111111111,0.444444444444444,0.951219512195122
"188",4,50,100,50,5,0.5,0.5,1,0.5,0.5,3,FALSE,0.1,FALSE,0,0,0,"AICSTAN300_4",1.31040570463827,1.21672212366191,1,0.266666666666667,0.5,0.975
"189",4,50,100,50,5,0.5,0.5,1,0.5,0.5,3,FALSE,0.1,FALSE,0,0,0,"AICSTAN300_4",0.886893565110966,0.950342842549523,1,0.644444444444444,0.666666666666667,0.977272727272727
"190",4,50,100,50,5,0.5,0.5,1,0.5,0.5,3,FALSE,0.1,FALSE,0,0,0,"AICSTAN300_4",1.00094795443273,1.04060414567376,1,0.4,0.555555555555556,1
"191",4,50,100,50,5,0.5,0.5,1,0.5,0.5,3,FALSE,0.1,FALSE,0,0,0,"AICSTAN300_4",0.7089590049619,0.893104725469553,1,0.6,0.555555555555556,1
"192",4,50,100,50,5,0.5,0.5,1,0.5,0.5,3,FALSE,0.1,FALSE,0,0,0,"AICSTAN300_4",0.944079433200527,0.888912731712215,1,0.622222222222222,0.777777777777778,0.878048780487805
"193",4,50,100,50,5,0.5,0.5,1,0.5,0.5,3,FALSE,0.1,FALSE,0,0,0,"AICSTAN300_4",1.02532127888574,1.04485031263696,1,0.577777777777778,1,0.953488372093023
"194",4,50,100,50,5,0.5,0.5,1,0.5,0.5,3,FALSE,0.1,FALSE,0,0,0,"AICSTAN300_4",0.840237853123572,0.874909913949302,1,0.711111111111111,0.625,1
"195",4,50,100,50,5,0.5,0.5,1,0.5,0.5,3,FALSE,0.1,FALSE,0,0,0,"AICSTAN300_4",0.676395808870347,0.90549688197855,1,0.688888888888889,0.625,0.976190476190476
"196",4,50,100,50,5,0.5,0.5,1,0.5,0.5,3,FALSE,0.1,FALSE,0,0,0,"AICSTAN300_4",0.796884680388296,0.892901418849319,1,0.622222222222222,0.857142857142857,1
"197",4,50,100,50,5,0.5,0.5,1,0.5,0.5,3,FALSE,0.1,FALSE,0,0,0,"AICSTAN300_4",0.952414461119214,1.08561066929782,1,0.444444444444444,0.777777777777778,0.975609756097561
"198",4,50,100,50,5,0.5,0.5,1,0.5,0.5,3,FALSE,0.1,FALSE,0,0,0,"AICSTAN300_4",0.86105433593699,1.0491599331075,1,0.511111111111111,0.666666666666667,0.878048780487805
"199",4,50,100,50,5,0.5,0.5,1,0.5,0.5,3,FALSE,0.1,FALSE,0,0,0,"AICSTAN300_4",0.790895737846434,0.84872392779343,1,0.6,0.857142857142857,0.930232558139535
"200",4,50,100,50,5,0.5,0.5,1,0.5,0.5,3,FALSE,0.1,FALSE,0,0,0,"AICSTAN300_4",1.24092601629585,1.00575455301477,1,0.333333333333333,0.571428571428571,0.976744186046512
"201",5,50,100,50,5,0.5,0.5,1,0.5,0.5,3,FALSE,0.5,FALSE,0,0,0,"AICSTAN300_5",0.708192296139227,0.946909426673855,1,0.711111111111111,0.714285714285714,1
"202",5,50,100,50,5,0.5,0.5,1,0.5,0.5,3,FALSE,0.5,FALSE,0,0,0,"AICSTAN300_5",0.797795963279245,1.00577092382474,1,0.688888888888889,0.636363636363636,0.974358974358974
"203",5,50,100,50,5,0.5,0.5,1,0.5,0.5,3,FALSE,0.5,FALSE,0,0,0,"AICSTAN300_5",0.946979920444732,0.882012281775955,1,0.444444444444444,0.5,0.975
"204",5,50,100,50,5,0.5,0.5,1,0.5,0.5,3,FALSE,0.5,FALSE,0,0,0,"AICSTAN300_5",1.29456056579859,0.902016504112531,1,0.155555555555556,0.625,0.928571428571429
"205",5,50,100,50,5,0.5,0.5,1,0.5,0.5,3,FALSE,0.5,FALSE,0,0,0,"AICSTAN300_5",0.731865696081646,0.842782651757693,1,0.622222222222222,0.833333333333333,1
"206",5,50,100,50,5,0.5,0.5,1,0.5,0.5,3,FALSE,0.5,FALSE,0,0,0,"AICSTAN300_5",0.89506511367899,0.874217929042506,1,0.4,1,0.955555555555556
"207",5,50,100,50,5,0.5,0.5,1,0.5,0.5,3,FALSE,0.5,FALSE,0,0,0,"AICSTAN300_5",0.903894887850188,1.02265956985443,0.8,0.555555555555556,0.571428571428571,1
"208",5,50,100,50,5,0.5,0.5,1,0.5,0.5,3,FALSE,0.5,FALSE,0,0,0,"AICSTAN300_5",1.07981751109083,0.931396510082636,1,0.377777777777778,0.5,0.976190476190476
"209",5,50,100,50,5,0.5,0.5,1,0.5,0.5,3,FALSE,0.5,FALSE,0,0,0,"AICSTAN300_5",0.921246523199423,0.854360506439592,1,0.377777777777778,0.714285714285714,0.930232558139535
"210",5,50,100,50,5,0.5,0.5,1,0.5,0.5,3,FALSE,0.5,FALSE,0,0,0,"AICSTAN300_5",1.09853501779402,0.994713480766915,0.8,0.622222222222222,0.666666666666667,0.977272727272727
"211",5,50,100,50,5,0.5,0.5,1,0.5,0.5,3,FALSE,0.5,FALSE,0,0,0,"AICSTAN300_5",0.755229521391501,0.883009083187002,0.8,0.622222222222222,0.571428571428571,0.930232558139535
"212",5,50,100,50,5,0.5,0.5,1,0.5,0.5,3,FALSE,0.5,FALSE,0,0,0,"AICSTAN300_5",0.756084103788311,0.799562778427494,1,0.533333333333333,0.454545454545455,0.974358974358974
"213",5,50,100,50,5,0.5,0.5,1,0.5,0.5,3,FALSE,0.5,FALSE,0,0,0,"AICSTAN300_5",0.705352625375452,0.868236979571981,1,0.666666666666667,0.666666666666667,1
"214",5,50,100,50,5,0.5,0.5,1,0.5,0.5,3,FALSE,0.5,FALSE,0,0,0,"AICSTAN300_5",0.820440632025955,0.819790994682394,0.8,0.6,0.666666666666667,0.931818181818182
"215",5,50,100,50,5,0.5,0.5,1,0.5,0.5,3,FALSE,0.5,FALSE,0,0,0,"AICSTAN300_5",0.845022492888636,1.01721132149319,1,0.466666666666667,0.909090909090909,1
"216",5,50,100,50,5,0.5,0.5,1,0.5,0.5,3,FALSE,0.5,FALSE,0,0,0,"AICSTAN300_5",0.851039579262004,1.09109907580151,1,0.644444444444444,0.833333333333333,0.977272727272727
"217",5,50,100,50,5,0.5,0.5,1,0.5,0.5,3,FALSE,0.5,FALSE,0,0,0,"AICSTAN300_5",0.834334559048202,0.962981663581347,1,0.666666666666667,0.555555555555556,1
"218",5,50,100,50,5,0.5,0.5,1,0.5,0.5,3,FALSE,0.5,FALSE,0,0,0,"AICSTAN300_5",0.971332775470385,0.842026256665884,1,0.4,1,0.955555555555556
"219",5,50,100,50,5,0.5,0.5,1,0.5,0.5,3,FALSE,0.5,FALSE,0,0,0,"AICSTAN300_5",1.06876855076589,1.19545917046766,1,0.6,0.666666666666667,1
"220",5,50,100,50,5,0.5,0.5,1,0.5,0.5,3,FALSE,0.5,FALSE,0,0,0,"AICSTAN300_5",0.996688272057064,0.914868928429775,1,0.555555555555556,0.75,0.880952380952381
"221",5,50,100,50,5,0.5,0.5,1,0.5,0.5,3,FALSE,0.5,FALSE,0,0,0,"AICSTAN300_5",1.05252989032415,0.874602973414677,1,0.422222222222222,1,0.931818181818182
"222",5,50,100,50,5,0.5,0.5,1,0.5,0.5,3,FALSE,0.5,FALSE,0,0,0,"AICSTAN300_5",0.924583349555219,1.03780778077216,0.8,0.422222222222222,0.6,0.9
"223",5,50,100,50,5,0.5,0.5,1,0.5,0.5,3,FALSE,0.5,FALSE,0,0,0,"AICSTAN300_5",1.00219331066098,0.840020737497422,1,0.444444444444444,0.6,0.9
"224",5,50,100,50,5,0.5,0.5,1,0.5,0.5,3,FALSE,0.5,FALSE,0,0,0,"AICSTAN300_5",0.93675603711507,0.811136639524655,1,0.466666666666667,0.833333333333333,0.909090909090909
"225",5,50,100,50,5,0.5,0.5,1,0.5,0.5,3,FALSE,0.5,FALSE,0,0,0,"AICSTAN300_5",0.888832073897401,0.986633739462519,1,0.577777777777778,0.666666666666667,1
"226",5,50,100,50,5,0.5,0.5,1,0.5,0.5,3,FALSE,0.5,FALSE,0,0,0,"AICSTAN300_5",1.39735574252674,1.05331258760862,1,0.511111111111111,0.714285714285714,1
"227",5,50,100,50,5,0.5,0.5,1,0.5,0.5,3,FALSE,0.5,FALSE,0,0,0,"AICSTAN300_5",1.08108677870386,0.973648550206861,1,0.6,0.833333333333333,0.909090909090909
"228",5,50,100,50,5,0.5,0.5,1,0.5,0.5,3,FALSE,0.5,FALSE,0,0,0,"AICSTAN300_5",1.01056116466366,0.902332574129622,1,0.488888888888889,0.625,0.952380952380952
"229",5,50,100,50,5,0.5,0.5,1,0.5,0.5,3,FALSE,0.5,FALSE,0,0,0,"AICSTAN300_5",0.974046022602315,0.911382311275867,1,0.488888888888889,0.666666666666667,0.977272727272727
"230",5,50,100,50,5,0.5,0.5,1,0.5,0.5,3,FALSE,0.5,FALSE,0,0,0,"AICSTAN300_5",0.720581037066423,0.908193902863194,1,0.733333333333333,0.833333333333333,1
"231",5,50,100,50,5,0.5,0.5,1,0.5,0.5,3,FALSE,0.5,FALSE,0,0,0,"AICSTAN300_5",1.16277406175878,1.04959424050685,1,0.377777777777778,0.333333333333333,1
"232",5,50,100,50,5,0.5,0.5,1,0.5,0.5,3,FALSE,0.5,FALSE,0,0,0,"AICSTAN300_5",0.732283782892968,0.929725514075606,1,0.688888888888889,1,1
"233",5,50,100,50,5,0.5,0.5,1,0.5,0.5,3,FALSE,0.5,FALSE,0,0,0,"AICSTAN300_5",0.835749851767667,0.815586192407359,1,0.622222222222222,0.714285714285714,0.976744186046512
"234",5,50,100,50,5,0.5,0.5,1,0.5,0.5,3,FALSE,0.5,FALSE,0,0,0,"AICSTAN300_5",0.850058046095938,0.990026130793628,1,0.533333333333333,0.75,1
"235",5,50,100,50,5,0.5,0.5,1,0.5,0.5,3,FALSE,0.5,FALSE,0,0,0,"AICSTAN300_5",0.909896287850823,1.0223724821936,1,0.555555555555556,0.833333333333333,0.977272727272727
"236",5,50,100,50,5,0.5,0.5,1,0.5,0.5,3,FALSE,0.5,FALSE,0,0,0,"AICSTAN300_5",0.842848481393115,0.940351553358516,1,0.6,0.714285714285714,0.953488372093023
"237",5,50,100,50,5,0.5,0.5,1,0.5,0.5,3,FALSE,0.5,FALSE,0,0,0,"AICSTAN300_5",0.969061804794597,1.0828025830497,1,0.444444444444444,0.625,0.904761904761905
"238",5,50,100,50,5,0.5,0.5,1,0.5,0.5,3,FALSE,0.5,FALSE,0,0,0,"AICSTAN300_5",0.739215754014993,0.822805167272413,1,0.6,0.857142857142857,0.976744186046512
"239",5,50,100,50,5,0.5,0.5,1,0.5,0.5,3,FALSE,0.5,FALSE,0,0,0,"AICSTAN300_5",0.934942495702671,0.94376558964191,1,0.6,1,0.977777777777778
"240",5,50,100,50,5,0.5,0.5,1,0.5,0.5,3,FALSE,0.5,FALSE,0,0,0,"AICSTAN300_5",0.59324639757408,0.865355330959892,1,0.866666666666667,0.571428571428571,0.976744186046512
"241",5,50,100,50,5,0.5,0.5,1,0.5,0.5,3,FALSE,0.5,FALSE,0,0,0,"AICSTAN300_5",0.828436967834074,0.949301162458325,1,0.466666666666667,0.625,0.928571428571429
"242",5,50,100,50,5,0.5,0.5,1,0.5,0.5,3,FALSE,0.5,FALSE,0,0,0,"AICSTAN300_5",0.674236844646274,0.79275463592418,1,0.666666666666667,0.833333333333333,0.954545454545455
"243",5,50,100,50,5,0.5,0.5,1,0.5,0.5,3,FALSE,0.5,FALSE,0,0,0,"AICSTAN300_5",2.16009825724411,0.893792453940792,1,0.0444444444444444,0.833333333333333,1
"244",5,50,100,50,5,0.5,0.5,1,0.5,0.5,3,FALSE,0.5,FALSE,0,0,0,"AICSTAN300_5",0.860635444065771,0.866411823425934,1,0.711111111111111,0.833333333333333,0.931818181818182
"245",5,50,100,50,5,0.5,0.5,1,0.5,0.5,3,FALSE,0.5,FALSE,0,0,0,"AICSTAN300_5",0.829491860115728,0.849641303517291,1,0.355555555555556,0.7,0.9
"246",5,50,100,50,5,0.5,0.5,1,0.5,0.5,3,FALSE,0.5,FALSE,0,0,0,"AICSTAN300_5",1.18003028892091,1.00994444925762,1,0.533333333333333,0.777777777777778,0.951219512195122
"247",5,50,100,50,5,0.5,0.5,1,0.5,0.5,3,FALSE,0.5,FALSE,0,0,0,"AICSTAN300_5",1.12212889660046,0.92935980011572,1,0.177777777777778,0.833333333333333,0.931818181818182
"248",5,50,100,50,5,0.5,0.5,1,0.5,0.5,3,FALSE,0.5,FALSE,0,0,0,"AICSTAN300_5",0.789616314493894,1.02941546880478,1,0.6,0.833333333333333,0.954545454545455
"249",5,50,100,50,5,0.5,0.5,1,0.5,0.5,3,FALSE,0.5,FALSE,0,0,0,"AICSTAN300_5",0.663111300643777,0.901019955250495,1,0.355555555555556,0.833333333333333,0.954545454545455
"250",5,50,100,50,5,0.5,0.5,1,0.5,0.5,3,FALSE,0.5,FALSE,0,0,0,"AICSTAN300_5",0.738815551043113,0.822359925709789,1,0.666666666666667,0.833333333333333,0.977272727272727
"251",6,50,100,50,5,0.5,0.5,1,0.5,0.5,3,FALSE,0.9,FALSE,0,0,0,"AICSTAN300_6",0.877536944325702,0.845803658528134,1,0.6,0.666666666666667,1
"252",6,50,100,50,5,0.5,0.5,1,0.5,0.5,3,FALSE,0.9,FALSE,0,0,0,"AICSTAN300_6",1.65980159056065,0.956663820229701,1,0.2,0.285714285714286,0.976744186046512
"253",6,50,100,50,5,0.5,0.5,1,0.5,0.5,3,FALSE,0.9,FALSE,0,0,0,"AICSTAN300_6",0.982184656946368,0.879216454436921,1,0.466666666666667,0.375,0.928571428571429
"254",6,50,100,50,5,0.5,0.5,1,0.5,0.5,3,FALSE,0.9,FALSE,0,0,0,"AICSTAN300_6",1.25805477507977,1.05850682367321,1,0.311111111111111,0.444444444444444,0.926829268292683
"255",6,50,100,50,5,0.5,0.5,1,0.5,0.5,3,FALSE,0.9,FALSE,0,0,0,"AICSTAN300_6",1.18514820018064,0.896181170717524,0.8,0.333333333333333,0.222222222222222,0.951219512195122
"256",6,50,100,50,5,0.5,0.5,1,0.5,0.5,3,FALSE,0.9,FALSE,0,0,0,"AICSTAN300_6",1.02782383581519,1.01142309955287,0.8,0.377777777777778,0.428571428571429,0.976744186046512
"257",6,50,100,50,5,0.5,0.5,1,0.5,0.5,3,FALSE,0.9,FALSE,0,0,0,"AICSTAN300_6",0.683267313476451,0.900469713004838,0.8,0.6,0.571428571428571,0.930232558139535
"258",6,50,100,50,5,0.5,0.5,1,0.5,0.5,3,FALSE,0.9,FALSE,0,0,0,"AICSTAN300_6",0.891459678568487,0.961351510294012,0.8,0.533333333333333,0.444444444444444,0.926829268292683
"259",6,50,100,50,5,0.5,0.5,1,0.5,0.5,3,FALSE,0.9,FALSE,0,0,0,"AICSTAN300_6",1.55839679663562,0.890274763445789,1,0.133333333333333,0.666666666666667,0.951219512195122
"260",6,50,100,50,5,0.5,0.5,1,0.5,0.5,3,FALSE,0.9,FALSE,0,0,0,"AICSTAN300_6",0.888801161401272,0.990174598719472,1,0.444444444444444,0.2,1
"261",6,50,100,50,5,0.5,0.5,1,0.5,0.5,3,FALSE,0.9,FALSE,0,0,0,"AICSTAN300_6",0.890414267265213,0.88201832695392,0.8,0.533333333333333,0.428571428571429,0.930232558139535
"262",6,50,100,50,5,0.5,0.5,1,0.5,0.5,3,FALSE,0.9,FALSE,0,0,0,"AICSTAN300_6",0.96643481318464,0.947536654891541,0.6,0.533333333333333,0.272727272727273,0.82051282051282
"263",6,50,100,50,5,0.5,0.5,1,0.5,0.5,3,FALSE,0.9,FALSE,0,0,0,"AICSTAN300_6",0.894448718646031,0.947274151613731,0.8,0.511111111111111,0.285714285714286,0.976744186046512
"264",6,50,100,50,5,0.5,0.5,1,0.5,0.5,3,FALSE,0.9,FALSE,0,0,0,"AICSTAN300_6",0.752597850467067,0.844676243894594,1,0.333333333333333,0.5,0.977272727272727
"265",6,50,100,50,5,0.5,0.5,1,0.5,0.5,3,FALSE,0.9,FALSE,0,0,0,"AICSTAN300_6",0.777862882557921,0.801963916428092,1,0.4,0.857142857142857,0.976744186046512
"266",6,50,100,50,5,0.5,0.5,1,0.5,0.5,3,FALSE,0.9,FALSE,0,0,0,"AICSTAN300_6",1.14896552479511,0.986129140731853,1,0.511111111111111,1,0.953488372093023
"267",6,50,100,50,5,0.5,0.5,1,0.5,0.5,3,FALSE,0.9,FALSE,0,0,0,"AICSTAN300_6",0.765132740599261,0.828318883831865,1,0.688888888888889,0.714285714285714,0.930232558139535
"268",6,50,100,50,5,0.5,0.5,1,0.5,0.5,3,FALSE,0.9,FALSE,0,0,0,"AICSTAN300_6",1.08302939129975,1.05179318476846,1,0.622222222222222,0.444444444444444,0.951219512195122
"269",6,50,100,50,5,0.5,0.5,1,0.5,0.5,3,FALSE,0.9,FALSE,0,0,0,"AICSTAN300_6",0.941605143382208,1.02615915253937,0.8,0.4,0.375,0.976190476190476
"270",6,50,100,50,5,0.5,0.5,1,0.5,0.5,3,FALSE,0.9,FALSE,0,0,0,"AICSTAN300_6",0.882931825332953,1.0387130974731,1,0.533333333333333,0.461538461538462,0.864864864864865
"271",6,50,100,50,5,0.5,0.5,1,0.5,0.5,3,FALSE,0.9,FALSE,0,0,0,"AICSTAN300_6",0.900143390231814,1.01042353923813,1,0.577777777777778,0.714285714285714,0.976744186046512
"272",6,50,100,50,5,0.5,0.5,1,0.5,0.5,3,FALSE,0.9,FALSE,0,0,0,"AICSTAN300_6",0.650117580119839,0.804151691893901,1,0.711111111111111,0.375,0.976190476190476
"273",6,50,100,50,5,0.5,0.5,1,0.5,0.5,3,FALSE,0.9,FALSE,0,0,0,"AICSTAN300_6",1.0624072830742,0.907486774773506,0.4,0.533333333333333,0.625,0.976190476190476
"274",6,50,100,50,5,0.5,0.5,1,0.5,0.5,3,FALSE,0.9,FALSE,0,0,0,"AICSTAN300_6",0.848641596851006,0.9160734614129,1,0.355555555555556,0.571428571428571,0.930232558139535
"275",6,50,100,50,5,0.5,0.5,1,0.5,0.5,3,FALSE,0.9,FALSE,0,0,0,"AICSTAN300_6",0.727768362168569,0.760918238610402,1,0.555555555555556,0.625,0.976190476190476
"276",6,50,100,50,5,0.5,0.5,1,0.5,0.5,3,FALSE,0.9,FALSE,0,0,0,"AICSTAN300_6",0.581011771168025,0.849827086362888,1,0.577777777777778,0.833333333333333,1
"277",6,50,100,50,5,0.5,0.5,1,0.5,0.5,3,FALSE,0.9,FALSE,0,0,0,"AICSTAN300_6",0.743996096317393,0.879851962206263,1,0.733333333333333,0.714285714285714,1
"278",6,50,100,50,5,0.5,0.5,1,0.5,0.5,3,FALSE,0.9,FALSE,0,0,0,"AICSTAN300_6",0.8808907008135,0.815653765006849,1,0.444444444444444,0.714285714285714,0.953488372093023
"279",6,50,100,50,5,0.5,0.5,1,0.5,0.5,3,FALSE,0.9,FALSE,0,0,0,"AICSTAN300_6",1.01907632621357,0.920299967627998,0.8,0.355555555555556,0.6,0.977777777777778
"280",6,50,100,50,5,0.5,0.5,1,0.5,0.5,3,FALSE,0.9,FALSE,0,0,0,"AICSTAN300_6",0.84339075656074,0.972039913583881,0.8,0.622222222222222,0.285714285714286,0.953488372093023
"281",6,50,100,50,5,0.5,0.5,1,0.5,0.5,3,FALSE,0.9,FALSE,0,0,0,"AICSTAN300_6",0.997349494879312,0.989462543848297,1,0.422222222222222,0.666666666666667,0.909090909090909
"282",6,50,100,50,5,0.5,0.5,1,0.5,0.5,3,FALSE,0.9,FALSE,0,0,0,"AICSTAN300_6",0.722555396767637,0.87302486050335,0.8,0.577777777777778,0.375,0.976190476190476
"283",6,50,100,50,5,0.5,0.5,1,0.5,0.5,3,FALSE,0.9,FALSE,0,0,0,"AICSTAN300_6",1.05421529992456,0.976926062736032,0.8,0.511111111111111,0.714285714285714,0.953488372093023
"284",6,50,100,50,5,0.5,0.5,1,0.5,0.5,3,FALSE,0.9,FALSE,0,0,0,"AICSTAN300_6",1.61524580275243,0.976832948046154,1,0.133333333333333,0.428571428571429,0.953488372093023
"285",6,50,100,50,5,0.5,0.5,1,0.5,0.5,3,FALSE,0.9,FALSE,0,0,0,"AICSTAN300_6",1.05780987739451,1.05336578770106,0.6,0.555555555555556,0.375,0.928571428571429
"286",6,50,100,50,5,0.5,0.5,1,0.5,0.5,3,FALSE,0.9,FALSE,0,0,0,"AICSTAN300_6",0.762544691418073,0.878552300861246,1,0.688888888888889,0.666666666666667,0.977272727272727
"287",6,50,100,50,5,0.5,0.5,1,0.5,0.5,3,FALSE,0.9,FALSE,0,0,0,"AICSTAN300_6",0.773542913821543,0.856731908717911,1,0.688888888888889,0.5,0.925
"288",6,50,100,50,5,0.5,0.5,1,0.5,0.5,3,FALSE,0.9,FALSE,0,0,0,"AICSTAN300_6",0.69645097837274,0.876719286694308,0.6,0.777777777777778,0.333333333333333,1
"289",6,50,100,50,5,0.5,0.5,1,0.5,0.5,3,FALSE,0.9,FALSE,0,0,0,"AICSTAN300_6",1.1997458696788,0.921234023609622,1,0.377777777777778,0.571428571428571,1
"290",6,50,100,50,5,0.5,0.5,1,0.5,0.5,3,FALSE,0.9,FALSE,0,0,0,"AICSTAN300_6",0.848548454884326,0.888351464129392,0.8,0.555555555555556,0.5,0.952380952380952
"291",6,50,100,50,5,0.5,0.5,1,0.5,0.5,3,FALSE,0.9,FALSE,0,0,0,"AICSTAN300_6",0.901748625965676,0.98597446819022,0.6,0.511111111111111,0.5,0.954545454545455
"292",6,50,100,50,5,0.5,0.5,1,0.5,0.5,3,FALSE,0.9,FALSE,0,0,0,"AICSTAN300_6",0.953490013941163,0.916469766662465,1,0.311111111111111,0.625,0.976190476190476
"293",6,50,100,50,5,0.5,0.5,1,0.5,0.5,3,FALSE,0.9,FALSE,0,0,0,"AICSTAN300_6",0.731492860990124,0.90389065079399,1,0.644444444444444,0.8,1
"294",6,50,100,50,5,0.5,0.5,1,0.5,0.5,3,FALSE,0.9,FALSE,0,0,0,"AICSTAN300_6",0.798967921685792,0.86116573537064,1,0.666666666666667,0.571428571428571,0.976744186046512
"295",6,50,100,50,5,0.5,0.5,1,0.5,0.5,3,FALSE,0.9,FALSE,0,0,0,"AICSTAN300_6",0.994215831460881,0.996343437715864,1,0.444444444444444,0.8,0.933333333333333
"296",6,50,100,50,5,0.5,0.5,1,0.5,0.5,3,FALSE,0.9,FALSE,0,0,0,"AICSTAN300_6",0.701413887955312,0.800041651042533,1,0.577777777777778,0.833333333333333,1
"297",6,50,100,50,5,0.5,0.5,1,0.5,0.5,3,FALSE,0.9,FALSE,0,0,0,"AICSTAN300_6",1.09887664979551,0.995088753497824,1,0.311111111111111,0.666666666666667,0.926829268292683
"298",6,50,100,50,5,0.5,0.5,1,0.5,0.5,3,FALSE,0.9,FALSE,0,0,0,"AICSTAN300_6",1.16227273048268,0.963448876372278,0.8,0.266666666666667,0.4,1
"299",6,50,100,50,5,0.5,0.5,1,0.5,0.5,3,FALSE,0.9,FALSE,0,0,0,"AICSTAN300_6",0.790202947997387,0.86047249252667,0.8,0.466666666666667,0.625,0.952380952380952
"300",6,50,100,50,5,0.5,0.5,1,0.5,0.5,3,FALSE,0.9,FALSE,0,0,0,"AICSTAN300_6",0.710048544292355,0.887414843450875,0.8,0.622222222222222,0.666666666666667,1
"301",7,50,100,50,5,0.5,0.5,1,0.5,0.5,3,FALSE,0.1,FALSE,0,0,0,"AICSTAN300_7",0.65417025789066,0.793536367791047,1,0.755555555555556,0.833333333333333,1
"302",7,50,100,50,5,0.5,0.5,1,0.5,0.5,3,FALSE,0.1,FALSE,0,0,0,"AICSTAN300_7",0.958164705005388,1.13379771161221,1,0.577777777777778,0.625,0.928571428571429
"303",7,50,100,50,5,0.5,0.5,1,0.5,0.5,3,FALSE,0.1,FALSE,0,0,0,"AICSTAN300_7",1.22483232989052,1.00759963888138,1,0.533333333333333,0.833333333333333,1
"304",7,50,100,50,5,0.5,0.5,1,0.5,0.5,3,FALSE,0.1,FALSE,0,0,0,"AICSTAN300_7",0.735681748331689,0.891642951503614,1,0.555555555555556,0.5,1
"305",7,50,100,50,5,0.5,0.5,1,0.5,0.5,3,FALSE,0.1,FALSE,0,0,0,"AICSTAN300_7",1.48638281519928,1.15756032453817,1,0.0444444444444444,0.75,0.928571428571429
"306",7,50,100,50,5,0.5,0.5,1,0.5,0.5,3,FALSE,0.1,FALSE,0,0,0,"AICSTAN300_7",0.867948521947169,0.915150212119694,1,0.488888888888889,0.714285714285714,1
"307",7,50,100,50,5,0.5,0.5,1,0.5,0.5,3,FALSE,0.1,FALSE,0,0,0,"AICSTAN300_7",0.832489826001546,0.89182823517274,1,0.333333333333333,1,0.863636363636364
"308",7,50,100,50,5,0.5,0.5,1,0.5,0.5,3,FALSE,0.1,FALSE,0,0,0,"AICSTAN300_7",1.01087322661853,0.968623984178128,1,0.311111111111111,0.714285714285714,0.976744186046512
"309",7,50,100,50,5,0.5,0.5,1,0.5,0.5,3,FALSE,0.1,FALSE,0,0,0,"AICSTAN300_7",0.767988137406241,0.921050612271551,1,0.6,0.833333333333333,1
"310",7,50,100,50,5,0.5,0.5,1,0.5,0.5,3,FALSE,0.1,FALSE,0,0,0,"AICSTAN300_7",0.933001344598181,1.00236002596521,1,0.577777777777778,1,0.977272727272727
"311",7,50,100,50,5,0.5,0.5,1,0.5,0.5,3,FALSE,0.1,FALSE,0,0,0,"AICSTAN300_7",0.673094510200987,0.822922568236695,1,0.577777777777778,0.857142857142857,0.976744186046512
"312",7,50,100,50,5,0.5,0.5,1,0.5,0.5,3,FALSE,0.1,FALSE,0,0,0,"AICSTAN300_7",1.03285965434029,1.09278026763351,1,0.711111111111111,0.857142857142857,1
"313",7,50,100,50,5,0.5,0.5,1,0.5,0.5,3,FALSE,0.1,FALSE,0,0,0,"AICSTAN300_7",0.682083064017848,0.964217456417979,1,0.844444444444444,0.714285714285714,1
"314",7,50,100,50,5,0.5,0.5,1,0.5,0.5,3,FALSE,0.1,FALSE,0,0,0,"AICSTAN300_7",1.04887396952638,1.12723532943558,1,0.511111111111111,0.444444444444444,1
"315",7,50,100,50,5,0.5,0.5,1,0.5,0.5,3,FALSE,0.1,FALSE,0,0,0,"AICSTAN300_7",1.40641887954674,1.01182722583674,1,0.222222222222222,0.4,0.95
"316",7,50,100,50,5,0.5,0.5,1,0.5,0.5,3,FALSE,0.1,FALSE,0,0,0,"AICSTAN300_7",1.64897690773285,0.895148340384372,1,0.266666666666667,1,0.977272727272727
"317",7,50,100,50,5,0.5,0.5,1,0.5,0.5,3,FALSE,0.1,FALSE,0,0,0,"AICSTAN300_7",0.922915072708634,0.938799870775648,1,0.511111111111111,0.857142857142857,0.930232558139535
"318",7,50,100,50,5,0.5,0.5,1,0.5,0.5,3,FALSE,0.1,FALSE,0,0,0,"AICSTAN300_7",0.861062899249029,0.956336436932466,1,0.466666666666667,0.75,1
"319",7,50,100,50,5,0.5,0.5,1,0.5,0.5,3,FALSE,0.1,FALSE,0,0,0,"AICSTAN300_7",1.00828691513176,1.07363764628217,1,0.555555555555556,0.416666666666667,0.973684210526316
"320",7,50,100,50,5,0.5,0.5,1,0.5,0.5,3,FALSE,0.1,FALSE,0,0,0,"AICSTAN300_7",1.5719521727569,0.996634632988937,1,0.2,0.7,0.975
"321",7,50,100,50,5,0.5,0.5,1,0.5,0.5,3,FALSE,0.1,FALSE,0,0,0,"AICSTAN300_7",0.809871761448476,0.964752061147737,1,0.444444444444444,0.833333333333333,0.977272727272727
"322",7,50,100,50,5,0.5,0.5,1,0.5,0.5,3,FALSE,0.1,FALSE,0,0,0,"AICSTAN300_7",0.733601825965894,1.1575580643524,1,0.6,0.363636363636364,0.974358974358974
"323",7,50,100,50,5,0.5,0.5,1,0.5,0.5,3,FALSE,0.1,FALSE,0,0,0,"AICSTAN300_7",0.747812265193465,0.873194834352196,1,0.533333333333333,0.714285714285714,0.953488372093023
"324",7,50,100,50,5,0.5,0.5,1,0.5,0.5,3,FALSE,0.1,FALSE,0,0,0,"AICSTAN300_7",0.988129924058624,0.996569313125483,1,0.644444444444444,0.857142857142857,0.953488372093023
"325",7,50,100,50,5,0.5,0.5,1,0.5,0.5,3,FALSE,0.1,FALSE,0,0,0,"AICSTAN300_7",0.973733068459382,0.888949912917244,1,0.622222222222222,0.666666666666667,0.975609756097561
"326",7,50,100,50,5,0.5,0.5,1,0.5,0.5,3,FALSE,0.1,FALSE,0,0,0,"AICSTAN300_7",0.730571912509596,0.77203113016087,1,0.377777777777778,0.714285714285714,0.953488372093023
"327",7,50,100,50,5,0.5,0.5,1,0.5,0.5,3,FALSE,0.1,FALSE,0,0,0,"AICSTAN300_7",0.934202808038279,1.11982942333963,1,0.622222222222222,0.75,0.976190476190476
"328",7,50,100,50,5,0.5,0.5,1,0.5,0.5,3,FALSE,0.1,FALSE,0,0,0,"AICSTAN300_7",1.13659814827942,0.872366716934069,1,0.4,0.714285714285714,0.906976744186046
"329",7,50,100,50,5,0.5,0.5,1,0.5,0.5,3,FALSE,0.1,FALSE,0,0,0,"AICSTAN300_7",0.994454007529002,1.06718095904588,1,0.577777777777778,0.666666666666667,0.951219512195122
"330",7,50,100,50,5,0.5,0.5,1,0.5,0.5,3,FALSE,0.1,FALSE,0,0,0,"AICSTAN300_7",0.976992236445298,1.05280629268498,1,0.444444444444444,0.555555555555556,0.926829268292683
"331",7,50,100,50,5,0.5,0.5,1,0.5,0.5,3,FALSE,0.1,FALSE,0,0,0,"AICSTAN300_7",1.42145679552802,0.996755919951461,1,0.2,0.8,0.875
"332",7,50,100,50,5,0.5,0.5,1,0.5,0.5,3,FALSE,0.1,FALSE,0,0,0,"AICSTAN300_7",0.76391556767884,0.896476380794664,1,0.4,1,0.954545454545455
"333",7,50,100,50,5,0.5,0.5,1,0.5,0.5,3,FALSE,0.1,FALSE,0,0,0,"AICSTAN300_7",0.700835339805246,0.938744646600123,1,0.644444444444444,0.7,1
"334",7,50,100,50,5,0.5,0.5,1,0.5,0.5,3,FALSE,0.1,FALSE,0,0,0,"AICSTAN300_7",1.03421927309337,0.971280684472171,0.8,0.422222222222222,0.571428571428571,1
"335",7,50,100,50,5,0.5,0.5,1,0.5,0.5,3,FALSE,0.1,FALSE,0,0,0,"AICSTAN300_7",0.920667806144176,0.881889565835555,1,0.288888888888889,0.833333333333333,0.977272727272727
"336",7,50,100,50,5,0.5,0.5,1,0.5,0.5,3,FALSE,0.1,FALSE,0,0,0,"AICSTAN300_7",0.82683253019186,0.92472054586441,1,0.666666666666667,0.833333333333333,0.954545454545455
"337",7,50,100,50,5,0.5,0.5,1,0.5,0.5,3,FALSE,0.1,FALSE,0,0,0,"AICSTAN300_7",0.695340288495564,0.786201758203978,1,0.622222222222222,0.777777777777778,1
"338",7,50,100,50,5,0.5,0.5,1,0.5,0.5,3,FALSE,0.1,FALSE,0,0,0,"AICSTAN300_7",0.963473142024993,0.949216156621831,1,0.622222222222222,0.666666666666667,1
"339",7,50,100,50,5,0.5,0.5,1,0.5,0.5,3,FALSE,0.1,FALSE,0,0,0,"AICSTAN300_7",0.800718228218311,0.94432976205584,1,0.266666666666667,0.666666666666667,0.926829268292683
"340",7,50,100,50,5,0.5,0.5,1,0.5,0.5,3,FALSE,0.1,FALSE,0,0,0,"AICSTAN300_7",0.581567590693278,0.84713212730584,1,0.733333333333333,0.714285714285714,1
"341",7,50,100,50,5,0.5,0.5,1,0.5,0.5,3,FALSE,0.1,FALSE,0,0,0,"AICSTAN300_7",0.687369474664519,0.856522985498659,1,0.755555555555556,0.833333333333333,0.954545454545455
"342",7,50,100,50,5,0.5,0.5,1,0.5,0.5,3,FALSE,0.1,FALSE,0,0,0,"AICSTAN300_7",0.905290886684896,1.01816339006462,1,0.577777777777778,0.8,0.975
"343",7,50,100,50,5,0.5,0.5,1,0.5,0.5,3,FALSE,0.1,FALSE,0,0,0,"AICSTAN300_7",0.848234087979729,0.888547443678159,1,0.244444444444444,0.833333333333333,0.840909090909091
"344",7,50,100,50,5,0.5,0.5,1,0.5,0.5,3,FALSE,0.1,FALSE,0,0,0,"AICSTAN300_7",1.03543999003867,0.938193369192764,1,0.511111111111111,0.625,0.928571428571429
"345",7,50,100,50,5,0.5,0.5,1,0.5,0.5,3,FALSE,0.1,FALSE,0,0,0,"AICSTAN300_7",0.98590010328751,0.9864816505978,1,0.4,0.75,1
"346",7,50,100,50,5,0.5,0.5,1,0.5,0.5,3,FALSE,0.1,FALSE,0,0,0,"AICSTAN300_7",0.832026667138354,0.749867284691529,1,0.288888888888889,1,0.906976744186046
"347",7,50,100,50,5,0.5,0.5,1,0.5,0.5,3,FALSE,0.1,FALSE,0,0,0,"AICSTAN300_7",0.765516587088445,0.932983742114795,1,0.488888888888889,0.833333333333333,0.977272727272727
"348",7,50,100,50,5,0.5,0.5,1,0.5,0.5,3,FALSE,0.1,FALSE,0,0,0,"AICSTAN300_7",1.42882574963546,0.964431162017203,1,0.244444444444444,1,0.977272727272727
"349",7,50,100,50,5,0.5,0.5,1,0.5,0.5,3,FALSE,0.1,FALSE,0,0,0,"AICSTAN300_7",1.19460468575854,1.0927346542552,1,0.355555555555556,0.5,0.976190476190476
"350",7,50,100,50,5,0.5,0.5,1,0.5,0.5,3,FALSE,0.1,FALSE,0,0,0,"AICSTAN300_7",1.20805413478362,1.16203989433756,1,0.311111111111111,0.666666666666667,0.954545454545455
"351",8,50,100,50,5,0.5,0.5,1,0.5,0.5,3,FALSE,0.5,FALSE,0,0,0,"AICSTAN300_8",0.859778880402815,0.877402734032467,1,0.466666666666667,0.833333333333333,0.954545454545455
"352",8,50,100,50,5,0.5,0.5,1,0.5,0.5,3,FALSE,0.5,FALSE,0,0,0,"AICSTAN300_8",1.47571650789621,0.96500789170671,1,0.133333333333333,1,1
"353",8,50,100,50,5,0.5,0.5,1,0.5,0.5,3,FALSE,0.5,FALSE,0,0,0,"AICSTAN300_8",0.93720901677627,0.907958409494131,1,0.177777777777778,0.714285714285714,0.86046511627907
"354",8,50,100,50,5,0.5,0.5,1,0.5,0.5,3,FALSE,0.5,FALSE,0,0,0,"AICSTAN300_8",0.637201287622968,0.988908881464161,1,0.666666666666667,0.5,1
"355",8,50,100,50,5,0.5,0.5,1,0.5,0.5,3,FALSE,0.5,FALSE,0,0,0,"AICSTAN300_8",0.825488688416864,0.867622996696095,1,0.422222222222222,0.777777777777778,0.951219512195122
"356",8,50,100,50,5,0.5,0.5,1,0.5,0.5,3,FALSE,0.5,FALSE,0,0,0,"AICSTAN300_8",0.728596287141879,0.938717175487841,1,0.711111111111111,0.714285714285714,1
"357",8,50,100,50,5,0.5,0.5,1,0.5,0.5,3,FALSE,0.5,FALSE,0,0,0,"AICSTAN300_8",1.14720277290193,0.960240599941067,1,0.2,0.625,0.928571428571429
"358",8,50,100,50,5,0.5,0.5,1,0.5,0.5,3,FALSE,0.5,FALSE,0,0,0,"AICSTAN300_8",0.649427759232001,0.953957867209071,1,0.533333333333333,0.555555555555556,0.951219512195122
"359",8,50,100,50,5,0.5,0.5,1,0.5,0.5,3,FALSE,0.5,FALSE,0,0,0,"AICSTAN300_8",1.09879690184578,0.978745625284592,1,0.6,0.714285714285714,0.906976744186046
"360",8,50,100,50,5,0.5,0.5,1,0.5,0.5,3,FALSE,0.5,FALSE,0,0,0,"AICSTAN300_8",0.947367766966074,0.854361410710012,1,0.333333333333333,0.666666666666667,0.902439024390244
"361",8,50,100,50,5,0.5,0.5,1,0.5,0.5,3,FALSE,0.5,FALSE,0,0,0,"AICSTAN300_8",1.1168985858278,0.894218129210377,1,0.488888888888889,0.714285714285714,0.953488372093023
"362",8,50,100,50,5,0.5,0.5,1,0.5,0.5,3,FALSE,0.5,FALSE,0,0,0,"AICSTAN300_8",1.1755855941812,1.05738931023582,1,0.377777777777778,0.428571428571429,0.953488372093023
"363",8,50,100,50,5,0.5,0.5,1,0.5,0.5,3,FALSE,0.5,FALSE,0,0,0,"AICSTAN300_8",1.34520922659498,1.09883100990599,1,0.422222222222222,0.857142857142857,0.976744186046512
"364",8,50,100,50,5,0.5,0.5,1,0.5,0.5,3,FALSE,0.5,FALSE,0,0,0,"AICSTAN300_8",0.74320260828062,0.897599735903191,1,0.711111111111111,0.857142857142857,1
"365",8,50,100,50,5,0.5,0.5,1,0.5,0.5,3,FALSE,0.5,FALSE,0,0,0,"AICSTAN300_8",0.754456718546545,0.804750530556551,1,0.755555555555556,0.857142857142857,0.976744186046512
"366",8,50,100,50,5,0.5,0.5,1,0.5,0.5,3,FALSE,0.5,FALSE,0,0,0,"AICSTAN300_8",0.70798808912008,0.961156269831158,1,0.666666666666667,0.833333333333333,0.954545454545455
"367",8,50,100,50,5,0.5,0.5,1,0.5,0.5,3,FALSE,0.5,FALSE,0,0,0,"AICSTAN300_8",0.704917204321816,0.848093320934572,0.8,0.755555555555556,0.428571428571429,1
"368",8,50,100,50,5,0.5,0.5,1,0.5,0.5,3,FALSE,0.5,FALSE,0,0,0,"AICSTAN300_8",1.37792996802273,0.96773011658642,1,0.0444444444444444,1,0.888888888888889
"369",8,50,100,50,5,0.5,0.5,1,0.5,0.5,3,FALSE,0.5,FALSE,0,0,0,"AICSTAN300_8",1.66325173737577,0.832078839629653,1,0.0888888888888889,1,1
"370",8,50,100,50,5,0.5,0.5,1,0.5,0.5,3,FALSE,0.5,FALSE,0,0,0,"AICSTAN300_8",0.817076547513484,0.930723489988063,1,0.6,0.714285714285714,0.930232558139535
"371",8,50,100,50,5,0.5,0.5,1,0.5,0.5,3,FALSE,0.5,FALSE,0,0,0,"AICSTAN300_8",0.736747875176033,0.901535163382204,1,0.755555555555556,0.75,1
"372",8,50,100,50,5,0.5,0.5,1,0.5,0.5,3,FALSE,0.5,FALSE,0,0,0,"AICSTAN300_8",0.94800610199277,0.9892196007514,1,0.466666666666667,0.4,0.875
"373",8,50,100,50,5,0.5,0.5,1,0.5,0.5,3,FALSE,0.5,FALSE,0,0,0,"AICSTAN300_8",0.661066013659151,0.869986784541669,1,0.644444444444444,0.666666666666667,0.909090909090909
"374",8,50,100,50,5,0.5,0.5,1,0.5,0.5,3,FALSE,0.5,FALSE,0,0,0,"AICSTAN300_8",0.746018545887505,0.988315430916386,0.8,0.688888888888889,0.714285714285714,0.953488372093023
"375",8,50,100,50,5,0.5,0.5,1,0.5,0.5,3,FALSE,0.5,FALSE,0,0,0,"AICSTAN300_8",0.753298646428565,0.775694302801391,1,0.422222222222222,0.555555555555556,0.951219512195122
"376",8,50,100,50,5,0.5,0.5,1,0.5,0.5,3,FALSE,0.5,FALSE,0,0,0,"AICSTAN300_8",1.66233257162619,0.996868205741631,1,0.288888888888889,0.555555555555556,1
"377",8,50,100,50,5,0.5,0.5,1,0.5,0.5,3,FALSE,0.5,FALSE,0,0,0,"AICSTAN300_8",0.858873163988103,0.938973445074206,1,0.444444444444444,0.714285714285714,0.906976744186046
"378",8,50,100,50,5,0.5,0.5,1,0.5,0.5,3,FALSE,0.5,FALSE,0,0,0,"AICSTAN300_8",0.736974668775619,0.832359742160482,1,0.444444444444444,0.857142857142857,0.883720930232558
"379",8,50,100,50,5,0.5,0.5,1,0.5,0.5,3,FALSE,0.5,FALSE,0,0,0,"AICSTAN300_8",0.874069809494035,0.947964319535175,1,0.622222222222222,0.75,1
"380",8,50,100,50,5,0.5,0.5,1,0.5,0.5,3,FALSE,0.5,FALSE,0,0,0,"AICSTAN300_8",0.681937931242401,0.926062931278688,1,0.666666666666667,0.833333333333333,1
"381",8,50,100,50,5,0.5,0.5,1,0.5,0.5,3,FALSE,0.5,FALSE,0,0,0,"AICSTAN300_8",0.905584944307529,0.945127713734443,1,0.688888888888889,0.666666666666667,0.951219512195122
"382",8,50,100,50,5,0.5,0.5,1,0.5,0.5,3,FALSE,0.5,FALSE,0,0,0,"AICSTAN300_8",0.778716278326696,0.9112784798314,1,0.577777777777778,1,0.955555555555556
"383",8,50,100,50,5,0.5,0.5,1,0.5,0.5,3,FALSE,0.5,FALSE,0,0,0,"AICSTAN300_8",1.27775773239787,0.916972951413012,1,0.177777777777778,0.857142857142857,0.906976744186046
"384",8,50,100,50,5,0.5,0.5,1,0.5,0.5,3,FALSE,0.5,FALSE,0,0,0,"AICSTAN300_8",0.84806955439062,0.956201960186273,1,0.466666666666667,0.875,1
"385",8,50,100,50,5,0.5,0.5,1,0.5,0.5,3,FALSE,0.5,FALSE,0,0,0,"AICSTAN300_8",1.53260060108909,1.13287972513443,1,0.2,0.666666666666667,0.977272727272727
"386",8,50,100,50,5,0.5,0.5,1,0.5,0.5,3,FALSE,0.5,FALSE,0,0,0,"AICSTAN300_8",1.05477617447793,0.99251658377659,1,0.333333333333333,0.555555555555556,0.951219512195122
"387",8,50,100,50,5,0.5,0.5,1,0.5,0.5,3,FALSE,0.5,FALSE,0,0,0,"AICSTAN300_8",1.2651106459969,1.11942938757356,1,0.177777777777778,0.75,0.880952380952381
"388",8,50,100,50,5,0.5,0.5,1,0.5,0.5,3,FALSE,0.5,FALSE,0,0,0,"AICSTAN300_8",0.85927852361117,0.964602188604243,1,0.622222222222222,0.571428571428571,0.976744186046512
"389",8,50,100,50,5,0.5,0.5,1,0.5,0.5,3,FALSE,0.5,FALSE,0,0,0,"AICSTAN300_8",1.32609079074116,1.00567213868215,1,0.488888888888889,1,0.977777777777778
"390",8,50,100,50,5,0.5,0.5,1,0.5,0.5,3,FALSE,0.5,FALSE,0,0,0,"AICSTAN300_8",1.11261337567828,0.969799188367399,1,0.4,0.714285714285714,0.906976744186046
"391",8,50,100,50,5,0.5,0.5,1,0.5,0.5,3,FALSE,0.5,FALSE,0,0,0,"AICSTAN300_8",0.673577459414498,0.910142089579235,0.8,0.844444444444444,0.714285714285714,1
"392",8,50,100,50,5,0.5,0.5,1,0.5,0.5,3,FALSE,0.5,FALSE,0,0,0,"AICSTAN300_8",0.874544091487775,1.01084265260278,1,0.466666666666667,0.666666666666667,0.951219512195122
"393",8,50,100,50,5,0.5,0.5,1,0.5,0.5,3,FALSE,0.5,FALSE,0,0,0,"AICSTAN300_8",0.681821088171236,0.897651280981747,1,0.6,0.714285714285714,0.930232558139535
"394",8,50,100,50,5,0.5,0.5,1,0.5,0.5,3,FALSE,0.5,FALSE,0,0,0,"AICSTAN300_8",0.925794629986945,0.842063783669852,1,0.4,0.75,0.976190476190476
"395",8,50,100,50,5,0.5,0.5,1,0.5,0.5,3,FALSE,0.5,FALSE,0,0,0,"AICSTAN300_8",1.07506884863272,0.934388822298296,1,0.422222222222222,0.833333333333333,0.931818181818182
"396",8,50,100,50,5,0.5,0.5,1,0.5,0.5,3,FALSE,0.5,FALSE,0,0,0,"AICSTAN300_8",1.12989251444018,1.027512869425,1,0.466666666666667,0.714285714285714,0.953488372093023
"397",8,50,100,50,5,0.5,0.5,1,0.5,0.5,3,FALSE,0.5,FALSE,0,0,0,"AICSTAN300_8",0.624404085157784,0.83452967272899,0.8,0.688888888888889,0.777777777777778,1
"398",8,50,100,50,5,0.5,0.5,1,0.5,0.5,3,FALSE,0.5,FALSE,0,0,0,"AICSTAN300_8",0.785344290385254,0.907938498101647,1,0.644444444444444,0.666666666666667,0.977272727272727
"399",8,50,100,50,5,0.5,0.5,1,0.5,0.5,3,FALSE,0.5,FALSE,0,0,0,"AICSTAN300_8",1.37386605903798,0.980115821399235,1,0.377777777777778,1,0.977777777777778
"400",8,50,100,50,5,0.5,0.5,1,0.5,0.5,3,FALSE,0.5,FALSE,0,0,0,"AICSTAN300_8",0.751446789889045,0.891499547270439,1,0.533333333333333,0.666666666666667,0.977272727272727
"401",9,50,100,50,5,0.5,0.5,1,0.5,0.5,3,FALSE,0.9,FALSE,0,0,0,"AICSTAN300_9",0.682691745939011,0.876222743821347,1,0.777777777777778,0.6,0.977777777777778
"402",9,50,100,50,5,0.5,0.5,1,0.5,0.5,3,FALSE,0.9,FALSE,0,0,0,"AICSTAN300_9",0.582901523692243,0.813834776185402,0.6,0.822222222222222,0.444444444444444,0.951219512195122
"403",9,50,100,50,5,0.5,0.5,1,0.5,0.5,3,FALSE,0.9,FALSE,0,0,0,"AICSTAN300_9",1.19864533204567,0.940475312920445,0.8,0.533333333333333,0.428571428571429,0.976744186046512
"404",9,50,100,50,5,0.5,0.5,1,0.5,0.5,3,FALSE,0.9,FALSE,0,0,0,"AICSTAN300_9",0.769583086131076,1.03908098730417,1,0.466666666666667,0.333333333333333,1
"405",9,50,100,50,5,0.5,0.5,1,0.5,0.5,3,FALSE,0.9,FALSE,0,0,0,"AICSTAN300_9",2.29000885648127,0.984887228426762,1,-0.0222222222222222,0.666666666666667,0.840909090909091
"406",9,50,100,50,5,0.5,0.5,1,0.5,0.5,3,FALSE,0.9,FALSE,0,0,0,"AICSTAN300_9",1.00787443547037,0.863942083773633,1,0.4,0.857142857142857,0.976744186046512
"407",9,50,100,50,5,0.5,0.5,1,0.5,0.5,3,FALSE,0.9,FALSE,0,0,0,"AICSTAN300_9",1.0425233387693,0.768854691266758,1,0.155555555555556,0.714285714285714,1
"408",9,50,100,50,5,0.5,0.5,1,0.5,0.5,3,FALSE,0.9,FALSE,0,0,0,"AICSTAN300_9",0.539750065965969,0.832109173307344,0.8,0.711111111111111,0.833333333333333,0.931818181818182
"409",9,50,100,50,5,0.5,0.5,1,0.5,0.5,3,FALSE,0.9,FALSE,0,0,0,"AICSTAN300_9",0.661735661756083,0.824466923395738,0.8,0.622222222222222,0.428571428571429,0.953488372093023
"410",9,50,100,50,5,0.5,0.5,1,0.5,0.5,3,FALSE,0.9,FALSE,0,0,0,"AICSTAN300_9",0.643479776181635,0.753721509169334,1,0.622222222222222,0.8,0.955555555555556
"411",9,50,100,50,5,0.5,0.5,1,0.5,0.5,3,FALSE,0.9,FALSE,0,0,0,"AICSTAN300_9",0.771454264953622,1.0015075902977,0.8,0.666666666666667,0.5,0.904761904761905
"412",9,50,100,50,5,0.5,0.5,1,0.5,0.5,3,FALSE,0.9,FALSE,0,0,0,"AICSTAN300_9",0.968573308041943,0.996523517897045,0.8,0.488888888888889,0.571428571428571,0.976744186046512
"413",9,50,100,50,5,0.5,0.5,1,0.5,0.5,3,FALSE,0.9,FALSE,0,0,0,"AICSTAN300_9",1.00405020012171,1.12545161678528,1,0.488888888888889,0.416666666666667,1
"414",9,50,100,50,5,0.5,0.5,1,0.5,0.5,3,FALSE,0.9,FALSE,0,0,0,"AICSTAN300_9",0.787111629823975,0.953392091762817,1,0.8,0.428571428571429,1
"415",9,50,100,50,5,0.5,0.5,1,0.5,0.5,3,FALSE,0.9,FALSE,0,0,0,"AICSTAN300_9",0.941165051761802,0.861402776175022,1,0.422222222222222,0.5,0.977272727272727
"416",9,50,100,50,5,0.5,0.5,1,0.5,0.5,3,FALSE,0.9,FALSE,0,0,0,"AICSTAN300_9",0.87467338776866,0.887711947967929,0.6,0.622222222222222,0.5,0.954545454545455
"417",9,50,100,50,5,0.5,0.5,1,0.5,0.5,3,FALSE,0.9,FALSE,0,0,0,"AICSTAN300_9",0.825472515694324,0.84242162172945,1,0.577777777777778,0.8,0.977777777777778
"418",9,50,100,50,5,0.5,0.5,1,0.5,0.5,3,FALSE,0.9,FALSE,0,0,0,"AICSTAN300_9",1.00665963063392,0.921742827743936,1,0.333333333333333,0.625,0.952380952380952
"419",9,50,100,50,5,0.5,0.5,1,0.5,0.5,3,FALSE,0.9,FALSE,0,0,0,"AICSTAN300_9",0.761351892933182,1.10637438913746,1,0.555555555555556,0.5,1
"420",9,50,100,50,5,0.5,0.5,1,0.5,0.5,3,FALSE,0.9,FALSE,0,0,0,"AICSTAN300_9",0.756517414858486,0.861050149862891,1,0.355555555555556,0.714285714285714,0.883720930232558
"421",9,50,100,50,5,0.5,0.5,1,0.5,0.5,3,FALSE,0.9,FALSE,0,0,0,"AICSTAN300_9",0.803679476954569,1.00795691388929,1,0.511111111111111,0.333333333333333,0.951219512195122
"422",9,50,100,50,5,0.5,0.5,1,0.5,0.5,3,FALSE,0.9,FALSE,0,0,0,"AICSTAN300_9",0.839990409312754,1.0035076003559,1,0.711111111111111,0.571428571428571,0.953488372093023
"423",9,50,100,50,5,0.5,0.5,1,0.5,0.5,3,FALSE,0.9,FALSE,0,0,0,"AICSTAN300_9",1.11408430610427,0.943204572862077,0.8,0.466666666666667,0.571428571428571,0.953488372093023
"424",9,50,100,50,5,0.5,0.5,1,0.5,0.5,3,FALSE,0.9,FALSE,0,0,0,"AICSTAN300_9",1.17900347265661,1.07343353232689,0.8,0.488888888888889,0.363636363636364,1
"425",9,50,100,50,5,0.5,0.5,1,0.5,0.5,3,FALSE,0.9,FALSE,0,0,0,"AICSTAN300_9",0.797036766777378,0.939926442826556,0.8,0.466666666666667,0.5,0.904761904761905
"426",9,50,100,50,5,0.5,0.5,1,0.5,0.5,3,FALSE,0.9,FALSE,0,0,0,"AICSTAN300_9",0.611317424427281,0.76070507357729,0.8,0.711111111111111,0.571428571428571,0.953488372093023
"427",9,50,100,50,5,0.5,0.5,1,0.5,0.5,3,FALSE,0.9,FALSE,0,0,0,"AICSTAN300_9",0.794469243993177,0.886570598467715,0.6,0.6,0.428571428571429,0.976744186046512
"428",9,50,100,50,5,0.5,0.5,1,0.5,0.5,3,FALSE,0.9,FALSE,0,0,0,"AICSTAN300_9",1.06872009200306,0.963556371709535,0.8,0.377777777777778,0.833333333333333,0.977272727272727
"429",9,50,100,50,5,0.5,0.5,1,0.5,0.5,3,FALSE,0.9,FALSE,0,0,0,"AICSTAN300_9",0.854141485115941,0.837972353526619,1,0.444444444444444,0.833333333333333,0.931818181818182
"430",9,50,100,50,5,0.5,0.5,1,0.5,0.5,3,FALSE,0.9,FALSE,0,0,0,"AICSTAN300_9",0.700439355750506,0.969937756132897,1,0.622222222222222,0.857142857142857,0.930232558139535
"431",9,50,100,50,5,0.5,0.5,1,0.5,0.5,3,FALSE,0.9,FALSE,0,0,0,"AICSTAN300_9",0.904756393632599,0.954979465580669,0.8,0.511111111111111,0.6,0.955555555555556
"432",9,50,100,50,5,0.5,0.5,1,0.5,0.5,3,FALSE,0.9,FALSE,0,0,0,"AICSTAN300_9",1.263407806587,0.903853412862576,1,0.133333333333333,0.8,1
"433",9,50,100,50,5,0.5,0.5,1,0.5,0.5,3,FALSE,0.9,FALSE,0,0,0,"AICSTAN300_9",0.827051466527984,0.98328450429096,0.8,0.733333333333333,0.5,1
"434",9,50,100,50,5,0.5,0.5,1,0.5,0.5,3,FALSE,0.9,FALSE,0,0,0,"AICSTAN300_9",0.991844271849125,0.832038849736649,0.6,0.355555555555556,0.5,0.977272727272727
"435",9,50,100,50,5,0.5,0.5,1,0.5,0.5,3,FALSE,0.9,FALSE,0,0,0,"AICSTAN300_9",1.2854986260304,0.757557137361345,1,0.0666666666666667,0.333333333333333,0.926829268292683
"436",9,50,100,50,5,0.5,0.5,1,0.5,0.5,3,FALSE,0.9,FALSE,0,0,0,"AICSTAN300_9",0.955675706914934,0.868097104301307,1,0.511111111111111,0.5,1
"437",9,50,100,50,5,0.5,0.5,1,0.5,0.5,3,FALSE,0.9,FALSE,0,0,0,"AICSTAN300_9",0.688547263994433,0.859266872268804,0.6,0.8,0.428571428571429,1
"438",9,50,100,50,5,0.5,0.5,1,0.5,0.5,3,FALSE,0.9,FALSE,0,0,0,"AICSTAN300_9",0.884353232683226,0.78445646681354,1,0.266666666666667,0.5,0.925
"439",9,50,100,50,5,0.5,0.5,1,0.5,0.5,3,FALSE,0.9,FALSE,0,0,0,"AICSTAN300_9",1.22368856878225,0.855037782825218,1,0.355555555555556,0.428571428571429,0.976744186046512
"440",9,50,100,50,5,0.5,0.5,1,0.5,0.5,3,FALSE,0.9,FALSE,0,0,0,"AICSTAN300_9",0.732985493833453,0.763266716797749,0.8,0.577777777777778,0.714285714285714,0.976744186046512
"441",9,50,100,50,5,0.5,0.5,1,0.5,0.5,3,FALSE,0.9,FALSE,0,0,0,"AICSTAN300_9",1.51473726451533,1.08768585506319,1,0.377777777777778,0.428571428571429,0.930232558139535
"442",9,50,100,50,5,0.5,0.5,1,0.5,0.5,3,FALSE,0.9,FALSE,0,0,0,"AICSTAN300_9",0.91116413794743,0.916994347504705,0.8,0.511111111111111,0.5,0.976190476190476
"443",9,50,100,50,5,0.5,0.5,1,0.5,0.5,3,FALSE,0.9,FALSE,0,0,0,"AICSTAN300_9",0.885267564413418,0.857792751785618,0.8,0.533333333333333,0.666666666666667,0.977272727272727
"444",9,50,100,50,5,0.5,0.5,1,0.5,0.5,3,FALSE,0.9,FALSE,0,0,0,"AICSTAN300_9",1.19280441890832,1.03273319440456,1,0.311111111111111,0.4,0.975
"445",9,50,100,50,5,0.5,0.5,1,0.5,0.5,3,FALSE,0.9,FALSE,0,0,0,"AICSTAN300_9",0.8118390190619,0.896310135097009,1,0.6,0.666666666666667,0.977272727272727
"446",9,50,100,50,5,0.5,0.5,1,0.5,0.5,3,FALSE,0.9,FALSE,0,0,0,"AICSTAN300_9",1.22952362194584,0.859005344320396,1,0.111111111111111,0.6,0.977777777777778
"447",9,50,100,50,5,0.5,0.5,1,0.5,0.5,3,FALSE,0.9,FALSE,0,0,0,"AICSTAN300_9",1.1660968638512,0.969362009977245,1,0.6,0.571428571428571,0.953488372093023
"448",9,50,100,50,5,0.5,0.5,1,0.5,0.5,3,FALSE,0.9,FALSE,0,0,0,"AICSTAN300_9",0.861498722919136,0.800977499122131,1,0.688888888888889,0.444444444444444,0.975609756097561
"449",9,50,100,50,5,0.5,0.5,1,0.5,0.5,3,FALSE,0.9,FALSE,0,0,0,"AICSTAN300_9",1.09580107709894,0.981937632604701,1,0.555555555555556,0.571428571428571,1
"450",9,50,100,50,5,0.5,0.5,1,0.5,0.5,3,FALSE,0.9,FALSE,0,0,0,"AICSTAN300_9",1.26889303386426,0.919373508295502,0.8,0.244444444444444,0.6,1
"451",10,50,100,50,5,0.5,0.5,1,0.5,0.5,3,FALSE,0.1,FALSE,0,0,0,"AICSTAN300_10",1.07219892799884,0.939999319116367,1,0.488888888888889,0.7,0.875
"452",10,50,100,50,5,0.5,0.5,1,0.5,0.5,3,FALSE,0.1,FALSE,0,0,0,"AICSTAN300_10",1.37244090384321,0.960529871823049,1,0.2,0.571428571428571,0.976744186046512
"453",10,50,100,50,5,0.5,0.5,1,0.5,0.5,3,FALSE,0.1,FALSE,0,0,0,"AICSTAN300_10",0.850773183940672,0.889472567860777,1,0.555555555555556,0.555555555555556,0.975609756097561
"454",10,50,100,50,5,0.5,0.5,1,0.5,0.5,3,FALSE,0.1,FALSE,0,0,0,"AICSTAN300_10",0.824766544864718,0.953315327126412,1,0.577777777777778,0.857142857142857,0.906976744186046
"455",10,50,100,50,5,0.5,0.5,1,0.5,0.5,3,FALSE,0.1,FALSE,0,0,0,"AICSTAN300_10",0.924788550697731,0.905203459233105,1,0.488888888888889,0.833333333333333,0.954545454545455
"456",10,50,100,50,5,0.5,0.5,1,0.5,0.5,3,FALSE,0.1,FALSE,0,0,0,"AICSTAN300_10",0.752722381065436,0.813741461982163,1,0.533333333333333,0.6,0.95
"457",10,50,100,50,5,0.5,0.5,1,0.5,0.5,3,FALSE,0.1,FALSE,0,0,0,"AICSTAN300_10",0.824385395637288,0.874056261615345,1,0.555555555555556,0.777777777777778,1
"458",10,50,100,50,5,0.5,0.5,1,0.5,0.5,3,FALSE,0.1,FALSE,0,0,0,"AICSTAN300_10",0.827531048881188,0.949165811295748,1,0.533333333333333,0.833333333333333,0.909090909090909
"459",10,50,100,50,5,0.5,0.5,1,0.5,0.5,3,FALSE,0.1,FALSE,0,0,0,"AICSTAN300_10",0.821585136340623,0.930666513767076,1,0.666666666666667,0.444444444444444,1
"460",10,50,100,50,5,0.5,0.5,1,0.5,0.5,3,FALSE,0.1,FALSE,0,0,0,"AICSTAN300_10",0.643433677024757,0.80359075835084,1,0.844444444444444,0.75,0.952380952380952
"461",10,50,100,50,5,0.5,0.5,1,0.5,0.5,3,FALSE,0.1,FALSE,0,0,0,"AICSTAN300_10",0.912691100089936,0.986921882188502,1,0.688888888888889,0.571428571428571,1
"462",10,50,100,50,5,0.5,0.5,1,0.5,0.5,3,FALSE,0.1,FALSE,0,0,0,"AICSTAN300_10",0.92980260623986,0.859444119910759,1,0.266666666666667,0.4,0.975
"463",10,50,100,50,5,0.5,0.5,1,0.5,0.5,3,FALSE,0.1,FALSE,0,0,0,"AICSTAN300_10",0.841569818621805,1.01437202185875,1,0.488888888888889,0.75,0.952380952380952
"464",10,50,100,50,5,0.5,0.5,1,0.5,0.5,3,FALSE,0.1,FALSE,0,0,0,"AICSTAN300_10",0.981783709335341,0.96114951883625,1,0.6,0.857142857142857,0.906976744186046
"465",10,50,100,50,5,0.5,0.5,1,0.5,0.5,3,FALSE,0.1,FALSE,0,0,0,"AICSTAN300_10",1.44045889693949,0.973524364428481,1,0.177777777777778,0.75,1
"466",10,50,100,50,5,0.5,0.5,1,0.5,0.5,3,FALSE,0.1,FALSE,0,0,0,"AICSTAN300_10",0.664219908225002,0.874411887916222,1,0.466666666666667,0.857142857142857,0.953488372093023
"467",10,50,100,50,5,0.5,0.5,1,0.5,0.5,3,FALSE,0.1,FALSE,0,0,0,"AICSTAN300_10",0.902292543343916,0.945214075220047,1,0.666666666666667,0.714285714285714,0.976744186046512
"468",10,50,100,50,5,0.5,0.5,1,0.5,0.5,3,FALSE,0.1,FALSE,0,0,0,"AICSTAN300_10",1.06987497265007,0.933962691488236,1,0.266666666666667,0.833333333333333,0.75
"469",10,50,100,50,5,0.5,0.5,1,0.5,0.5,3,FALSE,0.1,FALSE,0,0,0,"AICSTAN300_10",0.79194917515337,0.8449607369188,1,0.355555555555556,0.833333333333333,0.954545454545455
"470",10,50,100,50,5,0.5,0.5,1,0.5,0.5,3,FALSE,0.1,FALSE,0,0,0,"AICSTAN300_10",0.895865759072029,0.999847592006034,1,0.577777777777778,0.5,0.976190476190476
"471",10,50,100,50,5,0.5,0.5,1,0.5,0.5,3,FALSE,0.1,FALSE,0,0,0,"AICSTAN300_10",0.92810913972968,1.04836609114795,1,0.488888888888889,0.777777777777778,0.853658536585366
"472",10,50,100,50,5,0.5,0.5,1,0.5,0.5,3,FALSE,0.1,FALSE,0,0,0,"AICSTAN300_10",1.92440094763915,0.989459184462023,1,0.111111111111111,0.666666666666667,0.977272727272727
"473",10,50,100,50,5,0.5,0.5,1,0.5,0.5,3,FALSE,0.1,FALSE,0,0,0,"AICSTAN300_10",0.547750132254822,0.849489649283873,1,0.711111111111111,0.833333333333333,0.977272727272727
"474",10,50,100,50,5,0.5,0.5,1,0.5,0.5,3,FALSE,0.1,FALSE,0,0,0,"AICSTAN300_10",0.824627495658474,1.0861269849998,1,0.644444444444444,0.333333333333333,0.951219512195122
"475",10,50,100,50,5,0.5,0.5,1,0.5,0.5,3,FALSE,0.1,FALSE,0,0,0,"AICSTAN300_10",0.800585441586143,0.982889730860143,1,0.555555555555556,0.75,1
"476",10,50,100,50,5,0.5,0.5,1,0.5,0.5,3,FALSE,0.1,FALSE,0,0,0,"AICSTAN300_10",0.808251112400421,0.963685450138301,1,0.622222222222222,0.5,0.976190476190476
"477",10,50,100,50,5,0.5,0.5,1,0.5,0.5,3,FALSE,0.1,FALSE,0,0,0,"AICSTAN300_10",0.802661958036861,1.0006918063162,1,0.577777777777778,0.5,1
"478",10,50,100,50,5,0.5,0.5,1,0.5,0.5,3,FALSE,0.1,FALSE,0,0,0,"AICSTAN300_10",0.794871736417609,0.879624160654626,1,0.377777777777778,0.833333333333333,0.977272727272727
"479",10,50,100,50,5,0.5,0.5,1,0.5,0.5,3,FALSE,0.1,FALSE,0,0,0,"AICSTAN300_10",0.712703183133283,0.915043672418378,1,0.533333333333333,0.625,1
"480",10,50,100,50,5,0.5,0.5,1,0.5,0.5,3,FALSE,0.1,FALSE,0,0,0,"AICSTAN300_10",0.825371959077038,0.958407907791148,1,0.422222222222222,1,0.818181818181818
"481",10,50,100,50,5,0.5,0.5,1,0.5,0.5,3,FALSE,0.1,FALSE,0,0,0,"AICSTAN300_10",0.70867900979956,0.859782419487596,1,0.755555555555556,1,1
"482",10,50,100,50,5,0.5,0.5,1,0.5,0.5,3,FALSE,0.1,FALSE,0,0,0,"AICSTAN300_10",1.86005381249091,1.02868603174741,1,0.2,0.625,1
"483",10,50,100,50,5,0.5,0.5,1,0.5,0.5,3,FALSE,0.1,FALSE,0,0,0,"AICSTAN300_10",1.04745644353986,0.956872975239477,1,0.555555555555556,0.857142857142857,0.906976744186046
"484",10,50,100,50,5,0.5,0.5,1,0.5,0.5,3,FALSE,0.1,FALSE,0,0,0,"AICSTAN300_10",0.863275165578842,0.926905718654836,1,0.555555555555556,0.666666666666667,1
"485",10,50,100,50,5,0.5,0.5,1,0.5,0.5,3,FALSE,0.1,FALSE,0,0,0,"AICSTAN300_10",0.812981652529178,0.983740382818734,1,0.488888888888889,0.625,0.952380952380952
"486",10,50,100,50,5,0.5,0.5,1,0.5,0.5,3,FALSE,0.1,FALSE,0,0,0,"AICSTAN300_10",0.72491422812881,0.878185167225834,1,0.6,0.555555555555556,1
"487",10,50,100,50,5,0.5,0.5,1,0.5,0.5,3,FALSE,0.1,FALSE,0,0,0,"AICSTAN300_10",1.01670980292015,0.773372724443058,1,0.133333333333333,0.857142857142857,0.930232558139535
"488",10,50,100,50,5,0.5,0.5,1,0.5,0.5,3,FALSE,0.1,FALSE,0,0,0,"AICSTAN300_10",0.72235857671174,0.951817183085122,1,0.555555555555556,0.454545454545455,1
"489",10,50,100,50,5,0.5,0.5,1,0.5,0.5,3,FALSE,0.1,FALSE,0,0,0,"AICSTAN300_10",0.504419016477732,0.987305446245534,1,0.777777777777778,0.5,0.976190476190476
"490",10,50,100,50,5,0.5,0.5,1,0.5,0.5,3,FALSE,0.1,FALSE,0,0,0,"AICSTAN300_10",1.12114566789175,0.928996481205771,1,0.266666666666667,0.833333333333333,0.954545454545455
"491",10,50,100,50,5,0.5,0.5,1,0.5,0.5,3,FALSE,0.1,FALSE,0,0,0,"AICSTAN300_10",0.745235423328358,0.991926165369094,1,0.533333333333333,0.666666666666667,0.909090909090909
"492",10,50,100,50,5,0.5,0.5,1,0.5,0.5,3,FALSE,0.1,FALSE,0,0,0,"AICSTAN300_10",0.927504821625005,1.01543622242221,1,0.466666666666667,0.571428571428571,0.976744186046512
"493",10,50,100,50,5,0.5,0.5,1,0.5,0.5,3,FALSE,0.1,FALSE,0,0,0,"AICSTAN300_10",0.817508254319797,0.944612321460506,1,0.511111111111111,0.714285714285714,0.976744186046512
"494",10,50,100,50,5,0.5,0.5,1,0.5,0.5,3,FALSE,0.1,FALSE,0,0,0,"AICSTAN300_10",1.01539898660637,0.88659302143922,1,0.377777777777778,0.777777777777778,0.878048780487805
"495",10,50,100,50,5,0.5,0.5,1,0.5,0.5,3,FALSE,0.1,FALSE,0,0,0,"AICSTAN300_10",0.794672893085292,0.965740610492342,1,0.688888888888889,1,1
"496",10,50,100,50,5,0.5,0.5,1,0.5,0.5,3,FALSE,0.1,FALSE,0,0,0,"AICSTAN300_10",1.0286423794783,0.986487957034998,1,0.577777777777778,0.833333333333333,1
"497",10,50,100,50,5,0.5,0.5,1,0.5,0.5,3,FALSE,0.1,FALSE,0,0,0,"AICSTAN300_10",0.906168371052605,0.952389420209357,1,0.711111111111111,0.5,0.976190476190476
"498",10,50,100,50,5,0.5,0.5,1,0.5,0.5,3,FALSE,0.1,FALSE,0,0,0,"AICSTAN300_10",0.941880278288182,0.867242040409889,1,0.644444444444444,1,1
"499",10,50,100,50,5,0.5,0.5,1,0.5,0.5,3,FALSE,0.1,FALSE,0,0,0,"AICSTAN300_10",1.13423727228314,1.15537821124161,1,0.222222222222222,0.625,0.952380952380952
"500",10,50,100,50,5,0.5,0.5,1,0.5,0.5,3,FALSE,0.1,FALSE,0,0,0,"AICSTAN300_10",1.2830712582822,0.949141258465054,1,0.0888888888888889,0.888888888888889,0.951219512195122
"501",11,50,100,50,5,0.5,0.5,1,0.5,0.5,3,FALSE,0.5,FALSE,0,0,0,"AICSTAN300_11",0.561576175197287,0.741683126379765,1,0.844444444444444,0.714285714285714,1
"502",11,50,100,50,5,0.5,0.5,1,0.5,0.5,3,FALSE,0.5,FALSE,0,0,0,"AICSTAN300_11",1.00561786096813,0.935194321885418,1,0.422222222222222,0.714285714285714,0.976744186046512
"503",11,50,100,50,5,0.5,0.5,1,0.5,0.5,3,FALSE,0.5,FALSE,0,0,0,"AICSTAN300_11",0.841003378226114,0.886879400823247,1,0.333333333333333,0.833333333333333,0.931818181818182
"504",11,50,100,50,5,0.5,0.5,1,0.5,0.5,3,FALSE,0.5,FALSE,0,0,0,"AICSTAN300_11",0.729811985035617,0.982419651829221,0.8,0.488888888888889,0.5,0.977272727272727
"505",11,50,100,50,5,0.5,0.5,1,0.5,0.5,3,FALSE,0.5,FALSE,0,0,0,"AICSTAN300_11",0.930269049390909,0.769371771332391,1,0.355555555555556,0.75,0.928571428571429
"506",11,50,100,50,5,0.5,0.5,1,0.5,0.5,3,FALSE,0.5,FALSE,0,0,0,"AICSTAN300_11",0.717699776820736,0.872359370762694,1,0.555555555555556,1,1
"507",11,50,100,50,5,0.5,0.5,1,0.5,0.5,3,FALSE,0.5,FALSE,0,0,0,"AICSTAN300_11",1.02052092464615,0.900718751616301,1,0.355555555555556,0.75,0.952380952380952
"508",11,50,100,50,5,0.5,0.5,1,0.5,0.5,3,FALSE,0.5,FALSE,0,0,0,"AICSTAN300_11",0.907196168437999,1.03524530655389,1,0.6,0.714285714285714,1
"509",11,50,100,50,5,0.5,0.5,1,0.5,0.5,3,FALSE,0.5,FALSE,0,0,0,"AICSTAN300_11",1.14380521503762,0.914992283059723,1,0.266666666666667,0.625,0.976190476190476
"510",11,50,100,50,5,0.5,0.5,1,0.5,0.5,3,FALSE,0.5,FALSE,0,0,0,"AICSTAN300_11",1.47692557320204,0.95930568365649,1,0.266666666666667,0.714285714285714,0.976744186046512
"511",11,50,100,50,5,0.5,0.5,1,0.5,0.5,3,FALSE,0.5,FALSE,0,0,0,"AICSTAN300_11",0.762276469460595,0.838702024286617,1,0.6,0.571428571428571,0.906976744186046
"512",11,50,100,50,5,0.5,0.5,1,0.5,0.5,3,FALSE,0.5,FALSE,0,0,0,"AICSTAN300_11",1.12517298062839,0.99015841727216,1,0.333333333333333,0.714285714285714,0.953488372093023
"513",11,50,100,50,5,0.5,0.5,1,0.5,0.5,3,FALSE,0.5,FALSE,0,0,0,"AICSTAN300_11",0.823931573173714,0.974187360057688,1,0.666666666666667,0.833333333333333,0.954545454545455
"514",11,50,100,50,5,0.5,0.5,1,0.5,0.5,3,FALSE,0.5,FALSE,0,0,0,"AICSTAN300_11",1.03934382429114,0.954664751725261,1,0.466666666666667,0.857142857142857,0.953488372093023
"515",11,50,100,50,5,0.5,0.5,1,0.5,0.5,3,FALSE,0.5,FALSE,0,0,0,"AICSTAN300_11",0.738706507825311,0.868046808006675,1,0.6,1,0.955555555555556
"516",11,50,100,50,5,0.5,0.5,1,0.5,0.5,3,FALSE,0.5,FALSE,0,0,0,"AICSTAN300_11",0.690664589593134,0.899098165561259,1,0.622222222222222,0.75,0.952380952380952
"517",11,50,100,50,5,0.5,0.5,1,0.5,0.5,3,FALSE,0.5,FALSE,0,0,0,"AICSTAN300_11",0.731891179768164,0.864116186494674,1,0.622222222222222,0.777777777777778,0.926829268292683
"518",11,50,100,50,5,0.5,0.5,1,0.5,0.5,3,FALSE,0.5,FALSE,0,0,0,"AICSTAN300_11",0.976373465212965,1.22826065498735,1,0.466666666666667,0.444444444444444,1
"519",11,50,100,50,5,0.5,0.5,1,0.5,0.5,3,FALSE,0.5,FALSE,0,0,0,"AICSTAN300_11",0.714472598180882,0.851929539501544,1,0.6,1,0.909090909090909
"520",11,50,100,50,5,0.5,0.5,1,0.5,0.5,3,FALSE,0.5,FALSE,0,0,0,"AICSTAN300_11",0.731395812017492,0.912266144315328,1,0.377777777777778,0.625,0.928571428571429
"521",11,50,100,50,5,0.5,0.5,1,0.5,0.5,3,FALSE,0.5,FALSE,0,0,0,"AICSTAN300_11",0.665559953074885,0.949668152913737,1,0.733333333333333,0.571428571428571,0.976744186046512
"522",11,50,100,50,5,0.5,0.5,1,0.5,0.5,3,FALSE,0.5,FALSE,0,0,0,"AICSTAN300_11",0.678207326721338,0.739721055263605,1,0.555555555555556,0.666666666666667,1
"523",11,50,100,50,5,0.5,0.5,1,0.5,0.5,3,FALSE,0.5,FALSE,0,0,0,"AICSTAN300_11",1.13171336539611,0.872482787964763,1,0.288888888888889,0.714285714285714,0.976744186046512
"524",11,50,100,50,5,0.5,0.5,1,0.5,0.5,3,FALSE,0.5,FALSE,0,0,0,"AICSTAN300_11",0.693174540285472,0.944840876752532,1,0.711111111111111,1,0.955555555555556
"525",11,50,100,50,5,0.5,0.5,1,0.5,0.5,3,FALSE,0.5,FALSE,0,0,0,"AICSTAN300_11",1.20499133163358,0.940186251761075,1,0.0444444444444444,0.625,0.952380952380952
"526",11,50,100,50,5,0.5,0.5,1,0.5,0.5,3,FALSE,0.5,FALSE,0,0,0,"AICSTAN300_11",0.668005794168623,0.966488949141144,1,0.4,0.625,0.952380952380952
"527",11,50,100,50,5,0.5,0.5,1,0.5,0.5,3,FALSE,0.5,FALSE,0,0,0,"AICSTAN300_11",1.62506205473983,1.07834232518718,1,0.133333333333333,0.666666666666667,1
"528",11,50,100,50,5,0.5,0.5,1,0.5,0.5,3,FALSE,0.5,FALSE,0,0,0,"AICSTAN300_11",0.692600207937742,0.843249371179585,1,0.822222222222222,0.625,1
"529",11,50,100,50,5,0.5,0.5,1,0.5,0.5,3,FALSE,0.5,FALSE,0,0,0,"AICSTAN300_11",0.673562205700204,0.796805070356081,1,0.711111111111111,0.714285714285714,0.953488372093023
"530",11,50,100,50,5,0.5,0.5,1,0.5,0.5,3,FALSE,0.5,FALSE,0,0,0,"AICSTAN300_11",0.820057532614779,0.829080376701385,1,0.488888888888889,0.8,1
"531",11,50,100,50,5,0.5,0.5,1,0.5,0.5,3,FALSE,0.5,FALSE,0,0,0,"AICSTAN300_11",1.29538765019515,0.890864437360435,1,0.222222222222222,0.8,0.977777777777778
"532",11,50,100,50,5,0.5,0.5,1,0.5,0.5,3,FALSE,0.5,FALSE,0,0,0,"AICSTAN300_11",0.901236448704215,0.936459666471778,1,0.333333333333333,1,0.977272727272727
"533",11,50,100,50,5,0.5,0.5,1,0.5,0.5,3,FALSE,0.5,FALSE,0,0,0,"AICSTAN300_11",0.829630175335606,0.909004041057545,1,0.444444444444444,0.571428571428571,1
"534",11,50,100,50,5,0.5,0.5,1,0.5,0.5,3,FALSE,0.5,FALSE,0,0,0,"AICSTAN300_11",1.05481285317869,0.866524175984807,1,0.288888888888889,0.714285714285714,1
"535",11,50,100,50,5,0.5,0.5,1,0.5,0.5,3,FALSE,0.5,FALSE,0,0,0,"AICSTAN300_11",1.2875428746581,0.978283174419405,1,0.377777777777778,0.714285714285714,0.930232558139535
"536",11,50,100,50,5,0.5,0.5,1,0.5,0.5,3,FALSE,0.5,FALSE,0,0,0,"AICSTAN300_11",1.22780390736213,0.904577997001968,1,0.355555555555556,0.714285714285714,1
"537",11,50,100,50,5,0.5,0.5,1,0.5,0.5,3,FALSE,0.5,FALSE,0,0,0,"AICSTAN300_11",0.70087962298328,0.888314742027844,1,0.755555555555556,0.857142857142857,0.976744186046512
"538",11,50,100,50,5,0.5,0.5,1,0.5,0.5,3,FALSE,0.5,FALSE,0,0,0,"AICSTAN300_11",0.790957723053352,0.908929973270427,1,0.644444444444444,0.571428571428571,1
"539",11,50,100,50,5,0.5,0.5,1,0.5,0.5,3,FALSE,0.5,FALSE,0,0,0,"AICSTAN300_11",0.790087306527556,0.840546014476611,1,0.6,0.625,0.976190476190476
"540",11,50,100,50,5,0.5,0.5,1,0.5,0.5,3,FALSE,0.5,FALSE,0,0,0,"AICSTAN300_11",0.951406597381201,0.926174502239859,1,0.377777777777778,0.5,0.977272727272727
"541",11,50,100,50,5,0.5,0.5,1,0.5,0.5,3,FALSE,0.5,FALSE,0,0,0,"AICSTAN300_11",0.806421833354277,0.939220867730977,1,0.6,0.714285714285714,0.930232558139535
"542",11,50,100,50,5,0.5,0.5,1,0.5,0.5,3,FALSE,0.5,FALSE,0,0,0,"AICSTAN300_11",0.729646393229686,0.892097467898265,1,0.533333333333333,0.666666666666667,0.951219512195122
"543",11,50,100,50,5,0.5,0.5,1,0.5,0.5,3,FALSE,0.5,FALSE,0,0,0,"AICSTAN300_11",0.759478338771902,0.894184294402953,1,0.777777777777778,0.857142857142857,1
"544",11,50,100,50,5,0.5,0.5,1,0.5,0.5,3,FALSE,0.5,FALSE,0,0,0,"AICSTAN300_11",0.794355917890042,1.04799545609879,0.8,0.511111111111111,0.428571428571429,0.953488372093023
"545",11,50,100,50,5,0.5,0.5,1,0.5,0.5,3,FALSE,0.5,FALSE,0,0,0,"AICSTAN300_11",0.789367382408041,1.01281645601232,1,0.644444444444444,0.555555555555556,1
"546",11,50,100,50,5,0.5,0.5,1,0.5,0.5,3,FALSE,0.5,FALSE,0,0,0,"AICSTAN300_11",1.22545001155216,1.01687222185065,1,0.244444444444444,0.75,0.928571428571429
"547",11,50,100,50,5,0.5,0.5,1,0.5,0.5,3,FALSE,0.5,FALSE,0,0,0,"AICSTAN300_11",1.02457553680419,0.98764814692909,1,0.577777777777778,0.857142857142857,0.953488372093023
"548",11,50,100,50,5,0.5,0.5,1,0.5,0.5,3,FALSE,0.5,FALSE,0,0,0,"AICSTAN300_11",1.23726342474317,1.0548364040703,1,0.511111111111111,0.833333333333333,0.977272727272727
"549",11,50,100,50,5,0.5,0.5,1,0.5,0.5,3,FALSE,0.5,FALSE,0,0,0,"AICSTAN300_11",0.877121125172268,0.981966761373969,1,0.288888888888889,0.571428571428571,0.790697674418605
"550",11,50,100,50,5,0.5,0.5,1,0.5,0.5,3,FALSE,0.5,FALSE,0,0,0,"AICSTAN300_11",0.776917866831898,0.910765677302242,1,0.4,0.75,0.952380952380952
"551",12,50,100,50,5,0.5,0.5,1,0.5,0.5,3,FALSE,0.9,FALSE,0,0,0,"AICSTAN300_12",0.826564058378434,0.958742408703565,0.8,0.688888888888889,0.363636363636364,0.871794871794872
"552",12,50,100,50,5,0.5,0.5,1,0.5,0.5,3,FALSE,0.9,FALSE,0,0,0,"AICSTAN300_12",0.841616675718363,0.879627287028822,1,0.6,0.666666666666667,0.977272727272727
"553",12,50,100,50,5,0.5,0.5,1,0.5,0.5,3,FALSE,0.9,FALSE,0,0,0,"AICSTAN300_12",0.852949744928109,0.955962984133461,0.8,0.333333333333333,0.5,0.928571428571429
"554",12,50,100,50,5,0.5,0.5,1,0.5,0.5,3,FALSE,0.9,FALSE,0,0,0,"AICSTAN300_12",0.865475795669629,0.861181162483444,0.8,0.511111111111111,0.428571428571429,1
"555",12,50,100,50,5,0.5,0.5,1,0.5,0.5,3,FALSE,0.9,FALSE,0,0,0,"AICSTAN300_12",1.24124937645553,0.972710048314327,1,0.4,0.571428571428571,0.953488372093023
"556",12,50,100,50,5,0.5,0.5,1,0.5,0.5,3,FALSE,0.9,FALSE,0,0,0,"AICSTAN300_12",0.714022064784792,0.915267102918437,0.8,0.711111111111111,0.555555555555556,1
"557",12,50,100,50,5,0.5,0.5,1,0.5,0.5,3,FALSE,0.9,FALSE,0,0,0,"AICSTAN300_12",0.737099257488371,0.768890656754244,0.8,0.511111111111111,0.444444444444444,0.975609756097561
"558",12,50,100,50,5,0.5,0.5,1,0.5,0.5,3,FALSE,0.9,FALSE,0,0,0,"AICSTAN300_12",1.20024124588215,0.835103032218162,1,0.288888888888889,0.666666666666667,0.975609756097561
"559",12,50,100,50,5,0.5,0.5,1,0.5,0.5,3,FALSE,0.9,FALSE,0,0,0,"AICSTAN300_12",0.680779920026741,0.812556405373863,1,0.555555555555556,0.666666666666667,1
"560",12,50,100,50,5,0.5,0.5,1,0.5,0.5,3,FALSE,0.9,FALSE,0,0,0,"AICSTAN300_12",1.50601570929278,0.878994065302422,1,0.177777777777778,0.428571428571429,0.930232558139535
"561",12,50,100,50,5,0.5,0.5,1,0.5,0.5,3,FALSE,0.9,FALSE,0,0,0,"AICSTAN300_12",0.814376782012094,0.869533670716203,0.8,0.644444444444444,0.4,0.975
"562",12,50,100,50,5,0.5,0.5,1,0.5,0.5,3,FALSE,0.9,FALSE,0,0,0,"AICSTAN300_12",0.995671333959145,0.919172777493083,0.8,0.577777777777778,0.4,0.95
"563",12,50,100,50,5,0.5,0.5,1,0.5,0.5,3,FALSE,0.9,FALSE,0,0,0,"AICSTAN300_12",0.934349464194914,1.07806603299304,1,0.755555555555556,0.714285714285714,1
"564",12,50,100,50,5,0.5,0.5,1,0.5,0.5,3,FALSE,0.9,FALSE,0,0,0,"AICSTAN300_12",0.751887877289858,0.931924133204702,1,0.755555555555556,0.5,1
"565",12,50,100,50,5,0.5,0.5,1,0.5,0.5,3,FALSE,0.9,FALSE,0,0,0,"AICSTAN300_12",0.949903578054356,0.787993623664613,1,0.133333333333333,0.625,0.880952380952381
"566",12,50,100,50,5,0.5,0.5,1,0.5,0.5,3,FALSE,0.9,FALSE,0,0,0,"AICSTAN300_12",0.778635669183094,0.939125228171909,0.6,0.688888888888889,0.3,0.95
"567",12,50,100,50,5,0.5,0.5,1,0.5,0.5,3,FALSE,0.9,FALSE,0,0,0,"AICSTAN300_12",0.741395212664503,0.766202907302388,1,0.355555555555556,0.555555555555556,1
"568",12,50,100,50,5,0.5,0.5,1,0.5,0.5,3,FALSE,0.9,FALSE,0,0,0,"AICSTAN300_12",0.92502945644545,0.914408772842956,0.8,0.555555555555556,0.375,0.928571428571429
"569",12,50,100,50,5,0.5,0.5,1,0.5,0.5,3,FALSE,0.9,FALSE,0,0,0,"AICSTAN300_12",0.89119067425005,0.899000334744687,0.8,0.577777777777778,0.5,0.952380952380952
"570",12,50,100,50,5,0.5,0.5,1,0.5,0.5,3,FALSE,0.9,FALSE,0,0,0,"AICSTAN300_12",1.04557997233366,1.09593825329426,0.8,0.533333333333333,0.555555555555556,0.975609756097561
"571",12,50,100,50,5,0.5,0.5,1,0.5,0.5,3,FALSE,0.9,FALSE,0,0,0,"AICSTAN300_12",0.772628194510654,0.87657817575923,0.4,0.6,0.428571428571429,0.953488372093023
"572",12,50,100,50,5,0.5,0.5,1,0.5,0.5,3,FALSE,0.9,FALSE,0,0,0,"AICSTAN300_12",0.742954917233832,0.830876713001467,0.8,0.4,0.571428571428571,0.930232558139535
"573",12,50,100,50,5,0.5,0.5,1,0.5,0.5,3,FALSE,0.9,FALSE,0,0,0,"AICSTAN300_12",0.98755080409164,0.897149856482132,1,0.4,0.666666666666667,0.954545454545455
"574",12,50,100,50,5,0.5,0.5,1,0.5,0.5,3,FALSE,0.9,FALSE,0,0,0,"AICSTAN300_12",0.630990034014358,0.875545257585125,1,0.755555555555556,0.555555555555556,0.975609756097561
"575",12,50,100,50,5,0.5,0.5,1,0.5,0.5,3,FALSE,0.9,FALSE,0,0,0,"AICSTAN300_12",1.13606706546668,1.05238453097252,0.8,0.533333333333333,0.5,0.954545454545455
"576",12,50,100,50,5,0.5,0.5,1,0.5,0.5,3,FALSE,0.9,FALSE,0,0,0,"AICSTAN300_12",0.912429109769966,0.83243122173112,0.8,0.444444444444444,0.666666666666667,0.977272727272727
"577",12,50,100,50,5,0.5,0.5,1,0.5,0.5,3,FALSE,0.9,FALSE,0,0,0,"AICSTAN300_12",0.742335143291487,0.901316893431467,0.8,0.533333333333333,0.4,0.955555555555556
"578",12,50,100,50,5,0.5,0.5,1,0.5,0.5,3,FALSE,0.9,FALSE,0,0,0,"AICSTAN300_12",0.690853427437154,0.832375961749623,0.8,0.622222222222222,0.428571428571429,0.976744186046512
"579",12,50,100,50,5,0.5,0.5,1,0.5,0.5,3,FALSE,0.9,FALSE,0,0,0,"AICSTAN300_12",0.917874217632717,0.964849144789941,0.8,0.511111111111111,0.444444444444444,0.951219512195122
"580",12,50,100,50,5,0.5,0.5,1,0.5,0.5,3,FALSE,0.9,FALSE,0,0,0,"AICSTAN300_12",1.05623154397959,0.90683926137033,1,0.333333333333333,0.5,0.931818181818182
"581",12,50,100,50,5,0.5,0.5,1,0.5,0.5,3,FALSE,0.9,FALSE,0,0,0,"AICSTAN300_12",1.01787321186311,0.794818044404913,1,0.244444444444444,0.714285714285714,0.976744186046512
"582",12,50,100,50,5,0.5,0.5,1,0.5,0.5,3,FALSE,0.9,FALSE,0,0,0,"AICSTAN300_12",0.737077714083157,0.856043346452458,0.8,0.555555555555556,0.428571428571429,0.953488372093023
"583",12,50,100,50,5,0.5,0.5,1,0.5,0.5,3,FALSE,0.9,FALSE,0,0,0,"AICSTAN300_12",0.618726604338534,0.825807581579344,1,0.711111111111111,0.8,1
"584",12,50,100,50,5,0.5,0.5,1,0.5,0.5,3,FALSE,0.9,FALSE,0,0,0,"AICSTAN300_12",0.710325809931406,0.848534422943314,0.8,0.511111111111111,0.833333333333333,0.977272727272727
"585",12,50,100,50,5,0.5,0.5,1,0.5,0.5,3,FALSE,0.9,FALSE,0,0,0,"AICSTAN300_12",0.961303005260702,0.890153594705503,0.8,0.333333333333333,0.666666666666667,0.931818181818182
"586",12,50,100,50,5,0.5,0.5,1,0.5,0.5,3,FALSE,0.9,FALSE,0,0,0,"AICSTAN300_12",0.775445633854873,0.859588079217443,1,0.511111111111111,0.833333333333333,0.977272727272727
"587",12,50,100,50,5,0.5,0.5,1,0.5,0.5,3,FALSE,0.9,FALSE,0,0,0,"AICSTAN300_12",0.915507786892102,0.88511325234367,1,0.288888888888889,0.666666666666667,0.909090909090909
"588",12,50,100,50,5,0.5,0.5,1,0.5,0.5,3,FALSE,0.9,FALSE,0,0,0,"AICSTAN300_12",0.948975712131776,0.948659512758984,1,0.422222222222222,0.555555555555556,0.951219512195122
"589",12,50,100,50,5,0.5,0.5,1,0.5,0.5,3,FALSE,0.9,FALSE,0,0,0,"AICSTAN300_12",0.817400725122373,0.80160502439263,1,0.511111111111111,0.555555555555556,1
"590",12,50,100,50,5,0.5,0.5,1,0.5,0.5,3,FALSE,0.9,FALSE,0,0,0,"AICSTAN300_12",1.01421603950513,0.989423807946845,1,0.4,0.428571428571429,0.86046511627907
"591",12,50,100,50,5,0.5,0.5,1,0.5,0.5,3,FALSE,0.9,FALSE,0,0,0,"AICSTAN300_12",1.03818046660664,0.922723657359713,1,0.422222222222222,0.666666666666667,0.977272727272727
"592",12,50,100,50,5,0.5,0.5,1,0.5,0.5,3,FALSE,0.9,FALSE,0,0,0,"AICSTAN300_12",1.34718500414741,0.973555530748565,1,0.222222222222222,0.5,0.976190476190476
"593",12,50,100,50,5,0.5,0.5,1,0.5,0.5,3,FALSE,0.9,FALSE,0,0,0,"AICSTAN300_12",0.817088879971326,0.925597860543699,0.8,0.577777777777778,0.375,1
"594",12,50,100,50,5,0.5,0.5,1,0.5,0.5,3,FALSE,0.9,FALSE,0,0,0,"AICSTAN300_12",0.991843577883531,0.994118879562975,0.8,0.533333333333333,0.375,0.952380952380952
"595",12,50,100,50,5,0.5,0.5,1,0.5,0.5,3,FALSE,0.9,FALSE,0,0,0,"AICSTAN300_12",1.22591869840433,0.913148739599331,0.8,0.311111111111111,0.375,0.904761904761905
"596",12,50,100,50,5,0.5,0.5,1,0.5,0.5,3,FALSE,0.9,FALSE,0,0,0,"AICSTAN300_12",1.04049526732178,1.07311605286487,0.8,0.6,0.444444444444444,1
"597",12,50,100,50,5,0.5,0.5,1,0.5,0.5,3,FALSE,0.9,FALSE,0,0,0,"AICSTAN300_12",0.655644846973534,0.725578589179888,0.8,0.488888888888889,0.666666666666667,0.931818181818182
"598",12,50,100,50,5,0.5,0.5,1,0.5,0.5,3,FALSE,0.9,FALSE,0,0,0,"AICSTAN300_12",0.751266037415011,1.05897013875742,0.8,0.755555555555556,0.571428571428571,1
"599",12,50,100,50,5,0.5,0.5,1,0.5,0.5,3,FALSE,0.9,FALSE,0,0,0,"AICSTAN300_12",1.08511229944559,1.00513340654919,1,0.577777777777778,0.571428571428571,0.976744186046512
"600",12,50,100,50,5,0.5,0.5,1,0.5,0.5,3,FALSE,0.9,FALSE,0,0,0,"AICSTAN300_12",0.825372080484823,0.89420991810841,1,0.755555555555556,0.833333333333333,0.977272727272727
"601",13,50,100,50,5,0.5,0.5,1,0.5,0.5,3,FALSE,0.1,FALSE,0,0,0,"AICSTAN300_13",0.812643306137847,0.894922108969354,1,0.577777777777778,0.666666666666667,0.977272727272727
"602",13,50,100,50,5,0.5,0.5,1,0.5,0.5,3,FALSE,0.1,FALSE,0,0,0,"AICSTAN300_13",1.56060290050514,0.968902176548675,1,0.177777777777778,0.777777777777778,1
"603",13,50,100,50,5,0.5,0.5,1,0.5,0.5,3,FALSE,0.1,FALSE,0,0,0,"AICSTAN300_13",1.3929743035641,0.903195938419615,1,0.155555555555556,0.75,0.952380952380952
"604",13,50,100,50,5,0.5,0.5,1,0.5,0.5,3,FALSE,0.1,FALSE,0,0,0,"AICSTAN300_13",0.917724168455986,0.950314492736738,1,0.8,0.625,0.928571428571429
"605",13,50,100,50,5,0.5,0.5,1,0.5,0.5,3,FALSE,0.1,FALSE,0,0,0,"AICSTAN300_13",0.875351151039171,0.996821015370807,1,0.688888888888889,0.714285714285714,1
"606",13,50,100,50,5,0.5,0.5,1,0.5,0.5,3,FALSE,0.1,FALSE,0,0,0,"AICSTAN300_13",0.903529555839825,0.969212318805411,1,0.533333333333333,0.666666666666667,0.951219512195122
"607",13,50,100,50,5,0.5,0.5,1,0.5,0.5,3,FALSE,0.1,FALSE,0,0,0,"AICSTAN300_13",0.769787250021475,0.848333833180167,1,0.577777777777778,0.666666666666667,1
"608",13,50,100,50,5,0.5,0.5,1,0.5,0.5,3,FALSE,0.1,FALSE,0,0,0,"AICSTAN300_13",1.03264604166795,0.882563457745827,1,0.222222222222222,0.833333333333333,0.886363636363636
"609",13,50,100,50,5,0.5,0.5,1,0.5,0.5,3,FALSE,0.1,FALSE,0,0,0,"AICSTAN300_13",0.978793686126779,0.977715846906076,1,0.666666666666667,0.857142857142857,1
"610",13,50,100,50,5,0.5,0.5,1,0.5,0.5,3,FALSE,0.1,FALSE,0,0,0,"AICSTAN300_13",1.12346343745845,0.882744782702537,1,0.155555555555556,0.857142857142857,1
"611",13,50,100,50,5,0.5,0.5,1,0.5,0.5,3,FALSE,0.1,FALSE,0,0,0,"AICSTAN300_13",1.10651066216493,0.944656233612406,1,0.555555555555556,0.571428571428571,1
"612",13,50,100,50,5,0.5,0.5,1,0.5,0.5,3,FALSE,0.1,FALSE,0,0,0,"AICSTAN300_13",0.836875032716242,0.985621973941701,1,0.6,0.571428571428571,1
"613",13,50,100,50,5,0.5,0.5,1,0.5,0.5,3,FALSE,0.1,FALSE,0,0,0,"AICSTAN300_13",0.828389013786995,1.0118247536169,1,0.555555555555556,0.7,0.975
"614",13,50,100,50,5,0.5,0.5,1,0.5,0.5,3,FALSE,0.1,FALSE,0,0,0,"AICSTAN300_13",0.726556476336415,0.733382994134092,1,0.511111111111111,1,0.977272727272727
"615",13,50,100,50,5,0.5,0.5,1,0.5,0.5,3,FALSE,0.1,FALSE,0,0,0,"AICSTAN300_13",0.940060680109008,1.05309408059229,1,0.644444444444444,0.444444444444444,0.975609756097561
"616",13,50,100,50,5,0.5,0.5,1,0.5,0.5,3,FALSE,0.1,FALSE,0,0,0,"AICSTAN300_13",0.678561917979817,0.901259487224124,1,0.466666666666667,0.714285714285714,0.976744186046512
"617",13,50,100,50,5,0.5,0.5,1,0.5,0.5,3,FALSE,0.1,FALSE,0,0,0,"AICSTAN300_13",0.670073389208003,0.994231675871746,1,0.644444444444444,0.714285714285714,1
"618",13,50,100,50,5,0.5,0.5,1,0.5,0.5,3,FALSE,0.1,FALSE,0,0,0,"AICSTAN300_13",0.779359341552354,0.975257103476784,1,0.644444444444444,0.833333333333333,0.977272727272727
"619",13,50,100,50,5,0.5,0.5,1,0.5,0.5,3,FALSE,0.1,FALSE,0,0,0,"AICSTAN300_13",1.08336040736051,0.881590885073604,1,0.133333333333333,1,0.911111111111111
"620",13,50,100,50,5,0.5,0.5,1,0.5,0.5,3,FALSE,0.1,FALSE,0,0,0,"AICSTAN300_13",0.981654916761172,0.993634579679518,1,0.377777777777778,0.666666666666667,0.878048780487805
"621",13,50,100,50,5,0.5,0.5,1,0.5,0.5,3,FALSE,0.1,FALSE,0,0,0,"AICSTAN300_13",0.671939983055653,0.78241754243754,1,0.577777777777778,0.833333333333333,0.977272727272727
"622",13,50,100,50,5,0.5,0.5,1,0.5,0.5,3,FALSE,0.1,FALSE,0,0,0,"AICSTAN300_13",1.46412184879802,0.954247060951902,1,0.311111111111111,0.5,0.95
"623",13,50,100,50,5,0.5,0.5,1,0.5,0.5,3,FALSE,0.1,FALSE,0,0,0,"AICSTAN300_13",0.713354998768167,0.838088515544988,1,0.622222222222222,0.666666666666667,0.975609756097561
"624",13,50,100,50,5,0.5,0.5,1,0.5,0.5,3,FALSE,0.1,FALSE,0,0,0,"AICSTAN300_13",0.844373645717847,0.931517095198425,1,0.666666666666667,0.75,0.976190476190476
"625",13,50,100,50,5,0.5,0.5,1,0.5,0.5,3,FALSE,0.1,FALSE,0,0,0,"AICSTAN300_13",1.04974643181592,0.956584442872255,1,0.466666666666667,0.833333333333333,0.977272727272727
"626",13,50,100,50,5,0.5,0.5,1,0.5,0.5,3,FALSE,0.1,FALSE,0,0,0,"AICSTAN300_13",1.00250677333497,0.851223882181922,1,0.355555555555556,1,0.933333333333333
"627",13,50,100,50,5,0.5,0.5,1,0.5,0.5,3,FALSE,0.1,FALSE,0,0,0,"AICSTAN300_13",0.84379129806455,0.905105036458887,1,0.533333333333333,0.833333333333333,0.954545454545455
"628",13,50,100,50,5,0.5,0.5,1,0.5,0.5,3,FALSE,0.1,FALSE,0,0,0,"AICSTAN300_13",1.11785602762046,0.921090895563383,1,0.6,1,0.977272727272727
"629",13,50,100,50,5,0.5,0.5,1,0.5,0.5,3,FALSE,0.1,FALSE,0,0,0,"AICSTAN300_13",0.891751870305934,0.814623884166836,1,0.422222222222222,0.714285714285714,1
"630",13,50,100,50,5,0.5,0.5,1,0.5,0.5,3,FALSE,0.1,FALSE,0,0,0,"AICSTAN300_13",0.784505457126119,0.940238072209498,1,0.711111111111111,0.75,1
"631",13,50,100,50,5,0.5,0.5,1,0.5,0.5,3,FALSE,0.1,FALSE,0,0,0,"AICSTAN300_13",0.780052175469927,0.835899930996969,1,0.511111111111111,0.833333333333333,0.977272727272727
"632",13,50,100,50,5,0.5,0.5,1,0.5,0.5,3,FALSE,0.1,FALSE,0,0,0,"AICSTAN300_13",1.18020374867518,1.01623875931674,1,0.488888888888889,0.428571428571429,0.976744186046512
"633",13,50,100,50,5,0.5,0.5,1,0.5,0.5,3,FALSE,0.1,FALSE,0,0,0,"AICSTAN300_13",0.904053394545566,1.00031911445849,1,0.6,0.5,1
"634",13,50,100,50,5,0.5,0.5,1,0.5,0.5,3,FALSE,0.1,FALSE,0,0,0,"AICSTAN300_13",0.806415994210488,0.946012749046253,1,0.4,0.833333333333333,0.909090909090909
"635",13,50,100,50,5,0.5,0.5,1,0.5,0.5,3,FALSE,0.1,FALSE,0,0,0,"AICSTAN300_13",1.03743645644833,0.979502593396577,1,0.177777777777778,0.571428571428571,0.930232558139535
"636",13,50,100,50,5,0.5,0.5,1,0.5,0.5,3,FALSE,0.1,FALSE,0,0,0,"AICSTAN300_13",0.749794628213983,0.940166905531732,1,0.688888888888889,0.833333333333333,0.931818181818182
"637",13,50,100,50,5,0.5,0.5,1,0.5,0.5,3,FALSE,0.1,FALSE,0,0,0,"AICSTAN300_13",0.714766808868301,0.939528841130104,1,0.688888888888889,0.714285714285714,0.930232558139535
"638",13,50,100,50,5,0.5,0.5,1,0.5,0.5,3,FALSE,0.1,FALSE,0,0,0,"AICSTAN300_13",1.04147999017437,0.994093861230418,1,0.377777777777778,0.857142857142857,0.86046511627907
"639",13,50,100,50,5,0.5,0.5,1,0.5,0.5,3,FALSE,0.1,FALSE,0,0,0,"AICSTAN300_13",0.841808320958376,0.940311821214998,1,0.511111111111111,0.857142857142857,1
"640",13,50,100,50,5,0.5,0.5,1,0.5,0.5,3,FALSE,0.1,FALSE,0,0,0,"AICSTAN300_13",0.967330835240259,1.00848719319897,0.8,0.466666666666667,0.5,1
"641",13,50,100,50,5,0.5,0.5,1,0.5,0.5,3,FALSE,0.1,FALSE,0,0,0,"AICSTAN300_13",0.621171813819072,0.925792692301378,1,0.644444444444444,0.833333333333333,1
"642",13,50,100,50,5,0.5,0.5,1,0.5,0.5,3,FALSE,0.1,FALSE,0,0,0,"AICSTAN300_13",0.664370422972602,0.806162547437088,1,0.577777777777778,0.75,1
"643",13,50,100,50,5,0.5,0.5,1,0.5,0.5,3,FALSE,0.1,FALSE,0,0,0,"AICSTAN300_13",1.01960147259857,1.12722099049792,1,0.444444444444444,0.4,1
"644",13,50,100,50,5,0.5,0.5,1,0.5,0.5,3,FALSE,0.1,FALSE,0,0,0,"AICSTAN300_13",1.02269419649012,0.783405510951593,0.8,0.2,0.666666666666667,0.954545454545455
"645",13,50,100,50,5,0.5,0.5,1,0.5,0.5,3,FALSE,0.1,FALSE,0,0,0,"AICSTAN300_13",0.687985665539723,0.791391374309871,1,0.466666666666667,1,0.911111111111111
"646",13,50,100,50,5,0.5,0.5,1,0.5,0.5,3,FALSE,0.1,FALSE,0,0,0,"AICSTAN300_13",0.971355520540963,0.952805486490223,1,0.333333333333333,0.857142857142857,0.976744186046512
"647",13,50,100,50,5,0.5,0.5,1,0.5,0.5,3,FALSE,0.1,FALSE,0,0,0,"AICSTAN300_13",0.814018024845135,0.968234624578919,1,0.644444444444444,0.75,1
"648",13,50,100,50,5,0.5,0.5,1,0.5,0.5,3,FALSE,0.1,FALSE,0,0,0,"AICSTAN300_13",0.998934069674087,0.899266177768269,1,0.2,0.833333333333333,0.931818181818182
"649",13,50,100,50,5,0.5,0.5,1,0.5,0.5,3,FALSE,0.1,FALSE,0,0,0,"AICSTAN300_13",0.962218690219595,0.949414316559661,1,0.422222222222222,0.875,0.928571428571429
"650",13,50,100,50,5,0.5,0.5,1,0.5,0.5,3,FALSE,0.1,FALSE,0,0,0,"AICSTAN300_13",0.951294467954166,0.91050175917364,1,0.622222222222222,0.714285714285714,0.953488372093023
"651",14,50,100,50,5,0.5,0.5,1,0.5,0.5,3,FALSE,0.5,FALSE,0,0,0,"AICSTAN300_14",0.964652800817454,0.956265909220062,1,0.555555555555556,0.8,0.925
"652",14,50,100,50,5,0.5,0.5,1,0.5,0.5,3,FALSE,0.5,FALSE,0,0,0,"AICSTAN300_14",1.19914019413344,0.949089956351585,1,0.355555555555556,0.75,0.976190476190476
"653",14,50,100,50,5,0.5,0.5,1,0.5,0.5,3,FALSE,0.5,FALSE,0,0,0,"AICSTAN300_14",1.12525087601233,0.982321799797615,0.8,0.577777777777778,0.8,1
"654",14,50,100,50,5,0.5,0.5,1,0.5,0.5,3,FALSE,0.5,FALSE,0,0,0,"AICSTAN300_14",0.714121898301242,0.814319808797628,1,0.644444444444444,0.714285714285714,0.976744186046512
"655",14,50,100,50,5,0.5,0.5,1,0.5,0.5,3,FALSE,0.5,FALSE,0,0,0,"AICSTAN300_14",0.682881380692766,0.874519750738476,1,0.777777777777778,0.833333333333333,1
"656",14,50,100,50,5,0.5,0.5,1,0.5,0.5,3,FALSE,0.5,FALSE,0,0,0,"AICSTAN300_14",0.915290049864703,0.974235709017813,1,0.511111111111111,0.571428571428571,0.837209302325581
"657",14,50,100,50,5,0.5,0.5,1,0.5,0.5,3,FALSE,0.5,FALSE,0,0,0,"AICSTAN300_14",0.79194627232281,0.883352325043272,1,0.622222222222222,0.833333333333333,0.931818181818182
"658",14,50,100,50,5,0.5,0.5,1,0.5,0.5,3,FALSE,0.5,FALSE,0,0,0,"AICSTAN300_14",0.824769466812752,0.925149536378141,1,0.466666666666667,0.6,0.95
"659",14,50,100,50,5,0.5,0.5,1,0.5,0.5,3,FALSE,0.5,FALSE,0,0,0,"AICSTAN300_14",0.933308182412218,0.843022913339809,1,0.355555555555556,1,0.977272727272727
"660",14,50,100,50,5,0.5,0.5,1,0.5,0.5,3,FALSE,0.5,FALSE,0,0,0,"AICSTAN300_14",0.776468269050124,0.898711188115673,1,0.533333333333333,0.75,0.904761904761905
"661",14,50,100,50,5,0.5,0.5,1,0.5,0.5,3,FALSE,0.5,FALSE,0,0,0,"AICSTAN300_14",0.794777258692011,0.909188202594316,1,0.577777777777778,0.833333333333333,0.954545454545455
"662",14,50,100,50,5,0.5,0.5,1,0.5,0.5,3,FALSE,0.5,FALSE,0,0,0,"AICSTAN300_14",0.842081432443577,0.857950849581463,1,0.533333333333333,0.5,1
"663",14,50,100,50,5,0.5,0.5,1,0.5,0.5,3,FALSE,0.5,FALSE,0,0,0,"AICSTAN300_14",0.771215970561009,0.924020898635881,1,0.488888888888889,0.666666666666667,0.977272727272727
"664",14,50,100,50,5,0.5,0.5,1,0.5,0.5,3,FALSE,0.5,FALSE,0,0,0,"AICSTAN300_14",1.66951201069393,1.02122185589066,1,0.222222222222222,0.714285714285714,1
"665",14,50,100,50,5,0.5,0.5,1,0.5,0.5,3,FALSE,0.5,FALSE,0,0,0,"AICSTAN300_14",1.49161310095429,0.960573161180397,0.8,0.2,0.571428571428571,0.930232558139535
"666",14,50,100,50,5,0.5,0.5,1,0.5,0.5,3,FALSE,0.5,FALSE,0,0,0,"AICSTAN300_14",0.88623180566568,0.904809558532871,1,0.533333333333333,1,0.8
"667",14,50,100,50,5,0.5,0.5,1,0.5,0.5,3,FALSE,0.5,FALSE,0,0,0,"AICSTAN300_14",1.01967790264602,0.85312141306863,1,0.355555555555556,0.833333333333333,0.977272727272727
"668",14,50,100,50,5,0.5,0.5,1,0.5,0.5,3,FALSE,0.5,FALSE,0,0,0,"AICSTAN300_14",0.702007464081995,1.0250837012299,1,0.644444444444444,0.4,0.925
"669",14,50,100,50,5,0.5,0.5,1,0.5,0.5,3,FALSE,0.5,FALSE,0,0,0,"AICSTAN300_14",0.924105448520205,0.964921985677713,1,0.488888888888889,0.875,0.857142857142857
"670",14,50,100,50,5,0.5,0.5,1,0.5,0.5,3,FALSE,0.5,FALSE,0,0,0,"AICSTAN300_14",0.882633956372785,0.933918072933642,1,0.711111111111111,0.571428571428571,1
"671",14,50,100,50,5,0.5,0.5,1,0.5,0.5,3,FALSE,0.5,FALSE,0,0,0,"AICSTAN300_14",1.05947660206919,0.909049139875619,1,0.311111111111111,1,0.955555555555556
"672",14,50,100,50,5,0.5,0.5,1,0.5,0.5,3,FALSE,0.5,FALSE,0,0,0,"AICSTAN300_14",1.34381158141255,0.999491940928547,0.8,0.377777777777778,0.571428571428571,1
"673",14,50,100,50,5,0.5,0.5,1,0.5,0.5,3,FALSE,0.5,FALSE,0,0,0,"AICSTAN300_14",0.738798965863509,0.799870272116223,1,0.644444444444444,0.833333333333333,0.977272727272727
"674",14,50,100,50,5,0.5,0.5,1,0.5,0.5,3,FALSE,0.5,FALSE,0,0,0,"AICSTAN300_14",0.850171495626469,0.955162232318856,1,0.555555555555556,0.571428571428571,0.953488372093023
"675",14,50,100,50,5,0.5,0.5,1,0.5,0.5,3,FALSE,0.5,FALSE,0,0,0,"AICSTAN300_14",1.31348809120427,0.95064768269246,1,0.355555555555556,0.571428571428571,0.976744186046512
"676",14,50,100,50,5,0.5,0.5,1,0.5,0.5,3,FALSE,0.5,FALSE,0,0,0,"AICSTAN300_14",0.949073962794882,1.00896972748383,1,0.133333333333333,0.714285714285714,1
"677",14,50,100,50,5,0.5,0.5,1,0.5,0.5,3,FALSE,0.5,FALSE,0,0,0,"AICSTAN300_14",0.986431178288411,1.02001240006564,1,0.466666666666667,0.833333333333333,0.977272727272727
"678",14,50,100,50,5,0.5,0.5,1,0.5,0.5,3,FALSE,0.5,FALSE,0,0,0,"AICSTAN300_14",1.12741115085417,0.941463821953096,1,0.377777777777778,0.666666666666667,0.975609756097561
"679",14,50,100,50,5,0.5,0.5,1,0.5,0.5,3,FALSE,0.5,FALSE,0,0,0,"AICSTAN300_14",0.701472232795225,0.937896396143494,1,0.688888888888889,0.666666666666667,0.954545454545455
"680",14,50,100,50,5,0.5,0.5,1,0.5,0.5,3,FALSE,0.5,FALSE,0,0,0,"AICSTAN300_14",0.789532862725136,0.930688389381327,1,0.533333333333333,0.8,0.933333333333333
"681",14,50,100,50,5,0.5,0.5,1,0.5,0.5,3,FALSE,0.5,FALSE,0,0,0,"AICSTAN300_14",0.662221257641674,0.798498813153775,1,0.666666666666667,0.833333333333333,1
"682",14,50,100,50,5,0.5,0.5,1,0.5,0.5,3,FALSE,0.5,FALSE,0,0,0,"AICSTAN300_14",0.866340948677323,0.796919444323386,1,0.311111111111111,0.875,0.952380952380952
"683",14,50,100,50,5,0.5,0.5,1,0.5,0.5,3,FALSE,0.5,FALSE,0,0,0,"AICSTAN300_14",0.793235901115436,0.801067718190404,1,0.688888888888889,0.545454545454545,0.897435897435897
"684",14,50,100,50,5,0.5,0.5,1,0.5,0.5,3,FALSE,0.5,FALSE,0,0,0,"AICSTAN300_14",0.916124800839185,0.840966865282566,1,0.488888888888889,0.666666666666667,0.975609756097561
"685",14,50,100,50,5,0.5,0.5,1,0.5,0.5,3,FALSE,0.5,FALSE,0,0,0,"AICSTAN300_14",0.898172321078474,0.899569407879017,1,0.644444444444444,0.625,0.976190476190476
"686",14,50,100,50,5,0.5,0.5,1,0.5,0.5,3,FALSE,0.5,FALSE,0,0,0,"AICSTAN300_14",0.91660255367167,0.863256503050917,1,0.466666666666667,1,0.977777777777778
"687",14,50,100,50,5,0.5,0.5,1,0.5,0.5,3,FALSE,0.5,FALSE,0,0,0,"AICSTAN300_14",0.695701208599589,0.851934818799541,1,0.6,0.714285714285714,0.953488372093023
"688",14,50,100,50,5,0.5,0.5,1,0.5,0.5,3,FALSE,0.5,FALSE,0,0,0,"AICSTAN300_14",0.84372606864222,0.950655194588088,1,0.355555555555556,0.8,1
"689",14,50,100,50,5,0.5,0.5,1,0.5,0.5,3,FALSE,0.5,FALSE,0,0,0,"AICSTAN300_14",0.921869377865267,0.985090051401231,1,0.666666666666667,0.444444444444444,0.951219512195122
"690",14,50,100,50,5,0.5,0.5,1,0.5,0.5,3,FALSE,0.5,FALSE,0,0,0,"AICSTAN300_14",0.940070951589503,0.948295218588274,1,0.444444444444444,0.6,0.95
"691",14,50,100,50,5,0.5,0.5,1,0.5,0.5,3,FALSE,0.5,FALSE,0,0,0,"AICSTAN300_14",1.10927311569624,1.10579217325582,1,0.177777777777778,0.777777777777778,0.975609756097561
"692",14,50,100,50,5,0.5,0.5,1,0.5,0.5,3,FALSE,0.5,FALSE,0,0,0,"AICSTAN300_14",1.00553577991788,0.945165660829275,1,0.244444444444444,0.714285714285714,0.906976744186046
"693",14,50,100,50,5,0.5,0.5,1,0.5,0.5,3,FALSE,0.5,FALSE,0,0,0,"AICSTAN300_14",0.744705917089736,0.949165431668221,1,0.555555555555556,0.666666666666667,0.975609756097561
"694",14,50,100,50,5,0.5,0.5,1,0.5,0.5,3,FALSE,0.5,FALSE,0,0,0,"AICSTAN300_14",0.916261218274299,0.919271997320321,1,0.511111111111111,0.5,0.976190476190476
"695",14,50,100,50,5,0.5,0.5,1,0.5,0.5,3,FALSE,0.5,FALSE,0,0,0,"AICSTAN300_14",0.904592385069321,0.896014565781317,1,0.533333333333333,0.833333333333333,0.977272727272727
"696",14,50,100,50,5,0.5,0.5,1,0.5,0.5,3,FALSE,0.5,FALSE,0,0,0,"AICSTAN300_14",0.806117372936105,0.909569940523277,1,0.4,1,1
"697",14,50,100,50,5,0.5,0.5,1,0.5,0.5,3,FALSE,0.5,FALSE,0,0,0,"AICSTAN300_14",0.698550847760679,0.818136586028037,1,0.777777777777778,0.714285714285714,1
"698",14,50,100,50,5,0.5,0.5,1,0.5,0.5,3,FALSE,0.5,FALSE,0,0,0,"AICSTAN300_14",0.698215787058228,0.861901516457366,1,0.711111111111111,0.875,0.976190476190476
"699",14,50,100,50,5,0.5,0.5,1,0.5,0.5,3,FALSE,0.5,FALSE,0,0,0,"AICSTAN300_14",1.06263206883984,1.04714864811011,1,0.622222222222222,0.666666666666667,1
"700",14,50,100,50,5,0.5,0.5,1,0.5,0.5,3,FALSE,0.5,FALSE,0,0,0,"AICSTAN300_14",0.82159916409149,0.95592543746628,1,0.555555555555556,0.833333333333333,0.931818181818182
"701",15,50,100,50,5,0.5,0.5,1,0.5,0.5,3,FALSE,0.9,FALSE,0,0,0,"AICSTAN300_15",0.817771734428384,0.929916159928876,0.8,0.622222222222222,0.5,0.928571428571429
"702",15,50,100,50,5,0.5,0.5,1,0.5,0.5,3,FALSE,0.9,FALSE,0,0,0,"AICSTAN300_15",0.753631454144467,0.871985407867729,0.8,0.644444444444444,0.8,0.955555555555556
"703",15,50,100,50,5,0.5,0.5,1,0.5,0.5,3,FALSE,0.9,FALSE,0,0,0,"AICSTAN300_15",0.868281747899214,0.933733028864009,0.6,0.6,0.285714285714286,0.930232558139535
"704",15,50,100,50,5,0.5,0.5,1,0.5,0.5,3,FALSE,0.9,FALSE,0,0,0,"AICSTAN300_15",0.629657750297839,0.800800967704811,0.8,0.777777777777778,0.666666666666667,0.954545454545455
"705",15,50,100,50,5,0.5,0.5,1,0.5,0.5,3,FALSE,0.9,FALSE,0,0,0,"AICSTAN300_15",1.0529992427283,0.85553405072944,1,0.466666666666667,0.857142857142857,0.976744186046512
"706",15,50,100,50,5,0.5,0.5,1,0.5,0.5,3,FALSE,0.9,FALSE,0,0,0,"AICSTAN300_15",0.953762882193727,0.864325394292364,1,0.6,0.428571428571429,1
"707",15,50,100,50,5,0.5,0.5,1,0.5,0.5,3,FALSE,0.9,FALSE,0,0,0,"AICSTAN300_15",0.74091367803513,0.871595836913898,0.6,0.644444444444444,0.375,0.952380952380952
"708",15,50,100,50,5,0.5,0.5,1,0.5,0.5,3,FALSE,0.9,FALSE,0,0,0,"AICSTAN300_15",0.781618170101746,0.846818451105443,1,0.622222222222222,0.714285714285714,0.930232558139535
"709",15,50,100,50,5,0.5,0.5,1,0.5,0.5,3,FALSE,0.9,FALSE,0,0,0,"AICSTAN300_15",0.630812256596119,0.811797190046956,0.6,0.488888888888889,0.285714285714286,0.976744186046512
"710",15,50,100,50,5,0.5,0.5,1,0.5,0.5,3,FALSE,0.9,FALSE,0,0,0,"AICSTAN300_15",0.793268977706147,0.856424160554544,0.8,0.6,0.666666666666667,0.977272727272727
"711",15,50,100,50,5,0.5,0.5,1,0.5,0.5,3,FALSE,0.9,FALSE,0,0,0,"AICSTAN300_15",0.816544765829628,0.854000751937199,0.6,0.644444444444444,0.5,0.931818181818182
"712",15,50,100,50,5,0.5,0.5,1,0.5,0.5,3,FALSE,0.9,FALSE,0,0,0,"AICSTAN300_15",0.588569143908869,0.821050913000345,0.6,0.533333333333333,0.444444444444444,0.951219512195122
"713",15,50,100,50,5,0.5,0.5,1,0.5,0.5,3,FALSE,0.9,FALSE,0,0,0,"AICSTAN300_15",1.06016711138858,0.944716480293722,0.8,0.266666666666667,0.428571428571429,0.906976744186046
"714",15,50,100,50,5,0.5,0.5,1,0.5,0.5,3,FALSE,0.9,FALSE,0,0,0,"AICSTAN300_15",0.780978335093781,0.875481427378943,1,0.444444444444444,0.833333333333333,0.886363636363636
"715",15,50,100,50,5,0.5,0.5,1,0.5,0.5,3,FALSE,0.9,FALSE,0,0,0,"AICSTAN300_15",0.804748482301594,0.892777480012674,0.8,0.711111111111111,0.5,1
"716",15,50,100,50,5,0.5,0.5,1,0.5,0.5,3,FALSE,0.9,FALSE,0,0,0,"AICSTAN300_15",0.618687701905312,0.846756120513392,1,0.8,0.444444444444444,0.975609756097561
"717",15,50,100,50,5,0.5,0.5,1,0.5,0.5,3,FALSE,0.9,FALSE,0,0,0,"AICSTAN300_15",1.14550646580221,1.03325548465627,1,0.6,0.333333333333333,1
"718",15,50,100,50,5,0.5,0.5,1,0.5,0.5,3,FALSE,0.9,FALSE,0,0,0,"AICSTAN300_15",0.866354403225551,0.984317103202058,0.6,0.333333333333333,0.5,0.931818181818182
"719",15,50,100,50,5,0.5,0.5,1,0.5,0.5,3,FALSE,0.9,FALSE,0,0,0,"AICSTAN300_15",0.865880515166026,0.850288321608161,0.8,0.511111111111111,0.333333333333333,0.973684210526316
"720",15,50,100,50,5,0.5,0.5,1,0.5,0.5,3,FALSE,0.9,FALSE,0,0,0,"AICSTAN300_15",1.08982768455239,0.932259171834597,1,0.288888888888889,0.666666666666667,0.977272727272727
"721",15,50,100,50,5,0.5,0.5,1,0.5,0.5,3,FALSE,0.9,FALSE,0,0,0,"AICSTAN300_15",1.22142329262133,0.955699559715645,0.8,0.155555555555556,0.333333333333333,0.977272727272727
"722",15,50,100,50,5,0.5,0.5,1,0.5,0.5,3,FALSE,0.9,FALSE,0,0,0,"AICSTAN300_15",0.831352457364309,0.977228588464909,1,0.755555555555556,0.666666666666667,0.977272727272727
"723",15,50,100,50,5,0.5,0.5,1,0.5,0.5,3,FALSE,0.9,FALSE,0,0,0,"AICSTAN300_15",0.787752096385458,0.98922761430683,0.8,0.355555555555556,0.25,0.928571428571429
"724",15,50,100,50,5,0.5,0.5,1,0.5,0.5,3,FALSE,0.9,FALSE,0,0,0,"AICSTAN300_15",0.835960436957211,0.890114077132576,1,0.488888888888889,0.714285714285714,0.930232558139535
"725",15,50,100,50,5,0.5,0.5,1,0.5,0.5,3,FALSE,0.9,FALSE,0,0,0,"AICSTAN300_15",0.764871291596261,0.787958892125607,1,0.533333333333333,0.666666666666667,0.954545454545455
"726",15,50,100,50,5,0.5,0.5,1,0.5,0.5,3,FALSE,0.9,FALSE,0,0,0,"AICSTAN300_15",1.77812039124102,0.933061857929185,1,0.2,0.714285714285714,1
"727",15,50,100,50,5,0.5,0.5,1,0.5,0.5,3,FALSE,0.9,FALSE,0,0,0,"AICSTAN300_15",1.37749008252683,0.996798084719908,0.8,0.311111111111111,0.625,0.976190476190476
"728",15,50,100,50,5,0.5,0.5,1,0.5,0.5,3,FALSE,0.9,FALSE,0,0,0,"AICSTAN300_15",0.831798893288511,0.818238910650753,0.8,0.577777777777778,0.375,1
"729",15,50,100,50,5,0.5,0.5,1,0.5,0.5,3,FALSE,0.9,FALSE,0,0,0,"AICSTAN300_15",1.03304022315337,0.922504236337882,0.8,0.533333333333333,0.666666666666667,0.977272727272727
"730",15,50,100,50,5,0.5,0.5,1,0.5,0.5,3,FALSE,0.9,FALSE,0,0,0,"AICSTAN300_15",1.18814107275362,0.901602440159582,0.8,0.6,0.666666666666667,1
"731",15,50,100,50,5,0.5,0.5,1,0.5,0.5,3,FALSE,0.9,FALSE,0,0,0,"AICSTAN300_15",1.08024639473716,1.00008707139256,1,0.4,0.666666666666667,0.977272727272727
"732",15,50,100,50,5,0.5,0.5,1,0.5,0.5,3,FALSE,0.9,FALSE,0,0,0,"AICSTAN300_15",1.42091468618488,0.886537149757292,1,0.244444444444444,0.375,0.952380952380952
"733",15,50,100,50,5,0.5,0.5,1,0.5,0.5,3,FALSE,0.9,FALSE,0,0,0,"AICSTAN300_15",0.861736214023516,0.899167695445034,0.8,0.488888888888889,0.625,0.976190476190476
"734",15,50,100,50,5,0.5,0.5,1,0.5,0.5,3,FALSE,0.9,FALSE,0,0,0,"AICSTAN300_15",1.27773959156591,0.924270623953614,1,0.222222222222222,0.555555555555556,0.926829268292683
"735",15,50,100,50,5,0.5,0.5,1,0.5,0.5,3,FALSE,0.9,FALSE,0,0,0,"AICSTAN300_15",0.88900982053529,0.873553366394591,0.6,0.533333333333333,0.444444444444444,0.975609756097561
"736",15,50,100,50,5,0.5,0.5,1,0.5,0.5,3,FALSE,0.9,FALSE,0,0,0,"AICSTAN300_15",0.907129236708449,0.997148239899304,0.8,0.533333333333333,0.666666666666667,0.954545454545455
"737",15,50,100,50,5,0.5,0.5,1,0.5,0.5,3,FALSE,0.9,FALSE,0,0,0,"AICSTAN300_15",0.62373651539972,0.9487756573945,0.8,0.733333333333333,0.3,1
"738",15,50,100,50,5,0.5,0.5,1,0.5,0.5,3,FALSE,0.9,FALSE,0,0,0,"AICSTAN300_15",1.20599096470113,0.820136758736048,1,0.288888888888889,0.333333333333333,0.975609756097561
"739",15,50,100,50,5,0.5,0.5,1,0.5,0.5,3,FALSE,0.9,FALSE,0,0,0,"AICSTAN300_15",0.825663251415036,0.864015966824897,0.6,0.466666666666667,0.6,1
"740",15,50,100,50,5,0.5,0.5,1,0.5,0.5,3,FALSE,0.9,FALSE,0,0,0,"AICSTAN300_15",0.865770249611893,0.890318345444644,0.8,0.511111111111111,0.5,0.95
"741",15,50,100,50,5,0.5,0.5,1,0.5,0.5,3,FALSE,0.9,FALSE,0,0,0,"AICSTAN300_15",0.756813212437499,0.930095243538487,1,0.422222222222222,0.8,0.977777777777778
"742",15,50,100,50,5,0.5,0.5,1,0.5,0.5,3,FALSE,0.9,FALSE,0,0,0,"AICSTAN300_15",1.1315150138152,0.773910287734249,1,0.244444444444444,0.666666666666667,0.931818181818182
"743",15,50,100,50,5,0.5,0.5,1,0.5,0.5,3,FALSE,0.9,FALSE,0,0,0,"AICSTAN300_15",0.858508813632358,0.844765597955145,1,0.466666666666667,0.666666666666667,0.954545454545455
"744",15,50,100,50,5,0.5,0.5,1,0.5,0.5,3,FALSE,0.9,FALSE,0,0,0,"AICSTAN300_15",0.772728108720848,0.917183098223237,0.6,0.733333333333333,0.375,1
"745",15,50,100,50,5,0.5,0.5,1,0.5,0.5,3,FALSE,0.9,FALSE,0,0,0,"AICSTAN300_15",0.630820518825175,0.824745286705496,0.8,0.666666666666667,0.714285714285714,0.930232558139535
"746",15,50,100,50,5,0.5,0.5,1,0.5,0.5,3,FALSE,0.9,FALSE,0,0,0,"AICSTAN300_15",1.06602978278658,0.892164920073745,1,0.2,0.857142857142857,0.976744186046512
"747",15,50,100,50,5,0.5,0.5,1,0.5,0.5,3,FALSE,0.9,FALSE,0,0,0,"AICSTAN300_15",0.620020485143667,0.752802382447423,1,0.377777777777778,0.428571428571429,0.953488372093023
"748",15,50,100,50,5,0.5,0.5,1,0.5,0.5,3,FALSE,0.9,FALSE,0,0,0,"AICSTAN300_15",0.811860001960045,0.869758418348946,0.8,0.644444444444444,0.428571428571429,0.976744186046512
"749",15,50,100,50,5,0.5,0.5,1,0.5,0.5,3,FALSE,0.9,FALSE,0,0,0,"AICSTAN300_15",0.901069293615576,0.909770273354087,0.8,0.533333333333333,0.444444444444444,0.951219512195122
"750",15,50,100,50,5,0.5,0.5,1,0.5,0.5,3,FALSE,0.9,FALSE,0,0,0,"AICSTAN300_15",0.650413763225452,0.792309499380082,1,0.777777777777778,0.571428571428571,1
"751",16,50,100,50,5,0.5,0.5,1,0.5,0.5,3,FALSE,0.1,FALSE,0,0,0,"AICSTAN300_16",1.25003269065262,0.959079376044182,1,0.2,0.857142857142857,0.976744186046512
"752",16,50,100,50,5,0.5,0.5,1,0.5,0.5,3,FALSE,0.1,FALSE,0,0,0,"AICSTAN300_16",0.796945958607632,0.937796407811682,1,0.511111111111111,0.75,0.952380952380952
"753",16,50,100,50,5,0.5,0.5,1,0.5,0.5,3,FALSE,0.1,FALSE,0,0,0,"AICSTAN300_16",1.2111591786489,0.981915360532231,1,0.244444444444444,0.5,0.95
"754",16,50,100,50,5,0.5,0.5,1,0.5,0.5,3,FALSE,0.1,FALSE,0,0,0,"AICSTAN300_16",0.71508601405804,0.843231599222872,1,0.488888888888889,0.714285714285714,0.953488372093023
"755",16,50,100,50,5,0.5,0.5,1,0.5,0.5,3,FALSE,0.1,FALSE,0,0,0,"AICSTAN300_16",0.764418318342156,1.09266541500961,1,0.6,0.625,0.904761904761905
"756",16,50,100,50,5,0.5,0.5,1,0.5,0.5,3,FALSE,0.1,FALSE,0,0,0,"AICSTAN300_16",0.839430858117414,0.964756941037543,1,0.444444444444444,0.857142857142857,0.976744186046512
"757",16,50,100,50,5,0.5,0.5,1,0.5,0.5,3,FALSE,0.1,FALSE,0,0,0,"AICSTAN300_16",0.825354235557483,0.879943195880608,1,0.6,0.714285714285714,0.976744186046512
"758",16,50,100,50,5,0.5,0.5,1,0.5,0.5,3,FALSE,0.1,FALSE,0,0,0,"AICSTAN300_16",0.902070751707962,0.904604938493604,1,0.311111111111111,0.5,0.952380952380952
"759",16,50,100,50,5,0.5,0.5,1,0.5,0.5,3,FALSE,0.1,FALSE,0,0,0,"AICSTAN300_16",1.28110739573285,1.14016276327271,1,0.422222222222222,0.777777777777778,0.951219512195122
"760",16,50,100,50,5,0.5,0.5,1,0.5,0.5,3,FALSE,0.1,FALSE,0,0,0,"AICSTAN300_16",0.690658278328454,0.948158555524861,1,0.511111111111111,0.75,0.952380952380952
"761",16,50,100,50,5,0.5,0.5,1,0.5,0.5,3,FALSE,0.1,FALSE,0,0,0,"AICSTAN300_16",1.24126711447501,0.938570096980724,1,0.2,0.7,0.95
"762",16,50,100,50,5,0.5,0.5,1,0.5,0.5,3,FALSE,0.1,FALSE,0,0,0,"AICSTAN300_16",0.886840657949276,1.13059765988669,1,0.8,0.666666666666667,0.977272727272727
"763",16,50,100,50,5,0.5,0.5,1,0.5,0.5,3,FALSE,0.1,FALSE,0,0,0,"AICSTAN300_16",0.895621583986556,1.0925601298501,1,0.488888888888889,0.4,0.975
"764",16,50,100,50,5,0.5,0.5,1,0.5,0.5,3,FALSE,0.1,FALSE,0,0,0,"AICSTAN300_16",0.931118279433873,0.92533079346726,1,0.444444444444444,0.5,1
"765",16,50,100,50,5,0.5,0.5,1,0.5,0.5,3,FALSE,0.1,FALSE,0,0,0,"AICSTAN300_16",0.837061566857672,0.91683694537992,1,0.355555555555556,0.833333333333333,0.977272727272727
"766",16,50,100,50,5,0.5,0.5,1,0.5,0.5,3,FALSE,0.1,FALSE,0,0,0,"AICSTAN300_16",1.01795729191184,0.902850050896273,1,0.377777777777778,0.714285714285714,0.976744186046512
"767",16,50,100,50,5,0.5,0.5,1,0.5,0.5,3,FALSE,0.1,FALSE,0,0,0,"AICSTAN300_16",1.07155066696601,1.05216036009134,1,0.6,0.555555555555556,1
"768",16,50,100,50,5,0.5,0.5,1,0.5,0.5,3,FALSE,0.1,FALSE,0,0,0,"AICSTAN300_16",1.18556538638259,1.08503080988774,1,0.2,0.818181818181818,0.846153846153846
"769",16,50,100,50,5,0.5,0.5,1,0.5,0.5,3,FALSE,0.1,FALSE,0,0,0,"AICSTAN300_16",1.06326493331352,0.960320189582167,1,0.711111111111111,1,1
"770",16,50,100,50,5,0.5,0.5,1,0.5,0.5,3,FALSE,0.1,FALSE,0,0,0,"AICSTAN300_16",1.11590980953763,0.924992012450948,1,0.222222222222222,0.857142857142857,1
"771",16,50,100,50,5,0.5,0.5,1,0.5,0.5,3,FALSE,0.1,FALSE,0,0,0,"AICSTAN300_16",0.789127993219534,1.03957066373299,1,0.711111111111111,0.428571428571429,1
"772",16,50,100,50,5,0.5,0.5,1,0.5,0.5,3,FALSE,0.1,FALSE,0,0,0,"AICSTAN300_16",1.01860958278257,0.766665369617532,1,0.333333333333333,0.857142857142857,0.976744186046512
"773",16,50,100,50,5,0.5,0.5,1,0.5,0.5,3,FALSE,0.1,FALSE,0,0,0,"AICSTAN300_16",1.19914963137438,1.05711619376537,1,0.533333333333333,0.5,1
"774",16,50,100,50,5,0.5,0.5,1,0.5,0.5,3,FALSE,0.1,FALSE,0,0,0,"AICSTAN300_16",1.35794438091,0.764479932627791,1,0.311111111111111,1,0.930232558139535
"775",16,50,100,50,5,0.5,0.5,1,0.5,0.5,3,FALSE,0.1,FALSE,0,0,0,"AICSTAN300_16",0.837042602784523,0.910042952109307,1,0.666666666666667,0.714285714285714,0.930232558139535
"776",16,50,100,50,5,0.5,0.5,1,0.5,0.5,3,FALSE,0.1,FALSE,0,0,0,"AICSTAN300_16",1.02111312567922,0.960448502569298,1,0.355555555555556,0.75,0.928571428571429
"777",16,50,100,50,5,0.5,0.5,1,0.5,0.5,3,FALSE,0.1,FALSE,0,0,0,"AICSTAN300_16",0.905201843864331,1.21580772813525,1,0.577777777777778,0.5,1
"778",16,50,100,50,5,0.5,0.5,1,0.5,0.5,3,FALSE,0.1,FALSE,0,0,0,"AICSTAN300_16",1.13934882850527,0.921798257538101,1,0.444444444444444,0.833333333333333,0.954545454545455
"779",16,50,100,50,5,0.5,0.5,1,0.5,0.5,3,FALSE,0.1,FALSE,0,0,0,"AICSTAN300_16",0.758644559449398,0.819130767816722,1,0.466666666666667,0.666666666666667,0.926829268292683
"780",16,50,100,50,5,0.5,0.5,1,0.5,0.5,3,FALSE,0.1,FALSE,0,0,0,"AICSTAN300_16",1.16807895446795,0.904992470841125,1,0.288888888888889,0.857142857142857,0.953488372093023
"781",16,50,100,50,5,0.5,0.5,1,0.5,0.5,3,FALSE,0.1,FALSE,0,0,0,"AICSTAN300_16",0.738638242195848,0.846502920712513,1,0.622222222222222,1,0.977777777777778
"782",16,50,100,50,5,0.5,0.5,1,0.5,0.5,3,FALSE,0.1,FALSE,0,0,0,"AICSTAN300_16",0.596504721142412,0.825910426907894,1,0.666666666666667,0.6,1
"783",16,50,100,50,5,0.5,0.5,1,0.5,0.5,3,FALSE,0.1,FALSE,0,0,0,"AICSTAN300_16",1.14884915683339,0.90429152971883,1,0.311111111111111,0.625,0.952380952380952
"784",16,50,100,50,5,0.5,0.5,1,0.5,0.5,3,FALSE,0.1,FALSE,0,0,0,"AICSTAN300_16",1.26668005909209,0.940290437601377,1,0.0666666666666667,0.571428571428571,0.976744186046512
"785",16,50,100,50,5,0.5,0.5,1,0.5,0.5,3,FALSE,0.1,FALSE,0,0,0,"AICSTAN300_16",1.17418509666444,1.03488032623414,1,0.4,1,0.866666666666667
"786",16,50,100,50,5,0.5,0.5,1,0.5,0.5,3,FALSE,0.1,FALSE,0,0,0,"AICSTAN300_16",0.87396817307949,0.907266766029392,1,0.4,0.571428571428571,1
"787",16,50,100,50,5,0.5,0.5,1,0.5,0.5,3,FALSE,0.1,FALSE,0,0,0,"AICSTAN300_16",1.18463389789555,1.20045636263543,1,0.288888888888889,0.857142857142857,1
"788",16,50,100,50,5,0.5,0.5,1,0.5,0.5,3,FALSE,0.1,FALSE,0,0,0,"AICSTAN300_16",0.877272878706643,0.889260638488298,1,0.333333333333333,0.625,0.976190476190476
"789",16,50,100,50,5,0.5,0.5,1,0.5,0.5,3,FALSE,0.1,FALSE,0,0,0,"AICSTAN300_16",1.01645843918238,0.933539311611736,1,0.377777777777778,0.625,0.976190476190476
"790",16,50,100,50,5,0.5,0.5,1,0.5,0.5,3,FALSE,0.1,FALSE,0,0,0,"AICSTAN300_16",0.748751629937452,0.917811251443316,1,0.733333333333333,1,1
"791",16,50,100,50,5,0.5,0.5,1,0.5,0.5,3,FALSE,0.1,FALSE,0,0,0,"AICSTAN300_16",1.06596253451966,0.932189935793718,1,0.288888888888889,0.714285714285714,0.953488372093023
"792",16,50,100,50,5,0.5,0.5,1,0.5,0.5,3,FALSE,0.1,FALSE,0,0,0,"AICSTAN300_16",0.741542565430707,0.783663067737921,1,0.577777777777778,0.714285714285714,0.953488372093023
"793",16,50,100,50,5,0.5,0.5,1,0.5,0.5,3,FALSE,0.1,FALSE,0,0,0,"AICSTAN300_16",0.926421469290734,1.08625511034257,1,0.622222222222222,0.75,0.976190476190476
"794",16,50,100,50,5,0.5,0.5,1,0.5,0.5,3,FALSE,0.1,FALSE,0,0,0,"AICSTAN300_16",0.928341241331863,0.986795832126212,1,0.666666666666667,0.6,1
"795",16,50,100,50,5,0.5,0.5,1,0.5,0.5,3,FALSE,0.1,FALSE,0,0,0,"AICSTAN300_16",0.967766320441715,0.928096821694028,1,0.311111111111111,1,0.888888888888889
"796",16,50,100,50,5,0.5,0.5,1,0.5,0.5,3,FALSE,0.1,FALSE,0,0,0,"AICSTAN300_16",0.856003238157536,0.828312299021349,1,0.444444444444444,1,0.955555555555556
"797",16,50,100,50,5,0.5,0.5,1,0.5,0.5,3,FALSE,0.1,FALSE,0,0,0,"AICSTAN300_16",0.84171204496489,0.961218210387018,1,0.466666666666667,0.666666666666667,0.902439024390244
"798",16,50,100,50,5,0.5,0.5,1,0.5,0.5,3,FALSE,0.1,FALSE,0,0,0,"AICSTAN300_16",0.711094835822526,0.819245257387789,1,0.511111111111111,0.75,1
"799",16,50,100,50,5,0.5,0.5,1,0.5,0.5,3,FALSE,0.1,FALSE,0,0,0,"AICSTAN300_16",1.01173957375935,0.891337412877163,1,0.488888888888889,0.5,0.952380952380952
"800",16,50,100,50,5,0.5,0.5,1,0.5,0.5,3,FALSE,0.1,FALSE,0,0,0,"AICSTAN300_16",1.60300771317679,0.878919816224941,1,0.222222222222222,0.833333333333333,0.954545454545455
"801",17,50,100,50,5,0.5,0.5,1,0.5,0.5,3,FALSE,0.5,FALSE,0,0,0,"AICSTAN300_17",1.07354240564393,1.00244435926542,1,0.333333333333333,0.714285714285714,0.86046511627907
"802",17,50,100,50,5,0.5,0.5,1,0.5,0.5,3,FALSE,0.5,FALSE,0,0,0,"AICSTAN300_17",0.762923582812943,0.961824640081883,1,0.577777777777778,1,0.977272727272727
"803",17,50,100,50,5,0.5,0.5,1,0.5,0.5,3,FALSE,0.5,FALSE,0,0,0,"AICSTAN300_17",1.10462306259056,0.952068901433878,1,0.355555555555556,0.857142857142857,0.930232558139535
"804",17,50,100,50,5,0.5,0.5,1,0.5,0.5,3,FALSE,0.5,FALSE,0,0,0,"AICSTAN300_17",0.789528481966097,0.877938863598487,1,0.755555555555556,0.857142857142857,0.976744186046512
"805",17,50,100,50,5,0.5,0.5,1,0.5,0.5,3,FALSE,0.5,FALSE,0,0,0,"AICSTAN300_17",1.15793921504405,0.826520230009554,1,0.311111111111111,0.714285714285714,0.976744186046512
"806",17,50,100,50,5,0.5,0.5,1,0.5,0.5,3,FALSE,0.5,FALSE,0,0,0,"AICSTAN300_17",1.02492306190664,0.952363966104809,1,0.444444444444444,0.666666666666667,0.931818181818182
"807",17,50,100,50,5,0.5,0.5,1,0.5,0.5,3,FALSE,0.5,FALSE,0,0,0,"AICSTAN300_17",0.764864987057146,0.805549692805149,1,0.511111111111111,0.875,0.904761904761905
"808",17,50,100,50,5,0.5,0.5,1,0.5,0.5,3,FALSE,0.5,FALSE,0,0,0,"AICSTAN300_17",0.800062128679729,0.85743741082346,1,0.577777777777778,0.714285714285714,0.930232558139535
"809",17,50,100,50,5,0.5,0.5,1,0.5,0.5,3,FALSE,0.5,FALSE,0,0,0,"AICSTAN300_17",0.84907911731679,0.917672204678399,1,0.577777777777778,0.625,0.928571428571429
"810",17,50,100,50,5,0.5,0.5,1,0.5,0.5,3,FALSE,0.5,FALSE,0,0,0,"AICSTAN300_17",1.13762606675058,0.934506453773584,0.8,0.311111111111111,0.666666666666667,0.909090909090909
"811",17,50,100,50,5,0.5,0.5,1,0.5,0.5,3,FALSE,0.5,FALSE,0,0,0,"AICSTAN300_17",1.26011042688605,0.921169188969729,1,0.288888888888889,0.571428571428571,1
"812",17,50,100,50,5,0.5,0.5,1,0.5,0.5,3,FALSE,0.5,FALSE,0,0,0,"AICSTAN300_17",0.93872468242328,0.913040835504575,1,0.444444444444444,0.857142857142857,0.930232558139535
"813",17,50,100,50,5,0.5,0.5,1,0.5,0.5,3,FALSE,0.5,FALSE,0,0,0,"AICSTAN300_17",0.899851306417206,0.999736265450614,1,0.488888888888889,0.428571428571429,0.976744186046512
"814",17,50,100,50,5,0.5,0.5,1,0.5,0.5,3,FALSE,0.5,FALSE,0,0,0,"AICSTAN300_17",0.84505540875542,0.834947830141575,1,0.577777777777778,1,0.911111111111111
"815",17,50,100,50,5,0.5,0.5,1,0.5,0.5,3,FALSE,0.5,FALSE,0,0,0,"AICSTAN300_17",1.04853158953456,0.83816813359217,1,0.0444444444444444,0.75,0.928571428571429
"816",17,50,100,50,5,0.5,0.5,1,0.5,0.5,3,FALSE,0.5,FALSE,0,0,0,"AICSTAN300_17",1.00134061429863,1.06537147439583,1,0.377777777777778,0.857142857142857,0.953488372093023
"817",17,50,100,50,5,0.5,0.5,1,0.5,0.5,3,FALSE,0.5,FALSE,0,0,0,"AICSTAN300_17",1.47006068147575,1.05850907505706,1,0.333333333333333,0.8,0.95
"818",17,50,100,50,5,0.5,0.5,1,0.5,0.5,3,FALSE,0.5,FALSE,0,0,0,"AICSTAN300_17",0.92202826164956,0.88799010579714,0.8,0.377777777777778,0.5,1
"819",17,50,100,50,5,0.5,0.5,1,0.5,0.5,3,FALSE,0.5,FALSE,0,0,0,"AICSTAN300_17",1.01418031754548,0.941245984617062,0.6,0.444444444444444,0.5,0.977272727272727
"820",17,50,100,50,5,0.5,0.5,1,0.5,0.5,3,FALSE,0.5,FALSE,0,0,0,"AICSTAN300_17",0.917435200029661,0.817036053855094,1,0.377777777777778,0.75,0.928571428571429
"821",17,50,100,50,5,0.5,0.5,1,0.5,0.5,3,FALSE,0.5,FALSE,0,0,0,"AICSTAN300_17",0.943998708349424,1.06222110569082,1,0.622222222222222,0.6,0.975
"822",17,50,100,50,5,0.5,0.5,1,0.5,0.5,3,FALSE,0.5,FALSE,0,0,0,"AICSTAN300_17",1.30935930456002,0.895447447741756,1,0.377777777777778,1,0.955555555555556
"823",17,50,100,50,5,0.5,0.5,1,0.5,0.5,3,FALSE,0.5,FALSE,0,0,0,"AICSTAN300_17",0.783167024096667,0.987879551663855,1,0.711111111111111,0.625,1
"824",17,50,100,50,5,0.5,0.5,1,0.5,0.5,3,FALSE,0.5,FALSE,0,0,0,"AICSTAN300_17",1.13252223849548,0.99709436529631,1,0.244444444444444,0.7,0.975
"825",17,50,100,50,5,0.5,0.5,1,0.5,0.5,3,FALSE,0.5,FALSE,0,0,0,"AICSTAN300_17",1.01652876856768,0.822472967923309,0.8,0.288888888888889,0.571428571428571,0.930232558139535
"826",17,50,100,50,5,0.5,0.5,1,0.5,0.5,3,FALSE,0.5,FALSE,0,0,0,"AICSTAN300_17",0.942215989338567,1.09910982175181,1,0.6,0.857142857142857,0.930232558139535
"827",17,50,100,50,5,0.5,0.5,1,0.5,0.5,3,FALSE,0.5,FALSE,0,0,0,"AICSTAN300_17",0.742950107956272,0.931712990928737,1,0.711111111111111,0.857142857142857,1
"828",17,50,100,50,5,0.5,0.5,1,0.5,0.5,3,FALSE,0.5,FALSE,0,0,0,"AICSTAN300_17",0.955070356325937,1.12636850860503,1,0.644444444444444,0.5,1
"829",17,50,100,50,5,0.5,0.5,1,0.5,0.5,3,FALSE,0.5,FALSE,0,0,0,"AICSTAN300_17",0.625286895805541,0.863028555625597,1,0.622222222222222,0.7,1
"830",17,50,100,50,5,0.5,0.5,1,0.5,0.5,3,FALSE,0.5,FALSE,0,0,0,"AICSTAN300_17",0.720407638805287,0.837632965837434,1,0.733333333333333,0.833333333333333,0.954545454545455
"831",17,50,100,50,5,0.5,0.5,1,0.5,0.5,3,FALSE,0.5,FALSE,0,0,0,"AICSTAN300_17",1.1454685568211,1.12523707760637,1,0.466666666666667,0.5,1
"832",17,50,100,50,5,0.5,0.5,1,0.5,0.5,3,FALSE,0.5,FALSE,0,0,0,"AICSTAN300_17",0.812361335225122,0.981299579607123,1,0.711111111111111,0.625,0.976190476190476
"833",17,50,100,50,5,0.5,0.5,1,0.5,0.5,3,FALSE,0.5,FALSE,0,0,0,"AICSTAN300_17",0.691466991073276,0.954322435163296,1,0.755555555555556,0.444444444444444,1
"834",17,50,100,50,5,0.5,0.5,1,0.5,0.5,3,FALSE,0.5,FALSE,0,0,0,"AICSTAN300_17",0.881880185046305,0.982788705936204,1,0.555555555555556,0.545454545454545,1
"835",17,50,100,50,5,0.5,0.5,1,0.5,0.5,3,FALSE,0.5,FALSE,0,0,0,"AICSTAN300_17",1.28997587075679,1.14119564846615,1,0.288888888888889,0.714285714285714,0.883720930232558
"836",17,50,100,50,5,0.5,0.5,1,0.5,0.5,3,FALSE,0.5,FALSE,0,0,0,"AICSTAN300_17",0.95841730718771,1.00181118416437,1,0.311111111111111,0.777777777777778,0.975609756097561
"837",17,50,100,50,5,0.5,0.5,1,0.5,0.5,3,FALSE,0.5,FALSE,0,0,0,"AICSTAN300_17",1.01189169930882,0.94349425408563,0.8,0.622222222222222,0.428571428571429,0.976744186046512
"838",17,50,100,50,5,0.5,0.5,1,0.5,0.5,3,FALSE,0.5,FALSE,0,0,0,"AICSTAN300_17",1.12023657219106,1.0093651842527,0.8,0.377777777777778,0.428571428571429,0.930232558139535
"839",17,50,100,50,5,0.5,0.5,1,0.5,0.5,3,FALSE,0.5,FALSE,0,0,0,"AICSTAN300_17",0.919953660327057,1.08092155940453,1,0.6,0.555555555555556,0.975609756097561
"840",17,50,100,50,5,0.5,0.5,1,0.5,0.5,3,FALSE,0.5,FALSE,0,0,0,"AICSTAN300_17",0.975669497109142,1.07324418698608,0.8,0.377777777777778,0.375,0.976190476190476
"841",17,50,100,50,5,0.5,0.5,1,0.5,0.5,3,FALSE,0.5,FALSE,0,0,0,"AICSTAN300_17",0.974659649169791,1.07996047466029,1,0.511111111111111,0.625,0.976190476190476
"842",17,50,100,50,5,0.5,0.5,1,0.5,0.5,3,FALSE,0.5,FALSE,0,0,0,"AICSTAN300_17",0.806916486305997,0.860523978274552,1,0.688888888888889,0.875,0.976190476190476
"843",17,50,100,50,5,0.5,0.5,1,0.5,0.5,3,FALSE,0.5,FALSE,0,0,0,"AICSTAN300_17",0.880222385095441,1.01403454293792,1,0.355555555555556,0.625,0.952380952380952
"844",17,50,100,50,5,0.5,0.5,1,0.5,0.5,3,FALSE,0.5,FALSE,0,0,0,"AICSTAN300_17",0.881947004229014,0.846768044389234,0.8,0.555555555555556,0.833333333333333,0.977272727272727
"845",17,50,100,50,5,0.5,0.5,1,0.5,0.5,3,FALSE,0.5,FALSE,0,0,0,"AICSTAN300_17",0.9893629940593,0.868611669596302,1,0.711111111111111,1,1
"846",17,50,100,50,5,0.5,0.5,1,0.5,0.5,3,FALSE,0.5,FALSE,0,0,0,"AICSTAN300_17",1.14246377558067,0.821914548362886,1,0.377777777777778,1,0.977777777777778
"847",17,50,100,50,5,0.5,0.5,1,0.5,0.5,3,FALSE,0.5,FALSE,0,0,0,"AICSTAN300_17",1.18830404373196,1.01966384563241,1,0.422222222222222,0.714285714285714,0.976744186046512
"848",17,50,100,50,5,0.5,0.5,1,0.5,0.5,3,FALSE,0.5,FALSE,0,0,0,"AICSTAN300_17",1.55175586364802,1.07835864791576,1,0.0444444444444444,0.444444444444444,0.975609756097561
"849",17,50,100,50,5,0.5,0.5,1,0.5,0.5,3,FALSE,0.5,FALSE,0,0,0,"AICSTAN300_17",0.750900052796744,0.984841543209224,1,0.622222222222222,0.666666666666667,0.977272727272727
"850",17,50,100,50,5,0.5,0.5,1,0.5,0.5,3,FALSE,0.5,FALSE,0,0,0,"AICSTAN300_17",1.00045587026199,0.967122805513843,1,0.422222222222222,0.545454545454545,0.974358974358974
"851",18,50,100,50,5,0.5,0.5,1,0.5,0.5,3,FALSE,0.9,FALSE,0,0,0,"AICSTAN300_18",0.737380603681869,0.830203138110785,1,0.822222222222222,0.571428571428571,0.976744186046512
"852",18,50,100,50,5,0.5,0.5,1,0.5,0.5,3,FALSE,0.9,FALSE,0,0,0,"AICSTAN300_18",1.73244592616943,1.04412134100925,1,0.333333333333333,0.625,0.976190476190476
"853",18,50,100,50,5,0.5,0.5,1,0.5,0.5,3,FALSE,0.9,FALSE,0,0,0,"AICSTAN300_18",0.754475947533799,0.851273596801514,0.8,0.511111111111111,0.5,0.952380952380952
"854",18,50,100,50,5,0.5,0.5,1,0.5,0.5,3,FALSE,0.9,FALSE,0,0,0,"AICSTAN300_18",0.666387687633831,1.06811259133472,1,0.777777777777778,0.5,1
"855",18,50,100,50,5,0.5,0.5,1,0.5,0.5,3,FALSE,0.9,FALSE,0,0,0,"AICSTAN300_18",0.831068905104932,0.889414989180647,1,0.688888888888889,0.857142857142857,0.976744186046512
"856",18,50,100,50,5,0.5,0.5,1,0.5,0.5,3,FALSE,0.9,FALSE,0,0,0,"AICSTAN300_18",1.25135201647099,1.06079864759796,1,0.355555555555556,0.571428571428571,0.930232558139535
"857",18,50,100,50,5,0.5,0.5,1,0.5,0.5,3,FALSE,0.9,FALSE,0,0,0,"AICSTAN300_18",0.726956186433544,0.949041442316855,0.6,0.711111111111111,0.444444444444444,0.951219512195122
"858",18,50,100,50,5,0.5,0.5,1,0.5,0.5,3,FALSE,0.9,FALSE,0,0,0,"AICSTAN300_18",0.640932026707658,0.775342629792361,1,0.422222222222222,0.666666666666667,0.954545454545455
"859",18,50,100,50,5,0.5,0.5,1,0.5,0.5,3,FALSE,0.9,FALSE,0,0,0,"AICSTAN300_18",0.923859031730422,0.757727267694248,0.8,0.377777777777778,0.571428571428571,0.930232558139535
"860",18,50,100,50,5,0.5,0.5,1,0.5,0.5,3,FALSE,0.9,FALSE,0,0,0,"AICSTAN300_18",0.927511771395168,1.09669573801043,0.8,0.511111111111111,0.625,0.952380952380952
"861",18,50,100,50,5,0.5,0.5,1,0.5,0.5,3,FALSE,0.9,FALSE,0,0,0,"AICSTAN300_18",0.7223730977746,0.847783385604121,1,0.6,0.8,0.955555555555556
"862",18,50,100,50,5,0.5,0.5,1,0.5,0.5,3,FALSE,0.9,FALSE,0,0,0,"AICSTAN300_18",0.73074023088728,0.763993883094197,0.8,0.488888888888889,0.333333333333333,0.951219512195122
"863",18,50,100,50,5,0.5,0.5,1,0.5,0.5,3,FALSE,0.9,FALSE,0,0,0,"AICSTAN300_18",0.689711337720314,1.02107041456262,0.8,0.688888888888889,0.222222222222222,1
"864",18,50,100,50,5,0.5,0.5,1,0.5,0.5,3,FALSE,0.9,FALSE,0,0,0,"AICSTAN300_18",1.49676486041985,0.846180161537172,0.8,0.311111111111111,0.5,1
"865",18,50,100,50,5,0.5,0.5,1,0.5,0.5,3,FALSE,0.9,FALSE,0,0,0,"AICSTAN300_18",1.04513589167957,0.946605027856906,1,0.533333333333333,0.625,0.976190476190476
"866",18,50,100,50,5,0.5,0.5,1,0.5,0.5,3,FALSE,0.9,FALSE,0,0,0,"AICSTAN300_18",0.820446707883176,0.774358879054184,1,0.377777777777778,0.6,0.911111111111111
"867",18,50,100,50,5,0.5,0.5,1,0.5,0.5,3,FALSE,0.9,FALSE,0,0,0,"AICSTAN300_18",0.815946654813577,0.834751667286498,0.8,0.466666666666667,0.571428571428571,0.930232558139535
"868",18,50,100,50,5,0.5,0.5,1,0.5,0.5,3,FALSE,0.9,FALSE,0,0,0,"AICSTAN300_18",0.830891714154489,1.03405544134296,0.8,0.733333333333333,0.181818181818182,1
"869",18,50,100,50,5,0.5,0.5,1,0.5,0.5,3,FALSE,0.9,FALSE,0,0,0,"AICSTAN300_18",1.24110965617815,0.835636081652805,1,0.111111111111111,0.666666666666667,0.977272727272727
"870",18,50,100,50,5,0.5,0.5,1,0.5,0.5,3,FALSE,0.9,FALSE,0,0,0,"AICSTAN300_18",1.01333834114527,1.08555408856199,1,0.577777777777778,0.75,1
"871",18,50,100,50,5,0.5,0.5,1,0.5,0.5,3,FALSE,0.9,FALSE,0,0,0,"AICSTAN300_18",0.717705415769898,0.838335641253578,0.8,0.488888888888889,0.571428571428571,0.930232558139535
"872",18,50,100,50,5,0.5,0.5,1,0.5,0.5,3,FALSE,0.9,FALSE,0,0,0,"AICSTAN300_18",0.961720419366679,0.950704363503318,0.8,0.444444444444444,0.428571428571429,1
"873",18,50,100,50,5,0.5,0.5,1,0.5,0.5,3,FALSE,0.9,FALSE,0,0,0,"AICSTAN300_18",1.71094068167418,0.82112180385751,1,0.0666666666666667,0.375,0.952380952380952
"874",18,50,100,50,5,0.5,0.5,1,0.5,0.5,3,FALSE,0.9,FALSE,0,0,0,"AICSTAN300_18",0.780838131956135,0.92238419831257,1,0.577777777777778,0.571428571428571,1
"875",18,50,100,50,5,0.5,0.5,1,0.5,0.5,3,FALSE,0.9,FALSE,0,0,0,"AICSTAN300_18",0.998697995594937,0.967925482814352,1,0.444444444444444,0.6,0.933333333333333
"876",18,50,100,50,5,0.5,0.5,1,0.5,0.5,3,FALSE,0.9,FALSE,0,0,0,"AICSTAN300_18",0.948605029556582,0.932809029190963,1,0.6,0.285714285714286,0.953488372093023
"877",18,50,100,50,5,0.5,0.5,1,0.5,0.5,3,FALSE,0.9,FALSE,0,0,0,"AICSTAN300_18",0.850425772088551,1.00108278631986,1,0.466666666666667,0.4,1
"878",18,50,100,50,5,0.5,0.5,1,0.5,0.5,3,FALSE,0.9,FALSE,0,0,0,"AICSTAN300_18",0.716387840016091,0.859178184558166,1,0.266666666666667,0.857142857142857,0.930232558139535
"879",18,50,100,50,5,0.5,0.5,1,0.5,0.5,3,FALSE,0.9,FALSE,0,0,0,"AICSTAN300_18",0.687199924312974,0.903072841389748,1,0.8,1,1
"880",18,50,100,50,5,0.5,0.5,1,0.5,0.5,3,FALSE,0.9,FALSE,0,0,0,"AICSTAN300_18",0.709175525980895,0.87307453575584,1,0.622222222222222,0.625,0.952380952380952
"881",18,50,100,50,5,0.5,0.5,1,0.5,0.5,3,FALSE,0.9,FALSE,0,0,0,"AICSTAN300_18",1.17305657514222,0.837503140172229,1,0.288888888888889,0.625,0.976190476190476
"882",18,50,100,50,5,0.5,0.5,1,0.5,0.5,3,FALSE,0.9,FALSE,0,0,0,"AICSTAN300_18",1.06738288832808,1.01063359687634,0.8,0.422222222222222,0.363636363636364,0.974358974358974
"883",18,50,100,50,5,0.5,0.5,1,0.5,0.5,3,FALSE,0.9,FALSE,0,0,0,"AICSTAN300_18",1.14575145221006,0.932423038177179,1,0.333333333333333,0.666666666666667,1
"884",18,50,100,50,5,0.5,0.5,1,0.5,0.5,3,FALSE,0.9,FALSE,0,0,0,"AICSTAN300_18",0.847739676402938,0.946749599894329,0.8,0.688888888888889,0.444444444444444,0.975609756097561
"885",18,50,100,50,5,0.5,0.5,1,0.5,0.5,3,FALSE,0.9,FALSE,0,0,0,"AICSTAN300_18",1.17086297824664,0.782745403513672,1,0.377777777777778,0.666666666666667,1
"886",18,50,100,50,5,0.5,0.5,1,0.5,0.5,3,FALSE,0.9,FALSE,0,0,0,"AICSTAN300_18",1.06884460208897,1.00083690282893,1,0.488888888888889,0.555555555555556,0.975609756097561
"887",18,50,100,50,5,0.5,0.5,1,0.5,0.5,3,FALSE,0.9,FALSE,0,0,0,"AICSTAN300_18",1.03481230087717,0.934922025157084,1,0.333333333333333,0.571428571428571,0.953488372093023
"888",18,50,100,50,5,0.5,0.5,1,0.5,0.5,3,FALSE,0.9,FALSE,0,0,0,"AICSTAN300_18",0.735671538428153,0.833008522756923,0.8,0.644444444444444,0.666666666666667,0.954545454545455
"889",18,50,100,50,5,0.5,0.5,1,0.5,0.5,3,FALSE,0.9,FALSE,0,0,0,"AICSTAN300_18",0.836870138732797,0.798203999404878,1,0.377777777777778,0.5,1
"890",18,50,100,50,5,0.5,0.5,1,0.5,0.5,3,FALSE,0.9,FALSE,0,0,0,"AICSTAN300_18",0.857077092862184,0.918229171313585,1,0.511111111111111,0.375,0.976190476190476
"891",18,50,100,50,5,0.5,0.5,1,0.5,0.5,3,FALSE,0.9,FALSE,0,0,0,"AICSTAN300_18",1.03958900201598,0.929721330414529,1,0.511111111111111,0.444444444444444,1
"892",18,50,100,50,5,0.5,0.5,1,0.5,0.5,3,FALSE,0.9,FALSE,0,0,0,"AICSTAN300_18",1.04739796878815,1.07153471478462,1,0.577777777777778,0.375,0.880952380952381
"893",18,50,100,50,5,0.5,0.5,1,0.5,0.5,3,FALSE,0.9,FALSE,0,0,0,"AICSTAN300_18",0.77443089714751,0.864062305717538,1,0.6,0.666666666666667,0.931818181818182
"894",18,50,100,50,5,0.5,0.5,1,0.5,0.5,3,FALSE,0.9,FALSE,0,0,0,"AICSTAN300_18",0.763334693292575,0.907191283085775,0.8,0.688888888888889,0.666666666666667,0.886363636363636
"895",18,50,100,50,5,0.5,0.5,1,0.5,0.5,3,FALSE,0.9,FALSE,0,0,0,"AICSTAN300_18",0.961255406207042,1.05898273049845,1,0.6,0.857142857142857,0.883720930232558
"896",18,50,100,50,5,0.5,0.5,1,0.5,0.5,3,FALSE,0.9,FALSE,0,0,0,"AICSTAN300_18",0.733885773455673,0.880119331738342,0.8,0.444444444444444,0.666666666666667,0.977272727272727
"897",18,50,100,50,5,0.5,0.5,1,0.5,0.5,3,FALSE,0.9,FALSE,0,0,0,"AICSTAN300_18",0.803894869606409,0.888444176777026,0.8,0.533333333333333,0.428571428571429,0.976744186046512
"898",18,50,100,50,5,0.5,0.5,1,0.5,0.5,3,FALSE,0.9,FALSE,0,0,0,"AICSTAN300_18",1.05139313397169,0.891969861473007,0.6,0.666666666666667,0.375,0.952380952380952
"899",18,50,100,50,5,0.5,0.5,1,0.5,0.5,3,FALSE,0.9,FALSE,0,0,0,"AICSTAN300_18",0.764358990935684,0.873702565503258,0.6,0.6,0.5,0.954545454545455
"900",18,50,100,50,5,0.5,0.5,1,0.5,0.5,3,FALSE,0.9,FALSE,0,0,0,"AICSTAN300_18",0.655891790095739,0.875958187763393,1,0.711111111111111,0.5,0.904761904761905
"901",19,50,100,50,5,0.5,0.5,1,0.5,0.5,3,FALSE,0.1,FALSE,0,0,0,"AICSTAN300_19",0.745476037112612,0.942309842418817,1,0.288888888888889,0.888888888888889,0.951219512195122
"902",19,50,100,50,5,0.5,0.5,1,0.5,0.5,3,FALSE,0.1,FALSE,0,0,0,"AICSTAN300_19",0.698457746095871,0.988934747930608,1,0.688888888888889,0.555555555555556,1
"903",19,50,100,50,5,0.5,0.5,1,0.5,0.5,3,FALSE,0.1,FALSE,0,0,0,"AICSTAN300_19",0.703939527646166,0.842020458924279,1,0.577777777777778,0.666666666666667,0.853658536585366
"904",19,50,100,50,5,0.5,0.5,1,0.5,0.5,3,FALSE,0.1,FALSE,0,0,0,"AICSTAN300_19",0.903315732379668,0.884633475737748,1,0.444444444444444,0.833333333333333,0.931818181818182
"905",19,50,100,50,5,0.5,0.5,1,0.5,0.5,3,FALSE,0.1,FALSE,0,0,0,"AICSTAN300_19",0.948073437283508,0.957955769817771,1,0.333333333333333,0.714285714285714,0.930232558139535
"906",19,50,100,50,5,0.5,0.5,1,0.5,0.5,3,FALSE,0.1,FALSE,0,0,0,"AICSTAN300_19",1.01919062444146,1.03770309299056,1,0.488888888888889,0.571428571428571,1
"907",19,50,100,50,5,0.5,0.5,1,0.5,0.5,3,FALSE,0.1,FALSE,0,0,0,"AICSTAN300_19",1.21641676665349,0.981381619488334,1,0.488888888888889,1,0.977777777777778
"908",19,50,100,50,5,0.5,0.5,1,0.5,0.5,3,FALSE,0.1,FALSE,0,0,0,"AICSTAN300_19",0.694893207185191,0.79768546067509,1,0.511111111111111,0.777777777777778,0.951219512195122
"909",19,50,100,50,5,0.5,0.5,1,0.5,0.5,3,FALSE,0.1,FALSE,0,0,0,"AICSTAN300_19",0.798918494570805,0.822543501885811,1,0.511111111111111,1,0.976744186046512
"910",19,50,100,50,5,0.5,0.5,1,0.5,0.5,3,FALSE,0.1,FALSE,0,0,0,"AICSTAN300_19",0.784708580864995,0.992489344952194,1,0.777777777777778,0.714285714285714,0.976744186046512
"911",19,50,100,50,5,0.5,0.5,1,0.5,0.5,3,FALSE,0.1,FALSE,0,0,0,"AICSTAN300_19",1.05394910820153,0.997304265235213,1,0.466666666666667,1,0.955555555555556
"912",19,50,100,50,5,0.5,0.5,1,0.5,0.5,3,FALSE,0.1,FALSE,0,0,0,"AICSTAN300_19",0.808566610509763,0.862250129394502,1,0.666666666666667,0.625,1
"913",19,50,100,50,5,0.5,0.5,1,0.5,0.5,3,FALSE,0.1,FALSE,0,0,0,"AICSTAN300_19",0.716175923491205,1.04796176648242,1,0.711111111111111,0.5,1
"914",19,50,100,50,5,0.5,0.5,1,0.5,0.5,3,FALSE,0.1,FALSE,0,0,0,"AICSTAN300_19",0.84317186177205,0.978687727398458,1,0.666666666666667,0.75,0.928571428571429
"915",19,50,100,50,5,0.5,0.5,1,0.5,0.5,3,FALSE,0.1,FALSE,0,0,0,"AICSTAN300_19",0.962893009312647,0.981735190145228,1,0.488888888888889,1,0.863636363636364
"916",19,50,100,50,5,0.5,0.5,1,0.5,0.5,3,FALSE,0.1,FALSE,0,0,0,"AICSTAN300_19",0.918533548149413,0.87815858989091,1,0.444444444444444,0.714285714285714,0.976744186046512
"917",19,50,100,50,5,0.5,0.5,1,0.5,0.5,3,FALSE,0.1,FALSE,0,0,0,"AICSTAN300_19",1.5303542513843,0.874520718341723,1,0.155555555555556,0.625,0.976190476190476
"918",19,50,100,50,5,0.5,0.5,1,0.5,0.5,3,FALSE,0.1,FALSE,0,0,0,"AICSTAN300_19",1.26089790728634,1.01192037795615,1,0.222222222222222,0.833333333333333,0.977272727272727
"919",19,50,100,50,5,0.5,0.5,1,0.5,0.5,3,FALSE,0.1,FALSE,0,0,0,"AICSTAN300_19",0.795934807789471,1.03397713656285,1,0.8,0.666666666666667,1
"920",19,50,100,50,5,0.5,0.5,1,0.5,0.5,3,FALSE,0.1,FALSE,0,0,0,"AICSTAN300_19",0.924975100557165,0.890570411817308,1,0.0888888888888889,0.625,0.928571428571429
"921",19,50,100,50,5,0.5,0.5,1,0.5,0.5,3,FALSE,0.1,FALSE,0,0,0,"AICSTAN300_19",0.938694359895071,0.914636133396789,1,0.577777777777778,0.833333333333333,0.977272727272727
"922",19,50,100,50,5,0.5,0.5,1,0.5,0.5,3,FALSE,0.1,FALSE,0,0,0,"AICSTAN300_19",0.875759430228259,1.12329921239937,1,0.666666666666667,0.714285714285714,1
"923",19,50,100,50,5,0.5,0.5,1,0.5,0.5,3,FALSE,0.1,FALSE,0,0,0,"AICSTAN300_19",0.872984866521004,0.909028280886959,1,0.333333333333333,0.461538461538462,0.972972972972973
"924",19,50,100,50,5,0.5,0.5,1,0.5,0.5,3,FALSE,0.1,FALSE,0,0,0,"AICSTAN300_19",1.56446849154681,0.775722848901402,1,0.2,1,1
"925",19,50,100,50,5,0.5,0.5,1,0.5,0.5,3,FALSE,0.1,FALSE,0,0,0,"AICSTAN300_19",0.759951857708743,0.891274605427183,1,0.488888888888889,0.5,0.975
"926",19,50,100,50,5,0.5,0.5,1,0.5,0.5,3,FALSE,0.1,FALSE,0,0,0,"AICSTAN300_19",0.681186432901439,0.782047494894083,1,0.622222222222222,0.875,0.976190476190476
"927",19,50,100,50,5,0.5,0.5,1,0.5,0.5,3,FALSE,0.1,FALSE,0,0,0,"AICSTAN300_19",0.817772775305788,1.07396154747542,1,0.688888888888889,0.545454545454545,1
"928",19,50,100,50,5,0.5,0.5,1,0.5,0.5,3,FALSE,0.1,FALSE,0,0,0,"AICSTAN300_19",0.772456079932894,0.890093370873338,1,0.6,0.875,0.976190476190476
"929",19,50,100,50,5,0.5,0.5,1,0.5,0.5,3,FALSE,0.1,FALSE,0,0,0,"AICSTAN300_19",0.721743724459238,0.874285190966503,1,0.733333333333333,0.6,0.925
"930",19,50,100,50,5,0.5,0.5,1,0.5,0.5,3,FALSE,0.1,FALSE,0,0,0,"AICSTAN300_19",1.13693176620138,1.04212606091489,1,0.422222222222222,0.666666666666667,1
"931",19,50,100,50,5,0.5,0.5,1,0.5,0.5,3,FALSE,0.1,FALSE,0,0,0,"AICSTAN300_19",0.835206424877064,0.976578835157429,1,0.488888888888889,0.875,0.952380952380952
"932",19,50,100,50,5,0.5,0.5,1,0.5,0.5,3,FALSE,0.1,FALSE,0,0,0,"AICSTAN300_19",0.644430353801615,0.812636789189207,1,0.6,0.625,1
"933",19,50,100,50,5,0.5,0.5,1,0.5,0.5,3,FALSE,0.1,FALSE,0,0,0,"AICSTAN300_19",0.894376017328544,0.786361520672647,1,0.422222222222222,0.833333333333333,0.954545454545455
"934",19,50,100,50,5,0.5,0.5,1,0.5,0.5,3,FALSE,0.1,FALSE,0,0,0,"AICSTAN300_19",0.815710723384644,0.794134288427528,1,0.422222222222222,0.5,0.952380952380952
"935",19,50,100,50,5,0.5,0.5,1,0.5,0.5,3,FALSE,0.1,FALSE,0,0,0,"AICSTAN300_19",0.890678842415504,0.871479054473824,1,0.488888888888889,0.875,0.976190476190476
"936",19,50,100,50,5,0.5,0.5,1,0.5,0.5,3,FALSE,0.1,FALSE,0,0,0,"AICSTAN300_19",0.86282899236779,0.894134967134015,1,0.577777777777778,0.833333333333333,0.931818181818182
"937",19,50,100,50,5,0.5,0.5,1,0.5,0.5,3,FALSE,0.1,FALSE,0,0,0,"AICSTAN300_19",1.11036214396261,0.916201439055283,1,0.244444444444444,0.625,1
"938",19,50,100,50,5,0.5,0.5,1,0.5,0.5,3,FALSE,0.1,FALSE,0,0,0,"AICSTAN300_19",0.661211123369768,0.909829337805055,1,0.511111111111111,1,0.933333333333333
"939",19,50,100,50,5,0.5,0.5,1,0.5,0.5,3,FALSE,0.1,FALSE,0,0,0,"AICSTAN300_19",1.09379499935458,0.922900816459208,1,0.511111111111111,0.625,0.976190476190476
"940",19,50,100,50,5,0.5,0.5,1,0.5,0.5,3,FALSE,0.1,FALSE,0,0,0,"AICSTAN300_19",0.666813358625368,0.948108501474345,1,0.6,1,0.954545454545455
"941",19,50,100,50,5,0.5,0.5,1,0.5,0.5,3,FALSE,0.1,FALSE,0,0,0,"AICSTAN300_19",0.995577521638706,1.015194617159,1,0.555555555555556,0.666666666666667,1
"942",19,50,100,50,5,0.5,0.5,1,0.5,0.5,3,FALSE,0.1,FALSE,0,0,0,"AICSTAN300_19",0.831339034976355,1.00157060782619,1,0.688888888888889,0.714285714285714,0.953488372093023
"943",19,50,100,50,5,0.5,0.5,1,0.5,0.5,3,FALSE,0.1,FALSE,0,0,0,"AICSTAN300_19",1.07201205793349,0.88139695542508,1,0.444444444444444,0.666666666666667,0.926829268292683
"944",19,50,100,50,5,0.5,0.5,1,0.5,0.5,3,FALSE,0.1,FALSE,0,0,0,"AICSTAN300_19",0.716396506516902,0.970474665916652,1,0.666666666666667,0.833333333333333,1
"945",19,50,100,50,5,0.5,0.5,1,0.5,0.5,3,FALSE,0.1,FALSE,0,0,0,"AICSTAN300_19",0.975256509187496,0.987125764359711,1,0.488888888888889,1,0.953488372093023
"946",19,50,100,50,5,0.5,0.5,1,0.5,0.5,3,FALSE,0.1,FALSE,0,0,0,"AICSTAN300_19",0.797051169425537,0.818777421278615,1,0.177777777777778,0.625,0.904761904761905
"947",19,50,100,50,5,0.5,0.5,1,0.5,0.5,3,FALSE,0.1,FALSE,0,0,0,"AICSTAN300_19",1.56200138795007,1.01604698830449,1,0.311111111111111,0.375,1
"948",19,50,100,50,5,0.5,0.5,1,0.5,0.5,3,FALSE,0.1,FALSE,0,0,0,"AICSTAN300_19",1.44351583638917,0.984280237966683,1,0.355555555555556,0.625,1
"949",19,50,100,50,5,0.5,0.5,1,0.5,0.5,3,FALSE,0.1,FALSE,0,0,0,"AICSTAN300_19",1.06340636531578,0.862842784768749,1,0.333333333333333,1,0.86046511627907
"950",19,50,100,50,5,0.5,0.5,1,0.5,0.5,3,FALSE,0.1,FALSE,0,0,0,"AICSTAN300_19",1.28151972223025,0.926759700024825,1,0.2,0.857142857142857,1
"951",20,50,100,50,5,0.5,0.5,1,0.5,0.5,3,FALSE,0.5,FALSE,0,0,0,"AICSTAN300_20",1.03104583092564,0.834758941465649,1,0.444444444444444,0.714285714285714,0.953488372093023
"952",20,50,100,50,5,0.5,0.5,1,0.5,0.5,3,FALSE,0.5,FALSE,0,0,0,"AICSTAN300_20",0.986783829509417,0.915598666935246,1,0.4,0.636363636363636,0.897435897435897
"953",20,50,100,50,5,0.5,0.5,1,0.5,0.5,3,FALSE,0.5,FALSE,0,0,0,"AICSTAN300_20",0.832935091945105,0.84111238386063,1,0.666666666666667,1,0.931818181818182
"954",20,50,100,50,5,0.5,0.5,1,0.5,0.5,3,FALSE,0.5,FALSE,0,0,0,"AICSTAN300_20",0.930774640224757,0.791335948529904,1,0.311111111111111,1,0.955555555555556
"955",20,50,100,50,5,0.5,0.5,1,0.5,0.5,3,FALSE,0.5,FALSE,0,0,0,"AICSTAN300_20",1.05357797845047,1.01041233754701,1,0.333333333333333,0.833333333333333,0.977272727272727
"956",20,50,100,50,5,0.5,0.5,1,0.5,0.5,3,FALSE,0.5,FALSE,0,0,0,"AICSTAN300_20",0.900488486692824,0.963059020460675,1,0.622222222222222,0.625,0.976190476190476
"957",20,50,100,50,5,0.5,0.5,1,0.5,0.5,3,FALSE,0.5,FALSE,0,0,0,"AICSTAN300_20",0.853252880017601,0.900349640100428,1,0.577777777777778,0.714285714285714,1
"958",20,50,100,50,5,0.5,0.5,1,0.5,0.5,3,FALSE,0.5,FALSE,0,0,0,"AICSTAN300_20",0.9662556872415,0.90580882437949,1,0.555555555555556,0.833333333333333,0.977272727272727
"959",20,50,100,50,5,0.5,0.5,1,0.5,0.5,3,FALSE,0.5,FALSE,0,0,0,"AICSTAN300_20",0.844156067294947,0.972872801505299,1,0.822222222222222,0.555555555555556,1
"960",20,50,100,50,5,0.5,0.5,1,0.5,0.5,3,FALSE,0.5,FALSE,0,0,0,"AICSTAN300_20",0.90217551700775,0.836004138495511,1,0.444444444444444,0.5,0.975
"961",20,50,100,50,5,0.5,0.5,1,0.5,0.5,3,FALSE,0.5,FALSE,0,0,0,"AICSTAN300_20",0.800953723196621,0.927912560177445,1,0.533333333333333,0.333333333333333,0.975609756097561
"962",20,50,100,50,5,0.5,0.5,1,0.5,0.5,3,FALSE,0.5,FALSE,0,0,0,"AICSTAN300_20",0.834772019661517,1.02540062095064,1,0.511111111111111,0.375,0.976190476190476
"963",20,50,100,50,5,0.5,0.5,1,0.5,0.5,3,FALSE,0.5,FALSE,0,0,0,"AICSTAN300_20",0.718115044519981,0.883296733694345,1,0.533333333333333,0.833333333333333,0.954545454545455
"964",20,50,100,50,5,0.5,0.5,1,0.5,0.5,3,FALSE,0.5,FALSE,0,0,0,"AICSTAN300_20",1.14570329294345,0.882533787153158,0.8,0.222222222222222,0.625,0.952380952380952
"965",20,50,100,50,5,0.5,0.5,1,0.5,0.5,3,FALSE,0.5,FALSE,0,0,0,"AICSTAN300_20",0.649875325386885,0.803637825392661,1,0.511111111111111,1,1
"966",20,50,100,50,5,0.5,0.5,1,0.5,0.5,3,FALSE,0.5,FALSE,0,0,0,"AICSTAN300_20",0.876013999067174,0.986848571157285,0.8,0.666666666666667,0.625,0.976190476190476
"967",20,50,100,50,5,0.5,0.5,1,0.5,0.5,3,FALSE,0.5,FALSE,0,0,0,"AICSTAN300_20",0.781474869527434,0.867282013094133,1,0.622222222222222,0.714285714285714,1
"968",20,50,100,50,5,0.5,0.5,1,0.5,0.5,3,FALSE,0.5,FALSE,0,0,0,"AICSTAN300_20",0.783718991776932,0.920752964877342,1,0.377777777777778,0.625,0.952380952380952
"969",20,50,100,50,5,0.5,0.5,1,0.5,0.5,3,FALSE,0.5,FALSE,0,0,0,"AICSTAN300_20",0.808776066337343,0.952730611084823,1,0.666666666666667,0.5,1
"970",20,50,100,50,5,0.5,0.5,1,0.5,0.5,3,FALSE,0.5,FALSE,0,0,0,"AICSTAN300_20",0.708194419480747,0.785698311917551,1,0.422222222222222,1,0.886363636363636
"971",20,50,100,50,5,0.5,0.5,1,0.5,0.5,3,FALSE,0.5,FALSE,0,0,0,"AICSTAN300_20",0.719154537240495,1.07563179443557,1,0.644444444444444,0.625,1
"972",20,50,100,50,5,0.5,0.5,1,0.5,0.5,3,FALSE,0.5,FALSE,0,0,0,"AICSTAN300_20",1.03802675399614,1.05206465977653,1,0.6,0.625,0.976190476190476
"973",20,50,100,50,5,0.5,0.5,1,0.5,0.5,3,FALSE,0.5,FALSE,0,0,0,"AICSTAN300_20",0.864802045982141,0.942515571016917,1,0.755555555555556,0.625,0.976190476190476
"974",20,50,100,50,5,0.5,0.5,1,0.5,0.5,3,FALSE,0.5,FALSE,0,0,0,"AICSTAN300_20",0.88457338566502,0.984590367440644,1,0.644444444444444,0.5,0.95
"975",20,50,100,50,5,0.5,0.5,1,0.5,0.5,3,FALSE,0.5,FALSE,0,0,0,"AICSTAN300_20",0.982634971950705,0.832580523291779,1,0.333333333333333,0.666666666666667,1
"976",20,50,100,50,5,0.5,0.5,1,0.5,0.5,3,FALSE,0.5,FALSE,0,0,0,"AICSTAN300_20",0.906717474740164,0.892269951106832,1,0.511111111111111,0.571428571428571,1
"977",20,50,100,50,5,0.5,0.5,1,0.5,0.5,3,FALSE,0.5,FALSE,0,0,0,"AICSTAN300_20",1.0335946487468,0.826738872483781,1,0.155555555555556,1,0.953488372093023
"978",20,50,100,50,5,0.5,0.5,1,0.5,0.5,3,FALSE,0.5,FALSE,0,0,0,"AICSTAN300_20",0.820505348443943,0.921383383781357,1,0.622222222222222,0.714285714285714,1
"979",20,50,100,50,5,0.5,0.5,1,0.5,0.5,3,FALSE,0.5,FALSE,0,0,0,"AICSTAN300_20",0.883405192045012,0.871301203174688,1,0.644444444444444,0.875,0.976190476190476
"980",20,50,100,50,5,0.5,0.5,1,0.5,0.5,3,FALSE,0.5,FALSE,0,0,0,"AICSTAN300_20",1.01339249815531,1.0101825889752,1,0.444444444444444,0.571428571428571,1
"981",20,50,100,50,5,0.5,0.5,1,0.5,0.5,3,FALSE,0.5,FALSE,0,0,0,"AICSTAN300_20",1.19255021241164,1.07709293543311,1,0.377777777777778,0.833333333333333,0.954545454545455
"982",20,50,100,50,5,0.5,0.5,1,0.5,0.5,3,FALSE,0.5,FALSE,0,0,0,"AICSTAN300_20",1.18305040082469,0.973396716743138,1,0.533333333333333,0.833333333333333,0.977272727272727
"983",20,50,100,50,5,0.5,0.5,1,0.5,0.5,3,FALSE,0.5,FALSE,0,0,0,"AICSTAN300_20",1.23384324180538,0.901303363915783,1,0.244444444444444,0.444444444444444,0.951219512195122
"984",20,50,100,50,5,0.5,0.5,1,0.5,0.5,3,FALSE,0.5,FALSE,0,0,0,"AICSTAN300_20",0.943998784198981,0.894098698761999,1,0.6,0.714285714285714,1
"985",20,50,100,50,5,0.5,0.5,1,0.5,0.5,3,FALSE,0.5,FALSE,0,0,0,"AICSTAN300_20",0.765519496001653,0.889746592741958,1,0.755555555555556,1,1
"986",20,50,100,50,5,0.5,0.5,1,0.5,0.5,3,FALSE,0.5,FALSE,0,0,0,"AICSTAN300_20",0.671099025999978,0.918279714357695,1,0.555555555555556,1,0.977272727272727
"987",20,50,100,50,5,0.5,0.5,1,0.5,0.5,3,FALSE,0.5,FALSE,0,0,0,"AICSTAN300_20",0.753009186200582,0.834888161339778,1,0.244444444444444,0.8,0.911111111111111
"988",20,50,100,50,5,0.5,0.5,1,0.5,0.5,3,FALSE,0.5,FALSE,0,0,0,"AICSTAN300_20",0.610081082659849,0.844529235689166,1,0.733333333333333,0.5,1
"989",20,50,100,50,5,0.5,0.5,1,0.5,0.5,3,FALSE,0.5,FALSE,0,0,0,"AICSTAN300_20",0.875092412225869,0.898768179134785,1,0.711111111111111,0.714285714285714,0.976744186046512
"990",20,50,100,50,5,0.5,0.5,1,0.5,0.5,3,FALSE,0.5,FALSE,0,0,0,"AICSTAN300_20",0.809273286748673,0.806694671534491,1,0.6,1,0.955555555555556
"991",20,50,100,50,5,0.5,0.5,1,0.5,0.5,3,FALSE,0.5,FALSE,0,0,0,"AICSTAN300_20",1.12539187432527,1.06168412968245,1,0.422222222222222,0.833333333333333,1
"992",20,50,100,50,5,0.5,0.5,1,0.5,0.5,3,FALSE,0.5,FALSE,0,0,0,"AICSTAN300_20",0.815219097102824,0.860155618211637,1,0.644444444444444,1,0.977777777777778
"993",20,50,100,50,5,0.5,0.5,1,0.5,0.5,3,FALSE,0.5,FALSE,0,0,0,"AICSTAN300_20",0.853397911846477,1.11224541147308,1,0.6,0.714285714285714,0.906976744186046
"994",20,50,100,50,5,0.5,0.5,1,0.5,0.5,3,FALSE,0.5,FALSE,0,0,0,"AICSTAN300_20",1.30374122535132,1.03824249179375,1,0.288888888888889,0.714285714285714,0.976744186046512
"995",20,50,100,50,5,0.5,0.5,1,0.5,0.5,3,FALSE,0.5,FALSE,0,0,0,"AICSTAN300_20",1.02832618492341,0.925164287123865,1,0.333333333333333,0.714285714285714,0.976744186046512
"996",20,50,100,50,5,0.5,0.5,1,0.5,0.5,3,FALSE,0.5,FALSE,0,0,0,"AICSTAN300_20",0.64867784553421,0.918911836312721,1,0.622222222222222,0.833333333333333,0.954545454545455
"997",20,50,100,50,5,0.5,0.5,1,0.5,0.5,3,FALSE,0.5,FALSE,0,0,0,"AICSTAN300_20",0.577631831304988,0.767533010462524,1,0.8,0.555555555555556,1
"998",20,50,100,50,5,0.5,0.5,1,0.5,0.5,3,FALSE,0.5,FALSE,0,0,0,"AICSTAN300_20",1.42505565640718,0.992011176672123,1,0.288888888888889,1,0.954545454545455
"999",20,50,100,50,5,0.5,0.5,1,0.5,0.5,3,FALSE,0.5,FALSE,0,0,0,"AICSTAN300_20",0.782720297381866,0.938027326195979,1,0.622222222222222,0.714285714285714,0.976744186046512
"1000",20,50,100,50,5,0.5,0.5,1,0.5,0.5,3,FALSE,0.5,FALSE,0,0,0,"AICSTAN300_20",1.87466000580209,0.836452781865314,1,0.155555555555556,0.428571428571429,1
"1001",21,50,100,50,5,0.5,0.5,1,0.5,0.5,3,FALSE,0.9,FALSE,0,0,0,"AICSTAN300_21",0.672873626809216,0.925049607238221,0.8,0.6,0.571428571428571,0.930232558139535
"1002",21,50,100,50,5,0.5,0.5,1,0.5,0.5,3,FALSE,0.9,FALSE,0,0,0,"AICSTAN300_21",1.0541286633796,0.950407828060275,0.8,0.444444444444444,0.555555555555556,0.975609756097561
"1003",21,50,100,50,5,0.5,0.5,1,0.5,0.5,3,FALSE,0.9,FALSE,0,0,0,"AICSTAN300_21",0.900206217966905,0.872283844162441,1,0.533333333333333,0.6,1
"1004",21,50,100,50,5,0.5,0.5,1,0.5,0.5,3,FALSE,0.9,FALSE,0,0,0,"AICSTAN300_21",1.05093988403294,0.990724746909683,0.8,0.422222222222222,0.375,0.976190476190476
"1005",21,50,100,50,5,0.5,0.5,1,0.5,0.5,3,FALSE,0.9,FALSE,0,0,0,"AICSTAN300_21",1.10544041193236,0.922712528652615,1,0.111111111111111,0.428571428571429,0.906976744186046
"1006",21,50,100,50,5,0.5,0.5,1,0.5,0.5,3,FALSE,0.9,FALSE,0,0,0,"AICSTAN300_21",1.25698994809052,0.969875796722692,1,0.133333333333333,0.125,1
"1007",21,50,100,50,5,0.5,0.5,1,0.5,0.5,3,FALSE,0.9,FALSE,0,0,0,"AICSTAN300_21",0.693352625409047,0.874055425124736,1,0.755555555555556,0.5,0.976190476190476
"1008",21,50,100,50,5,0.5,0.5,1,0.5,0.5,3,FALSE,0.9,FALSE,0,0,0,"AICSTAN300_21",0.794040378747693,0.908173894435087,1,0.711111111111111,0.5,1
"1009",21,50,100,50,5,0.5,0.5,1,0.5,0.5,3,FALSE,0.9,FALSE,0,0,0,"AICSTAN300_21",0.860092644569462,0.901574781880239,1,0.6,0.555555555555556,1
"1010",21,50,100,50,5,0.5,0.5,1,0.5,0.5,3,FALSE,0.9,FALSE,0,0,0,"AICSTAN300_21",0.86886356121723,0.923172048834176,1,0.555555555555556,0.714285714285714,0.976744186046512
"1011",21,50,100,50,5,0.5,0.5,1,0.5,0.5,3,FALSE,0.9,FALSE,0,0,0,"AICSTAN300_21",0.637205898053183,0.894218647125048,0.8,0.711111111111111,0.375,1
"1012",21,50,100,50,5,0.5,0.5,1,0.5,0.5,3,FALSE,0.9,FALSE,0,0,0,"AICSTAN300_21",1.11212043761342,0.804306590300069,1,0.266666666666667,0.5,0.952380952380952
"1013",21,50,100,50,5,0.5,0.5,1,0.5,0.5,3,FALSE,0.9,FALSE,0,0,0,"AICSTAN300_21",0.670961709595004,0.954694053185832,0.8,0.711111111111111,0.5,0.952380952380952
"1014",21,50,100,50,5,0.5,0.5,1,0.5,0.5,3,FALSE,0.9,FALSE,0,0,0,"AICSTAN300_21",0.785149309132125,0.891950106158424,0.6,0.688888888888889,0.428571428571429,1
"1015",21,50,100,50,5,0.5,0.5,1,0.5,0.5,3,FALSE,0.9,FALSE,0,0,0,"AICSTAN300_21",1.08340629663562,0.957720626030902,1,0.311111111111111,0.4,1
"1016",21,50,100,50,5,0.5,0.5,1,0.5,0.5,3,FALSE,0.9,FALSE,0,0,0,"AICSTAN300_21",1.26976497403623,1.04753042846809,1,0.133333333333333,0.714285714285714,0.883720930232558
"1017",21,50,100,50,5,0.5,0.5,1,0.5,0.5,3,FALSE,0.9,FALSE,0,0,0,"AICSTAN300_21",0.691148287716396,0.796371950159276,1,0.488888888888889,0.5,0.880952380952381
"1018",21,50,100,50,5,0.5,0.5,1,0.5,0.5,3,FALSE,0.9,FALSE,0,0,0,"AICSTAN300_21",0.82748814180701,0.775826779778107,0.8,0.488888888888889,0.714285714285714,0.883720930232558
"1019",21,50,100,50,5,0.5,0.5,1,0.5,0.5,3,FALSE,0.9,FALSE,0,0,0,"AICSTAN300_21",0.659972761448929,0.83938378097596,0.6,0.733333333333333,0.25,1
"1020",21,50,100,50,5,0.5,0.5,1,0.5,0.5,3,FALSE,0.9,FALSE,0,0,0,"AICSTAN300_21",1.10606099001237,1.13356600127182,0.8,0.577777777777778,0.375,1
"1021",21,50,100,50,5,0.5,0.5,1,0.5,0.5,3,FALSE,0.9,FALSE,0,0,0,"AICSTAN300_21",0.988335706435904,0.974862310757624,1,0.666666666666667,0.428571428571429,0.953488372093023
"1022",21,50,100,50,5,0.5,0.5,1,0.5,0.5,3,FALSE,0.9,FALSE,0,0,0,"AICSTAN300_21",0.98607690799424,0.928346143410353,0.6,0.733333333333333,0.6,1
"1023",21,50,100,50,5,0.5,0.5,1,0.5,0.5,3,FALSE,0.9,FALSE,0,0,0,"AICSTAN300_21",0.694166223780029,0.768810258247218,0.8,0.711111111111111,0.333333333333333,1
"1024",21,50,100,50,5,0.5,0.5,1,0.5,0.5,3,FALSE,0.9,FALSE,0,0,0,"AICSTAN300_21",0.768088240592546,0.901255487163522,1,0.666666666666667,0.333333333333333,1
"1025",21,50,100,50,5,0.5,0.5,1,0.5,0.5,3,FALSE,0.9,FALSE,0,0,0,"AICSTAN300_21",0.963100083902337,0.948583404806188,1,0.377777777777778,0.166666666666667,1
"1026",21,50,100,50,5,0.5,0.5,1,0.5,0.5,3,FALSE,0.9,FALSE,0,0,0,"AICSTAN300_21",0.842239071294631,0.90258422423954,1,0.577777777777778,0.833333333333333,0.977272727272727
"1027",21,50,100,50,5,0.5,0.5,1,0.5,0.5,3,FALSE,0.9,FALSE,0,0,0,"AICSTAN300_21",1.03902675292836,0.96697721452883,0.8,0.577777777777778,0.333333333333333,0.951219512195122
"1028",21,50,100,50,5,0.5,0.5,1,0.5,0.5,3,FALSE,0.9,FALSE,0,0,0,"AICSTAN300_21",1.29189659361469,0.939236727393048,1,0.266666666666667,0.444444444444444,1
"1029",21,50,100,50,5,0.5,0.5,1,0.5,0.5,3,FALSE,0.9,FALSE,0,0,0,"AICSTAN300_21",1.00105681361516,0.89887649663874,1,0.488888888888889,0.5,0.975
"1030",21,50,100,50,5,0.5,0.5,1,0.5,0.5,3,FALSE,0.9,FALSE,0,0,0,"AICSTAN300_21",1.00944668374542,1.05206927317535,0.8,0.466666666666667,0.5,1
"1031",21,50,100,50,5,0.5,0.5,1,0.5,0.5,3,FALSE,0.9,FALSE,0,0,0,"AICSTAN300_21",1.12288227336596,1.00884529498226,1,0.4,0.777777777777778,0.829268292682927
"1032",21,50,100,50,5,0.5,0.5,1,0.5,0.5,3,FALSE,0.9,FALSE,0,0,0,"AICSTAN300_21",0.973701620754877,1.13549879229455,0.4,0.222222222222222,0.142857142857143,1
"1033",21,50,100,50,5,0.5,0.5,1,0.5,0.5,3,FALSE,0.9,FALSE,0,0,0,"AICSTAN300_21",0.907000431865452,0.946061478140704,0.8,0.511111111111111,0.444444444444444,0.975609756097561
"1034",21,50,100,50,5,0.5,0.5,1,0.5,0.5,3,FALSE,0.9,FALSE,0,0,0,"AICSTAN300_21",0.80171033804005,0.867926022541745,0.8,0.666666666666667,0.571428571428571,0.976744186046512
"1035",21,50,100,50,5,0.5,0.5,1,0.5,0.5,3,FALSE,0.9,FALSE,0,0,0,"AICSTAN300_21",0.93166682993397,1.00263991026442,0.8,0.444444444444444,0.666666666666667,0.878048780487805
"1036",21,50,100,50,5,0.5,0.5,1,0.5,0.5,3,FALSE,0.9,FALSE,0,0,0,"AICSTAN300_21",1.07678070585544,0.924863906747396,0.8,0.422222222222222,0.333333333333333,0.951219512195122
"1037",21,50,100,50,5,0.5,0.5,1,0.5,0.5,3,FALSE,0.9,FALSE,0,0,0,"AICSTAN300_21",1.07303375826831,1.00113681485884,0.8,0.6,0.375,0.928571428571429
"1038",21,50,100,50,5,0.5,0.5,1,0.5,0.5,3,FALSE,0.9,FALSE,0,0,0,"AICSTAN300_21",0.66743730084098,0.75353387643191,0.8,0.733333333333333,0.571428571428571,0.953488372093023
"1039",21,50,100,50,5,0.5,0.5,1,0.5,0.5,3,FALSE,0.9,FALSE,0,0,0,"AICSTAN300_21",1.79388299616981,0.8173534373444,1,0.155555555555556,0.833333333333333,0.954545454545455
"1040",21,50,100,50,5,0.5,0.5,1,0.5,0.5,3,FALSE,0.9,FALSE,0,0,0,"AICSTAN300_21",0.912985833470838,0.911847428149964,1,0.333333333333333,0.333333333333333,0.954545454545455
"1041",21,50,100,50,5,0.5,0.5,1,0.5,0.5,3,FALSE,0.9,FALSE,0,0,0,"AICSTAN300_21",0.903136910631966,0.902628829938784,1,0.422222222222222,0.571428571428571,0.906976744186046
"1042",21,50,100,50,5,0.5,0.5,1,0.5,0.5,3,FALSE,0.9,FALSE,0,0,0,"AICSTAN300_21",0.896962437184265,0.948379289531076,1,0.355555555555556,0.571428571428571,0.930232558139535
"1043",21,50,100,50,5,0.5,0.5,1,0.5,0.5,3,FALSE,0.9,FALSE,0,0,0,"AICSTAN300_21",1.28675361790113,1.0246977271064,1,0.266666666666667,0.571428571428571,1
"1044",21,50,100,50,5,0.5,0.5,1,0.5,0.5,3,FALSE,0.9,FALSE,0,0,0,"AICSTAN300_21",0.613069464946131,0.860424686521194,0.8,0.755555555555556,0.375,1
"1045",21,50,100,50,5,0.5,0.5,1,0.5,0.5,3,FALSE,0.9,FALSE,0,0,0,"AICSTAN300_21",0.626290798013643,0.840770854024403,0.8,0.355555555555556,0.625,0.952380952380952
"1046",21,50,100,50,5,0.5,0.5,1,0.5,0.5,3,FALSE,0.9,FALSE,0,0,0,"AICSTAN300_21",0.864072217873586,0.947556825506388,0.8,0.688888888888889,0.375,0.976190476190476
"1047",21,50,100,50,5,0.5,0.5,1,0.5,0.5,3,FALSE,0.9,FALSE,0,0,0,"AICSTAN300_21",0.669394700432575,0.891001008715317,0.8,0.666666666666667,0.666666666666667,0.954545454545455
"1048",21,50,100,50,5,0.5,0.5,1,0.5,0.5,3,FALSE,0.9,FALSE,0,0,0,"AICSTAN300_21",0.65538094489691,0.934632193110444,0.8,0.688888888888889,0.5,0.977272727272727
"1049",21,50,100,50,5,0.5,0.5,1,0.5,0.5,3,FALSE,0.9,FALSE,0,0,0,"AICSTAN300_21",0.857822052974779,0.917222419947573,0.8,0.533333333333333,0.444444444444444,1
"1050",21,50,100,50,5,0.5,0.5,1,0.5,0.5,3,FALSE,0.9,FALSE,0,0,0,"AICSTAN300_21",0.988378534552176,0.884379846326046,1,0.244444444444444,0.5,0.952380952380952
"1051",22,50,100,50,5,0.5,0.5,1,0.5,0.5,3,FALSE,0.1,FALSE,0,0,0,"AICSTAN300_22",1.19453964275729,0.930857284514387,1,0.288888888888889,0.714285714285714,0.930232558139535
"1052",22,50,100,50,5,0.5,0.5,1,0.5,0.5,3,FALSE,0.1,FALSE,0,0,0,"AICSTAN300_22",0.909132131612165,0.925168421770911,1,0.533333333333333,0.636363636363636,0.923076923076923
"1053",22,50,100,50,5,0.5,0.5,1,0.5,0.5,3,FALSE,0.1,FALSE,0,0,0,"AICSTAN300_22",0.981393059883411,0.915288445352491,1,0.6,0.857142857142857,0.976744186046512
"1054",22,50,100,50,5,0.5,0.5,1,0.5,0.5,3,FALSE,0.1,FALSE,0,0,0,"AICSTAN300_22",0.718768300814254,0.882236572459978,1,0.644444444444444,0.777777777777778,0.951219512195122
"1055",22,50,100,50,5,0.5,0.5,1,0.5,0.5,3,FALSE,0.1,FALSE,0,0,0,"AICSTAN300_22",0.656662627913457,0.852861875457139,1,0.688888888888889,0.875,1
"1056",22,50,100,50,5,0.5,0.5,1,0.5,0.5,3,FALSE,0.1,FALSE,0,0,0,"AICSTAN300_22",0.946994785280712,0.978350074597745,1,0.333333333333333,0.538461538461538,0.972972972972973
"1057",22,50,100,50,5,0.5,0.5,1,0.5,0.5,3,FALSE,0.1,FALSE,0,0,0,"AICSTAN300_22",0.896610423034901,0.928499050304782,1,0.6,0.666666666666667,0.975609756097561
"1058",22,50,100,50,5,0.5,0.5,1,0.5,0.5,3,FALSE,0.1,FALSE,0,0,0,"AICSTAN300_22",0.689938456552195,0.926779442299777,1,0.666666666666667,0.714285714285714,0.976744186046512
"1059",22,50,100,50,5,0.5,0.5,1,0.5,0.5,3,FALSE,0.1,FALSE,0,0,0,"AICSTAN300_22",0.856156308908834,0.905188335001831,1,0.244444444444444,0.777777777777778,0.902439024390244
"1060",22,50,100,50,5,0.5,0.5,1,0.5,0.5,3,FALSE,0.1,FALSE,0,0,0,"AICSTAN300_22",0.753157432266776,0.862262904149611,1,0.466666666666667,0.666666666666667,0.902439024390244
"1061",22,50,100,50,5,0.5,0.5,1,0.5,0.5,3,FALSE,0.1,FALSE,0,0,0,"AICSTAN300_22",0.591522122361725,0.81628334613214,1,0.733333333333333,0.625,0.976190476190476
"1062",22,50,100,50,5,0.5,0.5,1,0.5,0.5,3,FALSE,0.1,FALSE,0,0,0,"AICSTAN300_22",0.826206731119513,0.945716986094938,1,0.733333333333333,0.5,0.925
"1063",22,50,100,50,5,0.5,0.5,1,0.5,0.5,3,FALSE,0.1,FALSE,0,0,0,"AICSTAN300_22",1.03777683442986,0.954833208548706,1,0.466666666666667,0.833333333333333,0.886363636363636
"1064",22,50,100,50,5,0.5,0.5,1,0.5,0.5,3,FALSE,0.1,FALSE,0,0,0,"AICSTAN300_22",1.34137066479854,0.983495538585329,1,0.311111111111111,0.857142857142857,0.976744186046512
"1065",22,50,100,50,5,0.5,0.5,1,0.5,0.5,3,FALSE,0.1,FALSE,0,0,0,"AICSTAN300_22",0.837167617025081,0.938549162728969,1,0.577777777777778,0.8,0.911111111111111
"1066",22,50,100,50,5,0.5,0.5,1,0.5,0.5,3,FALSE,0.1,FALSE,0,0,0,"AICSTAN300_22",1.03489664889444,1.00932713581908,1,0.644444444444444,0.857142857142857,1
"1067",22,50,100,50,5,0.5,0.5,1,0.5,0.5,3,FALSE,0.1,FALSE,0,0,0,"AICSTAN300_22",1.17383031696903,0.765033839532485,1,0.288888888888889,0.857142857142857,0.953488372093023
"1068",22,50,100,50,5,0.5,0.5,1,0.5,0.5,3,FALSE,0.1,FALSE,0,0,0,"AICSTAN300_22",1.14806980527021,0.92534604091431,1,0.177777777777778,0.75,1
"1069",22,50,100,50,5,0.5,0.5,1,0.5,0.5,3,FALSE,0.1,FALSE,0,0,0,"AICSTAN300_22",0.705595892377392,0.811193711702591,1,0.466666666666667,0.833333333333333,0.863636363636364
"1070",22,50,100,50,5,0.5,0.5,1,0.5,0.5,3,FALSE,0.1,FALSE,0,0,0,"AICSTAN300_22",0.790005766130942,0.957982067813114,1,0.644444444444444,0.833333333333333,0.977272727272727
"1071",22,50,100,50,5,0.5,0.5,1,0.5,0.5,3,FALSE,0.1,FALSE,0,0,0,"AICSTAN300_22",1.15455759554152,1.05774475963421,1,0.333333333333333,0.5,1
"1072",22,50,100,50,5,0.5,0.5,1,0.5,0.5,3,FALSE,0.1,FALSE,0,0,0,"AICSTAN300_22",0.873035065168883,0.994219428023975,1,0.4,0.714285714285714,0.976744186046512
"1073",22,50,100,50,5,0.5,0.5,1,0.5,0.5,3,FALSE,0.1,FALSE,0,0,0,"AICSTAN300_22",0.830951392616337,0.782003806458607,1,0.555555555555556,0.833333333333333,1
"1074",22,50,100,50,5,0.5,0.5,1,0.5,0.5,3,FALSE,0.1,FALSE,0,0,0,"AICSTAN300_22",0.736448524697619,1.02420722022372,1,0.777777777777778,0.666666666666667,0.975609756097561
"1075",22,50,100,50,5,0.5,0.5,1,0.5,0.5,3,FALSE,0.1,FALSE,0,0,0,"AICSTAN300_22",0.891500231556177,0.986824334721126,1,0.533333333333333,0.714285714285714,1
"1076",22,50,100,50,5,0.5,0.5,1,0.5,0.5,3,FALSE,0.1,FALSE,0,0,0,"AICSTAN300_22",1.01694145440514,0.878346349416095,1,0.222222222222222,0.571428571428571,0.976744186046512
"1077",22,50,100,50,5,0.5,0.5,1,0.5,0.5,3,FALSE,0.1,FALSE,0,0,0,"AICSTAN300_22",1.02217899614238,0.898058039435086,1,0.333333333333333,0.625,0.928571428571429
"1078",22,50,100,50,5,0.5,0.5,1,0.5,0.5,3,FALSE,0.1,FALSE,0,0,0,"AICSTAN300_22",0.684459196297674,0.861171515084256,1,0.711111111111111,0.857142857142857,0.976744186046512
"1079",22,50,100,50,5,0.5,0.5,1,0.5,0.5,3,FALSE,0.1,FALSE,0,0,0,"AICSTAN300_22",0.941906650191793,0.774004112171965,1,0.4,1,0.933333333333333
"1080",22,50,100,50,5,0.5,0.5,1,0.5,0.5,3,FALSE,0.1,FALSE,0,0,0,"AICSTAN300_22",0.746654478881778,0.995139462826347,1,0.644444444444444,1,0.911111111111111
"1081",22,50,100,50,5,0.5,0.5,1,0.5,0.5,3,FALSE,0.1,FALSE,0,0,0,"AICSTAN300_22",0.821523342830006,1.06147525809393,1,0.6,0.833333333333333,0.954545454545455
"1082",22,50,100,50,5,0.5,0.5,1,0.5,0.5,3,FALSE,0.1,FALSE,0,0,0,"AICSTAN300_22",0.777287673896372,0.964018725631633,1,0.4,0.75,0.952380952380952
"1083",22,50,100,50,5,0.5,0.5,1,0.5,0.5,3,FALSE,0.1,FALSE,0,0,0,"AICSTAN300_22",0.737192026055355,0.916595123942925,0.8,0.755555555555556,0.8,1
"1084",22,50,100,50,5,0.5,0.5,1,0.5,0.5,3,FALSE,0.1,FALSE,0,0,0,"AICSTAN300_22",0.722876112429516,0.852986131579179,1,0.555555555555556,0.75,1
"1085",22,50,100,50,5,0.5,0.5,1,0.5,0.5,3,FALSE,0.1,FALSE,0,0,0,"AICSTAN300_22",0.741033506529739,0.926247342197667,1,0.644444444444444,0.714285714285714,0.976744186046512
"1086",22,50,100,50,5,0.5,0.5,1,0.5,0.5,3,FALSE,0.1,FALSE,0,0,0,"AICSTAN300_22",0.969927471482514,0.957669637924127,1,0.488888888888889,1,0.954545454545455
"1087",22,50,100,50,5,0.5,0.5,1,0.5,0.5,3,FALSE,0.1,FALSE,0,0,0,"AICSTAN300_22",0.851782828053064,0.861321838414704,1,0.466666666666667,1,0.955555555555556
"1088",22,50,100,50,5,0.5,0.5,1,0.5,0.5,3,FALSE,0.1,FALSE,0,0,0,"AICSTAN300_22",0.712931353772587,0.974455220648102,1,0.822222222222222,0.833333333333333,0.954545454545455
"1089",22,50,100,50,5,0.5,0.5,1,0.5,0.5,3,FALSE,0.1,FALSE,0,0,0,"AICSTAN300_22",0.77369197211036,0.852782726150421,1,0.8,0.428571428571429,1
"1090",22,50,100,50,5,0.5,0.5,1,0.5,0.5,3,FALSE,0.1,FALSE,0,0,0,"AICSTAN300_22",1.35197990193018,1.07873256115727,1,0.266666666666667,0.333333333333333,1
"1091",22,50,100,50,5,0.5,0.5,1,0.5,0.5,3,FALSE,0.1,FALSE,0,0,0,"AICSTAN300_22",0.653032766398704,0.889216427226205,1,0.711111111111111,1,1
"1092",22,50,100,50,5,0.5,0.5,1,0.5,0.5,3,FALSE,0.1,FALSE,0,0,0,"AICSTAN300_22",1.01512875996511,0.848207308732681,1,0.133333333333333,0.833333333333333,0.977272727272727
"1093",22,50,100,50,5,0.5,0.5,1,0.5,0.5,3,FALSE,0.1,FALSE,0,0,0,"AICSTAN300_22",0.745627229249096,0.829690735406248,1,0.666666666666667,0.75,0.952380952380952
"1094",22,50,100,50,5,0.5,0.5,1,0.5,0.5,3,FALSE,0.1,FALSE,0,0,0,"AICSTAN300_22",0.889100620448943,0.791416688049862,1,0.4,0.833333333333333,1
"1095",22,50,100,50,5,0.5,0.5,1,0.5,0.5,3,FALSE,0.1,FALSE,0,0,0,"AICSTAN300_22",1.32961154764905,1.04950410352614,1,0.288888888888889,0.6,0.95
"1096",22,50,100,50,5,0.5,0.5,1,0.5,0.5,3,FALSE,0.1,FALSE,0,0,0,"AICSTAN300_22",0.725182238817445,0.843220871374932,1,0.422222222222222,0.625,0.976190476190476
"1097",22,50,100,50,5,0.5,0.5,1,0.5,0.5,3,FALSE,0.1,FALSE,0,0,0,"AICSTAN300_22",1.07199152213611,0.853966224156762,1,0.288888888888889,0.714285714285714,0.930232558139535
"1098",22,50,100,50,5,0.5,0.5,1,0.5,0.5,3,FALSE,0.1,FALSE,0,0,0,"AICSTAN300_22",1.24761922910519,1.05156113571223,1,0.222222222222222,1,0.977777777777778
"1099",22,50,100,50,5,0.5,0.5,1,0.5,0.5,3,FALSE,0.1,FALSE,0,0,0,"AICSTAN300_22",0.756725794634109,0.933846536327467,1,0.622222222222222,0.833333333333333,0.977272727272727
"1100",22,50,100,50,5,0.5,0.5,1,0.5,0.5,3,FALSE,0.1,FALSE,0,0,0,"AICSTAN300_22",0.819392309917272,0.956874898313306,1,0.466666666666667,0.833333333333333,1
"1101",23,50,100,50,5,0.5,0.5,1,0.5,0.5,3,FALSE,0.5,FALSE,0,0,0,"AICSTAN300_23",0.997245758732944,1.00348334375586,0.8,0.266666666666667,0.625,0.976190476190476
"1102",23,50,100,50,5,0.5,0.5,1,0.5,0.5,3,FALSE,0.5,FALSE,0,0,0,"AICSTAN300_23",1.2726883745599,0.935410709191424,1,0.333333333333333,0.714285714285714,1
"1103",23,50,100,50,5,0.5,0.5,1,0.5,0.5,3,FALSE,0.5,FALSE,0,0,0,"AICSTAN300_23",1.37403450066825,1.07846549560689,1,0.333333333333333,0.625,1
"1104",23,50,100,50,5,0.5,0.5,1,0.5,0.5,3,FALSE,0.5,FALSE,0,0,0,"AICSTAN300_23",0.799865816697029,0.782267114865618,1,0.577777777777778,0.444444444444444,0.951219512195122
"1105",23,50,100,50,5,0.5,0.5,1,0.5,0.5,3,FALSE,0.5,FALSE,0,0,0,"AICSTAN300_23",0.905832486714058,0.904097539825725,1,0.511111111111111,0.571428571428571,1
"1106",23,50,100,50,5,0.5,0.5,1,0.5,0.5,3,FALSE,0.5,FALSE,0,0,0,"AICSTAN300_23",2.15679608831968,1.06141436780564,1,0,0.833333333333333,0.931818181818182
"1107",23,50,100,50,5,0.5,0.5,1,0.5,0.5,3,FALSE,0.5,FALSE,0,0,0,"AICSTAN300_23",1.18135955654505,1.12661658666449,1,0.4,0.625,0.952380952380952
"1108",23,50,100,50,5,0.5,0.5,1,0.5,0.5,3,FALSE,0.5,FALSE,0,0,0,"AICSTAN300_23",0.852636939832982,0.94660166457729,1,0.644444444444444,1,0.955555555555556
"1109",23,50,100,50,5,0.5,0.5,1,0.5,0.5,3,FALSE,0.5,FALSE,0,0,0,"AICSTAN300_23",0.928126646418207,0.800536124555833,1,0.422222222222222,0.666666666666667,0.977272727272727
"1110",23,50,100,50,5,0.5,0.5,1,0.5,0.5,3,FALSE,0.5,FALSE,0,0,0,"AICSTAN300_23",1.02374161078983,0.897998269018893,1,0.511111111111111,0.714285714285714,1
"1111",23,50,100,50,5,0.5,0.5,1,0.5,0.5,3,FALSE,0.5,FALSE,0,0,0,"AICSTAN300_23",0.832276302855485,0.944411866653928,1,0.666666666666667,0.625,0.928571428571429
"1112",23,50,100,50,5,0.5,0.5,1,0.5,0.5,3,FALSE,0.5,FALSE,0,0,0,"AICSTAN300_23",0.993412329450532,1.14227739969372,0.6,0.533333333333333,0.428571428571429,0.953488372093023
"1113",23,50,100,50,5,0.5,0.5,1,0.5,0.5,3,FALSE,0.5,FALSE,0,0,0,"AICSTAN300_23",0.854145202413279,1.04131636909484,1,0.488888888888889,0.7,0.925
"1114",23,50,100,50,5,0.5,0.5,1,0.5,0.5,3,FALSE,0.5,FALSE,0,0,0,"AICSTAN300_23",1.17521173947088,0.827870853614754,1,0.177777777777778,0.777777777777778,0.951219512195122
"1115",23,50,100,50,5,0.5,0.5,1,0.5,0.5,3,FALSE,0.5,FALSE,0,0,0,"AICSTAN300_23",1.33327647415341,0.91881138390841,1,0.2,0.833333333333333,1
"1116",23,50,100,50,5,0.5,0.5,1,0.5,0.5,3,FALSE,0.5,FALSE,0,0,0,"AICSTAN300_23",0.877798902868698,0.982537311131355,1,0.577777777777778,1,0.955555555555556
"1117",23,50,100,50,5,0.5,0.5,1,0.5,0.5,3,FALSE,0.5,FALSE,0,0,0,"AICSTAN300_23",1.03104427144841,1.06573867588597,1,0.733333333333333,0.555555555555556,1
"1118",23,50,100,50,5,0.5,0.5,1,0.5,0.5,3,FALSE,0.5,FALSE,0,0,0,"AICSTAN300_23",1.05633501009396,1.06981602847487,1,0.355555555555556,0.625,0.952380952380952
"1119",23,50,100,50,5,0.5,0.5,1,0.5,0.5,3,FALSE,0.5,FALSE,0,0,0,"AICSTAN300_23",0.892245522155669,0.950213020950257,1,0.711111111111111,0.571428571428571,0.976744186046512
"1120",23,50,100,50,5,0.5,0.5,1,0.5,0.5,3,FALSE,0.5,FALSE,0,0,0,"AICSTAN300_23",0.872678669056288,0.964975415082377,0.8,0.666666666666667,0.5,1
"1121",23,50,100,50,5,0.5,0.5,1,0.5,0.5,3,FALSE,0.5,FALSE,0,0,0,"AICSTAN300_23",1.00341034122388,0.924173578286959,1,0.377777777777778,0.857142857142857,0.953488372093023
"1122",23,50,100,50,5,0.5,0.5,1,0.5,0.5,3,FALSE,0.5,FALSE,0,0,0,"AICSTAN300_23",1.30101653501836,0.9257905326752,0.8,0.244444444444444,0.625,1
"1123",23,50,100,50,5,0.5,0.5,1,0.5,0.5,3,FALSE,0.5,FALSE,0,0,0,"AICSTAN300_23",0.811721309194918,1.08353467492391,1,0.711111111111111,0.666666666666667,0.977272727272727
"1124",23,50,100,50,5,0.5,0.5,1,0.5,0.5,3,FALSE,0.5,FALSE,0,0,0,"AICSTAN300_23",0.847626661995822,0.958745400665686,1,0.422222222222222,0.714285714285714,0.930232558139535
"1125",23,50,100,50,5,0.5,0.5,1,0.5,0.5,3,FALSE,0.5,FALSE,0,0,0,"AICSTAN300_23",1.05168148363264,1.01986513676833,1,0.355555555555556,0.8,0.977777777777778
"1126",23,50,100,50,5,0.5,0.5,1,0.5,0.5,3,FALSE,0.5,FALSE,0,0,0,"AICSTAN300_23",0.987653567058393,1.05715308367094,1,0.488888888888889,0.625,0.952380952380952
"1127",23,50,100,50,5,0.5,0.5,1,0.5,0.5,3,FALSE,0.5,FALSE,0,0,0,"AICSTAN300_23",1.04447040952879,0.887536838488935,1,0.377777777777778,0.833333333333333,0.977272727272727
"1128",23,50,100,50,5,0.5,0.5,1,0.5,0.5,3,FALSE,0.5,FALSE,0,0,0,"AICSTAN300_23",0.79522890856002,0.774022855480333,1,0.688888888888889,0.4,1
"1129",23,50,100,50,5,0.5,0.5,1,0.5,0.5,3,FALSE,0.5,FALSE,0,0,0,"AICSTAN300_23",1.16059194170335,1.03744537181999,1,0.422222222222222,0.444444444444444,1
"1130",23,50,100,50,5,0.5,0.5,1,0.5,0.5,3,FALSE,0.5,FALSE,0,0,0,"AICSTAN300_23",0.897592928506973,0.820951731505987,0.8,0.533333333333333,0.571428571428571,0.930232558139535
"1131",23,50,100,50,5,0.5,0.5,1,0.5,0.5,3,FALSE,0.5,FALSE,0,0,0,"AICSTAN300_23",0.86408281068839,0.89779589142539,1,0.488888888888889,0.833333333333333,0.954545454545455
"1132",23,50,100,50,5,0.5,0.5,1,0.5,0.5,3,FALSE,0.5,FALSE,0,0,0,"AICSTAN300_23",1.11431699933796,0.938376920221757,0.8,0.4,0.571428571428571,0.976744186046512
"1133",23,50,100,50,5,0.5,0.5,1,0.5,0.5,3,FALSE,0.5,FALSE,0,0,0,"AICSTAN300_23",0.882362289847333,0.935663936520945,1,0.488888888888889,0.714285714285714,0.953488372093023
"1134",23,50,100,50,5,0.5,0.5,1,0.5,0.5,3,FALSE,0.5,FALSE,0,0,0,"AICSTAN300_23",0.793405466026481,0.86942497726501,0.8,0.644444444444444,0.333333333333333,1
"1135",23,50,100,50,5,0.5,0.5,1,0.5,0.5,3,FALSE,0.5,FALSE,0,0,0,"AICSTAN300_23",0.77243542706475,0.885238223451536,1,0.488888888888889,0.857142857142857,0.883720930232558
"1136",23,50,100,50,5,0.5,0.5,1,0.5,0.5,3,FALSE,0.5,FALSE,0,0,0,"AICSTAN300_23",0.887924249240116,1.22675570565301,1,0.711111111111111,0.5,1
"1137",23,50,100,50,5,0.5,0.5,1,0.5,0.5,3,FALSE,0.5,FALSE,0,0,0,"AICSTAN300_23",0.766091092390464,0.843571818063736,1,0.555555555555556,0.833333333333333,0.909090909090909
"1138",23,50,100,50,5,0.5,0.5,1,0.5,0.5,3,FALSE,0.5,FALSE,0,0,0,"AICSTAN300_23",0.820384025996107,0.81876843851507,1,0.488888888888889,0.571428571428571,0.930232558139535
"1139",23,50,100,50,5,0.5,0.5,1,0.5,0.5,3,FALSE,0.5,FALSE,0,0,0,"AICSTAN300_23",1.02882022292581,1.15182678380315,0.8,0.666666666666667,0.428571428571429,0.976744186046512
"1140",23,50,100,50,5,0.5,0.5,1,0.5,0.5,3,FALSE,0.5,FALSE,0,0,0,"AICSTAN300_23",0.784461037165452,0.794506662713553,1,0.533333333333333,0.714285714285714,0.930232558139535
"1141",23,50,100,50,5,0.5,0.5,1,0.5,0.5,3,FALSE,0.5,FALSE,0,0,0,"AICSTAN300_23",0.909500857006315,0.906550614672871,0.8,0.422222222222222,0.714285714285714,0.953488372093023
"1142",23,50,100,50,5,0.5,0.5,1,0.5,0.5,3,FALSE,0.5,FALSE,0,0,0,"AICSTAN300_23",1.21418116000459,1.19033985841386,1,0.466666666666667,0.714285714285714,0.930232558139535
"1143",23,50,100,50,5,0.5,0.5,1,0.5,0.5,3,FALSE,0.5,FALSE,0,0,0,"AICSTAN300_23",0.661521744706826,1.06551828545477,1,0.666666666666667,0.666666666666667,0.977272727272727
"1144",23,50,100,50,5,0.5,0.5,1,0.5,0.5,3,FALSE,0.5,FALSE,0,0,0,"AICSTAN300_23",0.75878680186613,0.98570252053199,1,0.577777777777778,0.857142857142857,0.953488372093023
"1145",23,50,100,50,5,0.5,0.5,1,0.5,0.5,3,FALSE,0.5,FALSE,0,0,0,"AICSTAN300_23",1.04582555363143,0.943281245433005,1,0.511111111111111,0.666666666666667,0.977272727272727
"1146",23,50,100,50,5,0.5,0.5,1,0.5,0.5,3,FALSE,0.5,FALSE,0,0,0,"AICSTAN300_23",1.38457856147404,1.06846482016135,1,0.511111111111111,1,1
"1147",23,50,100,50,5,0.5,0.5,1,0.5,0.5,3,FALSE,0.5,FALSE,0,0,0,"AICSTAN300_23",0.896788074849684,0.917702017084276,1,0.666666666666667,0.857142857142857,1
"1148",23,50,100,50,5,0.5,0.5,1,0.5,0.5,3,FALSE,0.5,FALSE,0,0,0,"AICSTAN300_23",0.963927095603294,1.03077380185987,1,0.511111111111111,0.666666666666667,0.977272727272727
"1149",23,50,100,50,5,0.5,0.5,1,0.5,0.5,3,FALSE,0.5,FALSE,0,0,0,"AICSTAN300_23",1.13530487588261,1.0064743761779,1,0.377777777777778,0.75,0.976190476190476
"1150",23,50,100,50,5,0.5,0.5,1,0.5,0.5,3,FALSE,0.5,FALSE,0,0,0,"AICSTAN300_23",0.678801405036428,0.858989928878121,1,0.733333333333333,0.714285714285714,0.976744186046512
"1151",24,50,100,50,5,0.5,0.5,1,0.5,0.5,3,FALSE,0.9,FALSE,0,0,0,"AICSTAN300_24",0.696611896839072,0.812019040975606,1,0.444444444444444,0.666666666666667,0.954545454545455
"1152",24,50,100,50,5,0.5,0.5,1,0.5,0.5,3,FALSE,0.9,FALSE,0,0,0,"AICSTAN300_24",1.23334328442726,0.913212840618941,0.8,0.133333333333333,0.25,0.952380952380952
"1153",24,50,100,50,5,0.5,0.5,1,0.5,0.5,3,FALSE,0.9,FALSE,0,0,0,"AICSTAN300_24",0.808815766116356,0.846067120541677,1,0.533333333333333,0.571428571428571,0.976744186046512
"1154",24,50,100,50,5,0.5,0.5,1,0.5,0.5,3,FALSE,0.9,FALSE,0,0,0,"AICSTAN300_24",1.40995612952611,1.16010454242915,0.6,0.0666666666666667,0.5,0.909090909090909
"1155",24,50,100,50,5,0.5,0.5,1,0.5,0.5,3,FALSE,0.9,FALSE,0,0,0,"AICSTAN300_24",1.26265320247839,0.889972540890872,0.8,0.488888888888889,0.714285714285714,0.976744186046512
"1156",24,50,100,50,5,0.5,0.5,1,0.5,0.5,3,FALSE,0.9,FALSE,0,0,0,"AICSTAN300_24",0.810605368533808,0.825610485905183,1,0.466666666666667,0.8,0.933333333333333
"1157",24,50,100,50,5,0.5,0.5,1,0.5,0.5,3,FALSE,0.9,FALSE,0,0,0,"AICSTAN300_24",1.47566367911423,0.898446870107009,1,0.177777777777778,0.75,0.952380952380952
"1158",24,50,100,50,5,0.5,0.5,1,0.5,0.5,3,FALSE,0.9,FALSE,0,0,0,"AICSTAN300_24",0.850754888137158,0.84861951371048,0.8,0.733333333333333,0.5,0.952380952380952
"1159",24,50,100,50,5,0.5,0.5,1,0.5,0.5,3,FALSE,0.9,FALSE,0,0,0,"AICSTAN300_24",1.13681492006022,1.04221839884566,1,0.244444444444444,0.833333333333333,0.977272727272727
"1160",24,50,100,50,5,0.5,0.5,1,0.5,0.5,3,FALSE,0.9,FALSE,0,0,0,"AICSTAN300_24",0.985049041021192,0.997140942324837,0.6,0.533333333333333,0.3,0.95
"1161",24,50,100,50,5,0.5,0.5,1,0.5,0.5,3,FALSE,0.9,FALSE,0,0,0,"AICSTAN300_24",1.41784799322381,0.912362957076854,1,0.0888888888888889,0.428571428571429,0.976744186046512
"1162",24,50,100,50,5,0.5,0.5,1,0.5,0.5,3,FALSE,0.9,FALSE,0,0,0,"AICSTAN300_24",0.7622860152546,0.975281438255082,1,0.555555555555556,0.5,0.904761904761905
"1163",24,50,100,50,5,0.5,0.5,1,0.5,0.5,3,FALSE,0.9,FALSE,0,0,0,"AICSTAN300_24",1.16665844495604,1.0019144515979,0.6,0.6,0.428571428571429,0.883720930232558
"1164",24,50,100,50,5,0.5,0.5,1,0.5,0.5,3,FALSE,0.9,FALSE,0,0,0,"AICSTAN300_24",0.725532292084472,0.836776182881998,0.8,0.577777777777778,0.6,0.977777777777778
"1165",24,50,100,50,5,0.5,0.5,1,0.5,0.5,3,FALSE,0.9,FALSE,0,0,0,"AICSTAN300_24",0.766412063632072,0.819043944086428,0.6,0.688888888888889,0.5,0.954545454545455
"1166",24,50,100,50,5,0.5,0.5,1,0.5,0.5,3,FALSE,0.9,FALSE,0,0,0,"AICSTAN300_24",0.811826569378041,0.963542305281403,1,0.444444444444444,0.285714285714286,0.953488372093023
"1167",24,50,100,50,5,0.5,0.5,1,0.5,0.5,3,FALSE,0.9,FALSE,0,0,0,"AICSTAN300_24",1.04673756481589,1.03893934386825,1,0.644444444444444,0.444444444444444,0.926829268292683
"1168",24,50,100,50,5,0.5,0.5,1,0.5,0.5,3,FALSE,0.9,FALSE,0,0,0,"AICSTAN300_24",0.746223189222833,1.00635318957414,1,0.822222222222222,0.5,1
"1169",24,50,100,50,5,0.5,0.5,1,0.5,0.5,3,FALSE,0.9,FALSE,0,0,0,"AICSTAN300_24",0.580844003482155,0.841166732757923,0.6,0.733333333333333,0.4,1
"1170",24,50,100,50,5,0.5,0.5,1,0.5,0.5,3,FALSE,0.9,FALSE,0,0,0,"AICSTAN300_24",0.711458659662269,0.940239359271124,1,0.6,0.333333333333333,1
"1171",24,50,100,50,5,0.5,0.5,1,0.5,0.5,3,FALSE,0.9,FALSE,0,0,0,"AICSTAN300_24",0.763186905398234,0.774671803283088,1,0.555555555555556,0.5,0.928571428571429
"1172",24,50,100,50,5,0.5,0.5,1,0.5,0.5,3,FALSE,0.9,FALSE,0,0,0,"AICSTAN300_24",0.63232607018717,0.891276891388177,1,0.777777777777778,0.5,0.975
"1173",24,50,100,50,5,0.5,0.5,1,0.5,0.5,3,FALSE,0.9,FALSE,0,0,0,"AICSTAN300_24",0.702525666778797,0.875767535764175,0.8,0.533333333333333,0.666666666666667,0.954545454545455
"1174",24,50,100,50,5,0.5,0.5,1,0.5,0.5,3,FALSE,0.9,FALSE,0,0,0,"AICSTAN300_24",0.505250778278924,0.734266743258146,1,0.666666666666667,0.375,0.952380952380952
"1175",24,50,100,50,5,0.5,0.5,1,0.5,0.5,3,FALSE,0.9,FALSE,0,0,0,"AICSTAN300_24",0.743853441535513,0.934401755986088,0.6,0.888888888888889,0.333333333333333,0.977272727272727
"1176",24,50,100,50,5,0.5,0.5,1,0.5,0.5,3,FALSE,0.9,FALSE,0,0,0,"AICSTAN300_24",1.09717935222757,0.995037302951834,1,0.533333333333333,0.454545454545455,0.948717948717949
"1177",24,50,100,50,5,0.5,0.5,1,0.5,0.5,3,FALSE,0.9,FALSE,0,0,0,"AICSTAN300_24",0.802006148005393,1.00447555057993,1,0.688888888888889,0.7,0.975
"1178",24,50,100,50,5,0.5,0.5,1,0.5,0.5,3,FALSE,0.9,FALSE,0,0,0,"AICSTAN300_24",0.990711140332474,0.939325102414903,0.8,0.377777777777778,0.285714285714286,0.953488372093023
"1179",24,50,100,50,5,0.5,0.5,1,0.5,0.5,3,FALSE,0.9,FALSE,0,0,0,"AICSTAN300_24",1.05173386143705,0.919122123252105,1,0.422222222222222,0.714285714285714,0.953488372093023
"1180",24,50,100,50,5,0.5,0.5,1,0.5,0.5,3,FALSE,0.9,FALSE,0,0,0,"AICSTAN300_24",0.626968533937598,0.85775637793842,0.6,0.577777777777778,0.333333333333333,1
"1181",24,50,100,50,5,0.5,0.5,1,0.5,0.5,3,FALSE,0.9,FALSE,0,0,0,"AICSTAN300_24",0.700431561801433,0.738915160922052,0.8,0.466666666666667,0.833333333333333,1
"1182",24,50,100,50,5,0.5,0.5,1,0.5,0.5,3,FALSE,0.9,FALSE,0,0,0,"AICSTAN300_24",0.866439474674188,0.908928760884649,0.8,0.422222222222222,0.666666666666667,1
"1183",24,50,100,50,5,0.5,0.5,1,0.5,0.5,3,FALSE,0.9,FALSE,0,0,0,"AICSTAN300_24",0.972416106376012,0.866404132223724,1,0.333333333333333,0.285714285714286,0.930232558139535
"1184",24,50,100,50,5,0.5,0.5,1,0.5,0.5,3,FALSE,0.9,FALSE,0,0,0,"AICSTAN300_24",0.845592554748374,0.928510211596128,1,0.666666666666667,0.714285714285714,0.953488372093023
"1185",24,50,100,50,5,0.5,0.5,1,0.5,0.5,3,FALSE,0.9,FALSE,0,0,0,"AICSTAN300_24",1.07090566659079,0.886958313613296,0.8,0.466666666666667,0.6,0.911111111111111
"1186",24,50,100,50,5,0.5,0.5,1,0.5,0.5,3,FALSE,0.9,FALSE,0,0,0,"AICSTAN300_24",0.870725679928339,0.899767119108679,0.6,0.2,0.571428571428571,0.883720930232558
"1187",24,50,100,50,5,0.5,0.5,1,0.5,0.5,3,FALSE,0.9,FALSE,0,0,0,"AICSTAN300_24",0.937600311040307,0.933785138001244,1,0.466666666666667,0.666666666666667,1
"1188",24,50,100,50,5,0.5,0.5,1,0.5,0.5,3,FALSE,0.9,FALSE,0,0,0,"AICSTAN300_24",1.3390253958739,0.870203107220898,0.8,0.377777777777778,0.571428571428571,0.953488372093023
"1189",24,50,100,50,5,0.5,0.5,1,0.5,0.5,3,FALSE,0.9,FALSE,0,0,0,"AICSTAN300_24",1.3284029862532,0.899903256829541,1,0.266666666666667,0.625,0.976190476190476
"1190",24,50,100,50,5,0.5,0.5,1,0.5,0.5,3,FALSE,0.9,FALSE,0,0,0,"AICSTAN300_24",0.78902523364652,0.870039936565522,0.8,0.644444444444444,0.333333333333333,0.954545454545455
"1191",24,50,100,50,5,0.5,0.5,1,0.5,0.5,3,FALSE,0.9,FALSE,0,0,0,"AICSTAN300_24",0.817021386570175,0.96554865259413,0.6,0.555555555555556,0.4,0.933333333333333
"1192",24,50,100,50,5,0.5,0.5,1,0.5,0.5,3,FALSE,0.9,FALSE,0,0,0,"AICSTAN300_24",1.42548869843895,0.90243279969505,1,0.177777777777778,0.5,0.95
"1193",24,50,100,50,5,0.5,0.5,1,0.5,0.5,3,FALSE,0.9,FALSE,0,0,0,"AICSTAN300_24",0.679896569491259,0.933756999535347,0.8,0.577777777777778,0.571428571428571,1
"1194",24,50,100,50,5,0.5,0.5,1,0.5,0.5,3,FALSE,0.9,FALSE,0,0,0,"AICSTAN300_24",0.974686323662956,1.05657242731826,0.8,0.244444444444444,0.428571428571429,0.953488372093023
"1195",24,50,100,50,5,0.5,0.5,1,0.5,0.5,3,FALSE,0.9,FALSE,0,0,0,"AICSTAN300_24",0.634389470240488,0.826014070354132,1,0.644444444444444,0.571428571428571,0.953488372093023
"1196",24,50,100,50,5,0.5,0.5,1,0.5,0.5,3,FALSE,0.9,FALSE,0,0,0,"AICSTAN300_24",0.78482198206845,0.808525010655974,0.8,0.555555555555556,0.4,0.95
"1197",24,50,100,50,5,0.5,0.5,1,0.5,0.5,3,FALSE,0.9,FALSE,0,0,0,"AICSTAN300_24",1.11477899424721,0.959899086269075,1,0.666666666666667,0.625,1
"1198",24,50,100,50,5,0.5,0.5,1,0.5,0.5,3,FALSE,0.9,FALSE,0,0,0,"AICSTAN300_24",0.800823709617424,0.934352362524847,0.8,0.666666666666667,0.428571428571429,0.953488372093023
"1199",24,50,100,50,5,0.5,0.5,1,0.5,0.5,3,FALSE,0.9,FALSE,0,0,0,"AICSTAN300_24",0.642150914914041,0.877353046308325,0.6,0.666666666666667,0.428571428571429,0.976744186046512
"1200",24,50,100,50,5,0.5,0.5,1,0.5,0.5,3,FALSE,0.9,FALSE,0,0,0,"AICSTAN300_24",0.786269167235714,1.10362093351173,1,0.511111111111111,0.571428571428571,0.883720930232558
