year,tree_id,rwi
1800,BMC42A_raw,1.1978615709114773
1800,BMC42B_raw,0.8377953045640512
1800,BMC43A_raw,1.7288190585082222
1800,BMC47A_raw,0.9662283323481743
1800,BMC47B_raw,1.1476929809463445
1800,BMC48B_raw,1.0907106386486525
1800,BMC49A_raw,1.1193920271693412
1800,BMC51A_raw,1.3797161415909724
1800,BMC52A_raw,1.5750437689534689
1800,BMC53A_raw,1.0591724874805397
1800,BMC54A_raw,1.3253996898826363
1800,BMC54B_raw,1.2482440670253803
1800,BMC57A_raw,0.9901220996899882
1800,BMC57B_raw,1.6773367510813157
1800,BMC58A_raw,1.1630418604820252
1800,BMC58B_raw,1.1879584831751069
1800,BMC59A_raw,0.7128683893714441
1800,BMC59B_raw,1.327033163109726
1800,BMC60A_raw,0.9747825381032765
1800,BMC60B_raw,0.9584920817791597
1800,BMC61B_raw,1.22147701496827
1800,BMC62B_raw,0.9353148116686482
1801,BMC42A_raw,1.0012791425710124
1801,BMC42B_raw,0.888975978473051
1801,BMC43A_raw,1.3079397553747154
1801,BMC47A_raw,1.1429247822071764
1801,BMC47B_raw,1.182191611851059
1801,BMC48B_raw,0.9626295185581193
1801,BMC49A_raw,1.5050865908542719
1801,BMC51A_raw,1.2504951533823836
1801,BMC52A_raw,1.4973535618516849
1801,BMC53A_raw,0.9079785520076589
1801,BMC54A_raw,1.1913640139948884
1801,BMC54B_raw,1.055133512633954
1801,BMC57A_raw,1.196824892889793
1801,BMC57B_raw,2.0421506626287047
1801,BMC58A_raw,1.4294542343973677
1801,BMC58B_raw,1.175594640724745
1801,BMC59A_raw,1.328756728892103
1801,BMC59B_raw,1.1731004529105462
1801,BMC60A_raw,1.176485575881949
1801,BMC60B_raw,1.1631767053740465
1801,BMC61B_raw,1.07625556049664
1801,BMC62B_raw,1.1284056389826838
1802,BMC42A_raw,1.2005397622203755
1802,BMC42B_raw,0.9350151091699519
1802,BMC43A_raw,1.3912393104728962
1802,BMC47A_raw,1.378697542356412
1802,BMC47B_raw,1.3519040196215104
1802,BMC48B_raw,1.2996100904021626
1802,BMC49A_raw,1.1717357816332123
1802,BMC51A_raw,1.2375616647579428
1802,BMC52A_raw,1.5695634951604787
1802,BMC53A_raw,1.3268556998021592
1802,BMC54A_raw,1.2871947618045017
1802,BMC54B_raw,1.2669506178462673
1802,BMC57A_raw,1.1864976492477657
1802,BMC57B_raw,1.9526152992860635
1802,BMC58A_raw,1.2021704557918695
1802,BMC58B_raw,1.1348158355362337
1802,BMC59A_raw,1.166896148369213
1802,BMC59B_raw,1.372557128655474
1802,BMC60A_raw,1.323457528945007
1802,BMC60B_raw,1.2120814913079005
1802,BMC61B_raw,1.4838128179609402
1802,BMC62B_raw,1.0650928315418162
1803,BMC42A_raw,0.9684904325787186
1803,BMC42B_raw,0.9190261187196361
1803,BMC43A_raw,0.9949768051776036
1803,BMC47A_raw,0.9273169965765723
1803,BMC47B_raw,1.2850753753752515
1803,BMC48B_raw,0.8093818299977102
1803,BMC49A_raw,1.1058323253753848
1803,BMC51A_raw,1.2355220034693601
1803,BMC52A_raw,1.3879753817427274
1803,BMC53A_raw,1.129133546877393
1803,BMC54A_raw,1.1317878142788498
1803,BMC54B_raw,1.208551529054851
1803,BMC57A_raw,1.135120197693398
1803,BMC57B_raw,1.2238611514368856
1803,BMC58A_raw,1.3664258421378175
1803,BMC58B_raw,0.9518396922838164
1803,BMC59A_raw,1.2643171520697989
1803,BMC59B_raw,1.2041414248253697
1803,BMC60A_raw,1.0787492509814847
1803,BMC60B_raw,1.1035776031009539
1803,BMC61B_raw,1.1446758319810753
1803,BMC62B_raw,1.0658457960841772
1804,BMC42A_raw,0.8644148344312531
1804,BMC42B_raw,0.714018340524029
1804,BMC43A_raw,0.8028031556742744
1804,BMC47A_raw,0.9924132938189474
1804,BMC47B_raw,0.9474479391734567
1804,BMC48B_raw,0.9313141887589022
1804,BMC49A_raw,0.5869863649607928
1804,BMC51A_raw,1.0038226599009141
1804,BMC52A_raw,1.266691069483527
1804,BMC53A_raw,0.9769123699645017
1804,BMC54A_raw,0.860516755047743
1804,BMC54B_raw,1.100393859789499
1804,BMC57A_raw,1.1932031444477553
1804,BMC57B_raw,0.9604718947984036
1804,BMC58A_raw,1.1228404414280848
1804,BMC58B_raw,0.8536718413843581
1804,BMC59A_raw,0.9078315440405837
1804,BMC59B_raw,1.0495142843630527
1804,BMC60A_raw,1.063504881878046
1804,BMC60B_raw,1.0620527192298113
1804,BMC61B_raw,1.0479837961978022
1804,BMC62B_raw,0.9123523440710782
1805,BMC42A_raw,0.6782457514344702
1805,BMC42B_raw,0.7820042447616607
1805,BMC43A_raw,0.8623320828154264
1805,BMC47A_raw,0.9907323953944366
1805,BMC47B_raw,0.8464141613370788
1805,BMC48B_raw,0.5786816007025911
1805,BMC49A_raw,0.8393545299252955
1805,BMC51A_raw,1.0445656230299478
1805,BMC52A_raw,1.1309978874291327
1805,BMC53A_raw,1.010453399548696
1805,BMC54A_raw,1.029858178567832
1805,BMC54B_raw,0.9420902842473464
1805,BMC57A_raw,1.0453318166677232
1805,BMC57B_raw,0.9951993350253913
1805,BMC58A_raw,1.0358816732257436
1805,BMC58B_raw,0.8406958664188876
1805,BMC59A_raw,1.410544685156137
1805,BMC59B_raw,1.0081174476126686
1805,BMC60A_raw,0.9003458988494879
1805,BMC60B_raw,0.9748335559364282
1805,BMC61B_raw,1.0677539086705312
1805,BMC62B_raw,1.247228068669459
1806,BMC42A_raw,0.9950432901060524
1806,BMC42B_raw,0.8274886573473339
1806,BMC43A_raw,0.8499953189078527
1806,BMC47A_raw,0.8819020705655264
1806,BMC47B_raw,1.0501311803278754
1806,BMC48B_raw,0.5204528233144676
1806,BMC49A_raw,0.7561434020387707
1806,BMC51A_raw,1.116864552585859
1806,BMC52A_raw,1.3821993472819094
1806,BMC53A_raw,0.7636283044522424
1806,BMC54A_raw,1.0523456163549378
1806,BMC54B_raw,1.130946743833292
1806,BMC57A_raw,1.0069821312454619
1806,BMC57B_raw,1.351960299261416
1806,BMC58A_raw,1.068046711847214
1806,BMC58B_raw,0.8134013444158953
1806,BMC59A_raw,1.1350394265136938
1806,BMC59B_raw,1.194060150104365
1806,BMC60A_raw,0.8181476800358723
1806,BMC60B_raw,0.7505193126510533
1806,BMC61B_raw,1.0293171829724845
1806,BMC62B_raw,1.1964919829507503
1807,BMC42A_raw,1.5117225876027975
1807,BMC42B_raw,1.2167858825001248
1807,BMC43A_raw,1.053089622987654
1807,BMC47A_raw,1.0638078792479373
1807,BMC47B_raw,0.9264177297458498
1807,BMC48B_raw,0.6491186738959817
1807,BMC49A_raw,0.9250628200909541
1807,BMC51A_raw,1.1998428311513405
1807,BMC52A_raw,1.454775857739452
1807,BMC53A_raw,1.093608769841719
1807,BMC54A_raw,1.1065103034745476
1807,BMC54B_raw,1.1712533218677668
1807,BMC57A_raw,0.8715845083633672
1807,BMC57B_raw,1.1403821639453788
1807,BMC58A_raw,1.1138577134169698
1807,BMC58B_raw,0.9003453244176017
1807,BMC59A_raw,0.7459528881050186
1807,BMC59B_raw,1.1100270205459228
1807,BMC60A_raw,0.9101808139211895
1807,BMC60B_raw,1.0836757799170473
1807,BMC61B_raw,1.0588921273698637
1807,BMC62B_raw,1.1971432911000228
1808,BMC42A_raw,1.4663820775501981
1808,BMC42B_raw,1.1126303492316094
1808,BMC43A_raw,1.0766088943883902
1808,BMC47A_raw,1.1002950912830947
1808,BMC47B_raw,1.164276629310539
1808,BMC48B_raw,0.8064594186443481
1808,BMC49A_raw,1.1111429418404948
1808,BMC51A_raw,1.1996655404478593
1808,BMC52A_raw,1.4680126871651444
1808,BMC53A_raw,1.0493288911690275
1808,BMC54A_raw,1.0658486998219447
1808,BMC54B_raw,1.0868364753285862
1808,BMC57A_raw,0.7770296633230366
1808,BMC57B_raw,1.251243055353206
1808,BMC58A_raw,1.173511543095437
1808,BMC58B_raw,0.8014750884728518
1808,BMC59A_raw,1.0379344370003922
1808,BMC59B_raw,1.2252571064418352
1808,BMC60A_raw,1.0284431396925582
1808,BMC60B_raw,0.881040859251512
1808,BMC61B_raw,1.195443181229863
1808,BMC62B_raw,1.2363892216774675
1809,BMC42A_raw,1.6557943462056204
1809,BMC42B_raw,1.4132773643503918
1809,BMC43A_raw,1.2197103584244222
1809,BMC47A_raw,1.1169155993904314
1809,BMC47B_raw,0.9726061335457012
1809,BMC48B_raw,0.8078159404521809
1809,BMC49A_raw,0.640364930934068
1809,BMC51A_raw,1.0224617676302512
1809,BMC52A_raw,1.3776663559675064
1809,BMC53A_raw,1.036211486154833
1809,BMC54A_raw,1.151883362339952
1809,BMC54B_raw,1.1021703556750588
1809,BMC57A_raw,0.9880933340499265
1809,BMC57B_raw,1.6113863962016806
1809,BMC58A_raw,1.2607566319177363
1809,BMC58B_raw,0.7739691134182012
1809,BMC59A_raw,1.102887726573041
1809,BMC59B_raw,1.1267911160422535
1809,BMC60A_raw,0.9461863036279476
1809,BMC60B_raw,0.9181137353042559
1809,BMC61B_raw,1.215483038095034
1809,BMC62B_raw,1.0694687117359722
1810,BMC42A_raw,1.5399412710092706
1810,BMC42B_raw,1.0182516043294088
1810,BMC43A_raw,1.0519341812328014
1810,BMC47A_raw,0.9443064093371804
1810,BMC47B_raw,0.8599347357741564
1810,BMC48B_raw,0.9359969969021934
1810,BMC49A_raw,1.1470205602352228
1810,BMC51A_raw,0.9289427157827702
1810,BMC52A_raw,0.9916166349517069
1810,BMC53A_raw,1.0544877661175642
1810,BMC54A_raw,1.058252190539366
1810,BMC54B_raw,1.0045595124322886
1810,BMC57A_raw,0.9352178343247564
1810,BMC57B_raw,1.940836498653634
1810,BMC58A_raw,1.2669919884942122
1810,BMC58B_raw,0.7320182436055611
1810,BMC59A_raw,1.1516209868876532
1810,BMC59B_raw,0.9281429100831224
1810,BMC60A_raw,1.037058927830481
1810,BMC60B_raw,0.8632576935530468
1810,BMC61B_raw,1.06046559693375
1810,BMC62B_raw,1.2375228004953673
1811,BMC42A_raw,1.4356008843750605
1811,BMC42B_raw,0.7556748833186425
1811,BMC43A_raw,1.2427873681707082
1811,BMC47A_raw,1.0191418420371383
1811,BMC47B_raw,1.0188297287353227
1811,BMC48B_raw,0.8234096151017549
1811,BMC49A_raw,0.9455162014369578
1811,BMC51A_raw,0.8982364893883428
1811,BMC52A_raw,1.2570041827970282
1811,BMC53A_raw,1.1201647239472958
1811,BMC54A_raw,1.1657030477189219
1811,BMC54B_raw,1.0197372356377246
1811,BMC57A_raw,0.9800349738127295
1811,BMC57B_raw,1.8045171992873517
1811,BMC58A_raw,1.232075306349266
1811,BMC58B_raw,0.9342874630667879
1811,BMC59A_raw,1.5734338031947868
1811,BMC59B_raw,1.2722551546220673
1811,BMC60A_raw,1.0478324075428742
1811,BMC60B_raw,0.7618461945835813
1811,BMC61B_raw,1.3531061345661513
1811,BMC62B_raw,1.1993435398285275
1812,BMC42A_raw,1.0365566483786364
1812,BMC42B_raw,0.7712983984195725
1812,BMC43A_raw,0.6809326451160387
1812,BMC47A_raw,0.7027114806139556
1812,BMC47B_raw,0.8041158198032258
1812,BMC48B_raw,0.8991935434248678
1812,BMC49A_raw,0.6929209411322905
1812,BMC51A_raw,0.7108954434418558
1812,BMC52A_raw,0.9457730402329356
1812,BMC53A_raw,0.5535320879820385
1812,BMC54A_raw,0.7852925938756612
1812,BMC54B_raw,0.8961414485062676
1812,BMC57A_raw,0.7863995000787389
1812,BMC57B_raw,1.3296143637493087
1812,BMC58A_raw,0.9215809868112813
1812,BMC58B_raw,0.7916595997348864
1812,BMC59A_raw,0.746203124248053
1812,BMC59B_raw,0.7441624298344202
1812,BMC60A_raw,0.6218523340597365
1812,BMC60B_raw,0.6598023575507325
1812,BMC61B_raw,1.1980764942206157
1812,BMC62B_raw,0.9030769291046947
1813,BMC42A_raw,1.0140065905248115
1813,BMC42B_raw,0.6427139504896044
1813,BMC43A_raw,0.25079714350307675
1813,BMC47A_raw,0.2520375850007182
1813,BMC47B_raw,0.20395200852425985
1813,BMC48B_raw,0.7217771833088034
1813,BMC49A_raw,1.0826767805939705
1813,BMC51A_raw,0.9001331763491917
1813,BMC52A_raw,1.5359223297434539
1813,BMC53A_raw,0.5707195908647869
1813,BMC54A_raw,1.083933213997349
1813,BMC54B_raw,1.0882494615064457
1813,BMC57A_raw,1.2958649271292437
1813,BMC57B_raw,1.4204276356705925
1813,BMC58A_raw,0.6080432965620498
1813,BMC58B_raw,0.6774466742912353
1813,BMC59A_raw,0.8922399005712243
1813,BMC59B_raw,0.9312265033815635
1813,BMC60A_raw,1.0029970189431259
1813,BMC60B_raw,0.8705373445015772
1813,BMC61B_raw,0.4288540059020803
1813,BMC62B_raw,0.8259633554880634
1814,BMC42A_raw,1.3690766460298125
1814,BMC42B_raw,0.935125209533306
1814,BMC43A_raw,0.6327924693926379
1814,BMC47A_raw,0.9411507150180607
1814,BMC47B_raw,1.008869254122184
1814,BMC48B_raw,0.9709263757691479
1814,BMC49A_raw,0.5587941596075584
1814,BMC51A_raw,0.8804435727826657
1814,BMC52A_raw,1.3136936279856612
1814,BMC53A_raw,0.9852619202141829
1814,BMC54A_raw,1.1067152083442189
1814,BMC54B_raw,1.0149113278163717
1814,BMC57A_raw,1.5117374789027855
1814,BMC57B_raw,1.3473749794221204
1814,BMC58A_raw,0.9301180231924943
1814,BMC58B_raw,1.0825114313336932
1814,BMC59A_raw,1.265408497922736
1814,BMC59B_raw,1.0326409890071353
1814,BMC60A_raw,1.3952868915212895
1814,BMC60B_raw,1.059073812664388
1814,BMC61B_raw,1.1411285296426041
1814,BMC62B_raw,0.8778746218902561
1815,BMC42A_raw,1.2522717674706831
1815,BMC42B_raw,1.0238469354965656
1815,BMC43A_raw,1.2891381076817157
1815,BMC47A_raw,1.0052414684200057
1815,BMC47B_raw,1.134040498190694
1815,BMC48B_raw,1.105269710062214
1815,BMC49A_raw,1.0000206407228656
1815,BMC51A_raw,1.0288688912335535
1815,BMC52A_raw,1.2983552345081681
1815,BMC53A_raw,1.0672561041225657
1815,BMC54A_raw,1.246768419238002
1815,BMC54B_raw,1.068369063083253
1815,BMC57A_raw,1.4171514082497205
1815,BMC57B_raw,1.1311661148770695
1815,BMC58A_raw,0.864557585336896
1815,BMC58B_raw,0.9105377409469017
1815,BMC59A_raw,1.151885688829859
1815,BMC59B_raw,0.9045436981059854
1815,BMC60A_raw,1.444108099744362
1815,BMC60B_raw,1.1318449092378486
1815,BMC61B_raw,1.590897875404822
1815,BMC62B_raw,1.0460216207927915
1816,BMC42A_raw,1.1943526270237195
1816,BMC42B_raw,0.948839404283782
1816,BMC43A_raw,1.002428297267023
1816,BMC47A_raw,0.9674526310410915
1816,BMC47B_raw,1.066435266131045
1816,BMC48B_raw,0.8465504688122816
1816,BMC49A_raw,0.9500881298434956
1816,BMC51A_raw,1.0412953820151885
1816,BMC52A_raw,1.4306300437352577
1816,BMC53A_raw,1.133652742993811
1816,BMC54A_raw,1.1310973812322347
1816,BMC54B_raw,0.8670619870749516
1816,BMC57A_raw,1.4214835843173086
1816,BMC57B_raw,0.7927310700590625
1816,BMC58A_raw,0.8823454818030656
1816,BMC58B_raw,0.9406950527588018
1816,BMC59A_raw,1.4277313667372622
1816,BMC59B_raw,0.9198950819490468
1816,BMC60A_raw,1.4140362711870669
1816,BMC60B_raw,1.1230227572695048
1816,BMC61B_raw,1.5334653036023767
1816,BMC62B_raw,0.904223125237834
1817,BMC42A_raw,0.7930489681680195
1817,BMC42B_raw,1.062307223665521
1817,BMC43A_raw,1.1334543228388994
1817,BMC47A_raw,1.0413420827855744
1817,BMC47B_raw,1.169005244744013
1817,BMC48B_raw,0.8606453117754715
1817,BMC49A_raw,0.6283422971718216
1817,BMC51A_raw,1.0328990549958703
1817,BMC52A_raw,1.1500911894364976
1817,BMC53A_raw,0.8962547990145528
1817,BMC54A_raw,1.2501744376783563
1817,BMC54B_raw,0.8948151550009963
1817,BMC57A_raw,1.4400904694796908
1817,BMC57B_raw,0.7947463692520281
1817,BMC58A_raw,0.5766790996190632
1817,BMC58B_raw,0.7535440128592745
1817,BMC59A_raw,1.3790932933610407
1817,BMC59B_raw,0.8201619470570608
1817,BMC60A_raw,1.044574522024645
1817,BMC60B_raw,1.0319866511318947
1817,BMC61B_raw,1.515090982509898
1817,BMC62B_raw,0.7106448438291645
1818,BMC42A_raw,1.0070561463675323
1818,BMC42B_raw,1.2315335408221535
1818,BMC43A_raw,1.407592095005319
1818,BMC47A_raw,1.094674740065758
1818,BMC47B_raw,1.1353936157190827
1818,BMC48B_raw,0.7384985512486169
1818,BMC49A_raw,1.1729029454675595
1818,BMC51A_raw,1.0457875725696428
1818,BMC52A_raw,1.1646179640691385
1818,BMC53A_raw,0.8823111456813721
1818,BMC54A_raw,1.0271707729781676
1818,BMC54B_raw,0.8073545264339517
1818,BMC57A_raw,1.1870610114510194
1818,BMC57B_raw,0.6639697143651665
1818,BMC58A_raw,0.7062012993179123
1818,BMC58B_raw,0.9286380594394755
1818,BMC59A_raw,1.1195228905681747
1818,BMC59B_raw,0.734612693765058
1818,BMC60A_raw,1.158876819923504
1818,BMC60B_raw,0.8463892238851138
1818,BMC61B_raw,1.5847739995693382
1818,BMC62B_raw,0.9692916850011432
1819,BMC42A_raw,1.0198547741551467
1819,BMC42B_raw,0.9098741375642637
1819,BMC43A_raw,0.906422686726624
1819,BMC47A_raw,1.0555348264793218
1819,BMC47B_raw,0.8518628148520294
1819,BMC48B_raw,0.8382048172218255
1819,BMC49A_raw,0.8507481811754483
1819,BMC51A_raw,0.9742067412665846
1819,BMC52A_raw,1.3708629220670263
1819,BMC53A_raw,0.9486815394377613
1819,BMC54A_raw,0.8785523101122623
1819,BMC54B_raw,0.7708278223604913
1819,BMC57A_raw,1.291109435018888
1819,BMC57B_raw,0.6767461468224081
1819,BMC58A_raw,0.4679895668547852
1819,BMC58B_raw,0.7264219847623727
1819,BMC59A_raw,1.2493445214730878
1819,BMC59B_raw,0.8651670939665597
1819,BMC60A_raw,0.9868383670568022
1819,BMC60B_raw,0.919074696939211
1819,BMC61B_raw,1.1846636560667596
1819,BMC62B_raw,0.87901624578261
1820,BMC42A_raw,1.1632328628522222
1820,BMC42B_raw,1.3136884100836204
1820,BMC43A_raw,1.43096401219275
1820,BMC47A_raw,1.0876934128210693
1820,BMC47B_raw,1.1021404270506385
1820,BMC48B_raw,1.194048374373987
1820,BMC49A_raw,0.9878172297183578
1820,BMC51A_raw,1.0935262249284823
1820,BMC52A_raw,1.488752188185482
1820,BMC53A_raw,0.7574767935826378
1820,BMC54A_raw,1.0621030490299495
1820,BMC54B_raw,0.8242558471604249
1820,BMC57A_raw,1.064819497816289
1820,BMC57B_raw,0.9009017510937358
1820,BMC58A_raw,0.6264608758400365
1820,BMC58B_raw,0.9164379385491088
1820,BMC59A_raw,1.5251955803129296
1820,BMC59B_raw,1.0104253080786807
1820,BMC60A_raw,1.2559683141203153
1820,BMC60B_raw,0.8266952215456304
1820,BMC61B_raw,1.0582842782176796
1820,BMC62B_raw,1.047272544650931
1821,BMC42A_raw,1.2949809770625995
1821,BMC42B_raw,1.2063349731064108
1821,BMC43A_raw,1.514221346336828
1821,BMC47A_raw,1.1195132957443816
1821,BMC47B_raw,0.9547644746785577
1821,BMC48B_raw,1.1368471222619825
1821,BMC49A_raw,1.0058139368926833
1821,BMC51A_raw,1.1923601252560339
1821,BMC52A_raw,1.1940171705798008
1821,BMC53A_raw,1.0661346162463932
1821,BMC54A_raw,1.0205346531390111
1821,BMC54B_raw,0.7875551294970891
1821,BMC57A_raw,1.1257963796644164
1821,BMC57B_raw,0.7805196810691213
1821,BMC58A_raw,0.5860023335291525
1821,BMC58B_raw,0.8301791242204218
1821,BMC59A_raw,1.4278588472537814
1821,BMC59B_raw,1.0548321516151022
1821,BMC60A_raw,0.8263283792788652
1821,BMC60B_raw,0.9587303137095639
1821,BMC61B_raw,1.1376703556617225
1821,BMC62B_raw,0.8017620683919836
1822,BMC42A_raw,1.2248024132724464
1822,BMC42B_raw,1.091936912004592
1822,BMC43A_raw,1.1563875279414437
1822,BMC47A_raw,0.9351663845820624
1822,BMC47B_raw,0.9778275362467214
1822,BMC48B_raw,1.1449885398967066
1822,BMC49A_raw,1.0238428307041678
1822,BMC51A_raw,1.003641519542601
1822,BMC52A_raw,1.3858357284319534
1822,BMC53A_raw,0.5504744778475855
1822,BMC54A_raw,0.7529559366270049
1822,BMC54B_raw,0.5176937730331425
1822,BMC57A_raw,0.752810956453515
1822,BMC57B_raw,1.073116188334243
1822,BMC58A_raw,0.5595120027855573
1822,BMC58B_raw,0.6707798336375208
1822,BMC59A_raw,0.8437421069723752
1822,BMC59B_raw,0.5785909737887439
1822,BMC60A_raw,0.6694756209928734
1822,BMC60B_raw,0.6879813325531661
1822,BMC61B_raw,1.1386931657544865
1822,BMC62B_raw,0.8665638789788619
1823,BMC42A_raw,1.0235635425597542
1823,BMC42B_raw,1.138471627359643
1823,BMC43A_raw,1.4781114156776411
1823,BMC47A_raw,0.9662036021981306
1823,BMC47B_raw,0.9212783636230423
1823,BMC48B_raw,0.9074771089150895
1823,BMC49A_raw,0.9223409627127382
1823,BMC51A_raw,1.2208885667500893
1823,BMC52A_raw,1.474603785741049
1823,BMC53A_raw,0.9574010600354428
1823,BMC54A_raw,0.990880074143618
1823,BMC54B_raw,0.7135589351716659
1823,BMC57A_raw,0.8857788293036077
1823,BMC57B_raw,1.0982136438377075
1823,BMC58A_raw,0.5759558885448709
1823,BMC58B_raw,0.8321715983419085
1823,BMC59A_raw,1.2493952515952196
1823,BMC59B_raw,0.8253430097516653
1823,BMC60A_raw,0.7060695096064221
1823,BMC60B_raw,0.760745406628522
1823,BMC61B_raw,1.0316636696790868
1823,BMC62B_raw,0.8666940416688653
1824,BMC42A_raw,1.1555035614105138
1824,BMC42B_raw,1.3659656422709412
1824,BMC43A_raw,1.5494958385039546
1824,BMC47A_raw,0.9249777234313493
1824,BMC47B_raw,1.0353438172885232
1824,BMC48B_raw,1.0034484970884254
1824,BMC49A_raw,1.521607506201478
1824,BMC51A_raw,1.310707211593156
1824,BMC52A_raw,1.312771527582326
1824,BMC53A_raw,0.7643931146941009
1824,BMC54A_raw,1.002933288496943
1824,BMC54B_raw,0.7542953035760905
1824,BMC57A_raw,0.7719317783033103
1824,BMC57B_raw,1.4941438100467361
1824,BMC58A_raw,0.7514017919631256
1824,BMC58B_raw,0.9208417678383995
1824,BMC59A_raw,1.233174522073528
1824,BMC59B_raw,0.6522541411575851
1824,BMC60A_raw,1.024057250328157
1824,BMC60B_raw,0.6670093417608187
1824,BMC61B_raw,1.081809782128104
1824,BMC62B_raw,1.0738113569839438
1825,BMC42A_raw,1.013438366086788
1825,BMC42B_raw,1.0942086596713587
1825,BMC43A_raw,1.1679988683628133
1825,BMC47A_raw,1.047846741941589
1825,BMC47B_raw,1.103945685966343
1825,BMC48B_raw,1.0552166375354004
1825,BMC49A_raw,1.2663634713239658
1825,BMC51A_raw,1.1209943322440135
1825,BMC52A_raw,1.2099527001645891
1825,BMC53A_raw,0.9943037884330493
1825,BMC54A_raw,1.0689907072157763
1825,BMC54B_raw,0.6778829576322711
1825,BMC57A_raw,1.417021047633371
1825,BMC57B_raw,1.3176514161249524
1825,BMC58A_raw,0.9134914419167737
1825,BMC58B_raw,1.0828619374922202
1825,BMC59A_raw,1.249403386608318
1825,BMC59B_raw,1.0591771693994394
1825,BMC60A_raw,1.0721623885126783
1825,BMC60B_raw,1.0024942194687438
1825,BMC61B_raw,1.3486425547441963
1825,BMC62B_raw,1.0868813129749468
1826,BMC42A_raw,1.0739782088877243
1826,BMC42B_raw,0.8899433303319835
1826,BMC43A_raw,1.2394432063767904
1826,BMC47A_raw,1.0367999081997568
1826,BMC47B_raw,0.8310499665599589
1826,BMC48B_raw,1.441120567415903
1826,BMC49A_raw,1.336085698208535
1826,BMC51A_raw,0.9517476965984115
1826,BMC52A_raw,1.4318994258599724
1826,BMC53A_raw,0.9311673568561067
1826,BMC54A_raw,1.0703285599321493
1826,BMC54B_raw,0.6925587179083645
1826,BMC57A_raw,0.9963413656552218
1826,BMC57B_raw,1.1967060588363159
1826,BMC58A_raw,0.931096321308997
1826,BMC58B_raw,0.9961795278299911
1826,BMC59A_raw,1.5739247240773966
1826,BMC59B_raw,0.885959107558637
1826,BMC60A_raw,1.1454329936573544
1826,BMC60B_raw,0.9087604873342214
1826,BMC61B_raw,1.1824525582756629
1826,BMC62B_raw,1.0740593175750694
1827,BMC42A_raw,0.8957451565723781
1827,BMC42B_raw,0.9296011269720647
1827,BMC43A_raw,1.0844742470887532
1827,BMC47A_raw,1.0869984022750843
1827,BMC47B_raw,1.0931995845522555
1827,BMC48B_raw,1.1751990406715505
1827,BMC49A_raw,0.9430059102067653
1827,BMC51A_raw,1.0093260138126237
1827,BMC52A_raw,1.2406131579667923
1827,BMC53A_raw,0.851359689315481
1827,BMC54A_raw,1.0824763191213569
1827,BMC54B_raw,0.6417963893296157
1827,BMC57A_raw,1.2932099415438127
1827,BMC57B_raw,0.93933135831453
1827,BMC58A_raw,0.9195214506303693
1827,BMC58B_raw,0.8652835013654061
1827,BMC59A_raw,1.541471316126034
1827,BMC59B_raw,0.7269232733568928
1827,BMC60A_raw,0.8375622532040171
1827,BMC60B_raw,0.6828399040073393
1827,BMC61B_raw,1.1441795775382166
1827,BMC62B_raw,1.035338220125403
1828,BMC42A_raw,1.207287052376869
1828,BMC42B_raw,1.120387749220299
1828,BMC43A_raw,0.9533666616905251
1828,BMC47A_raw,1.0138823024298094
1828,BMC47B_raw,1.1276728472617834
1828,BMC48B_raw,1.5582701815681195
1828,BMC49A_raw,1.1498400003405762
1828,BMC51A_raw,1.2089730377461803
1828,BMC52A_raw,1.285647684694724
1828,BMC53A_raw,0.9352648698790809
1828,BMC54A_raw,0.9645793628053102
1828,BMC54B_raw,0.7745767874602167
1828,BMC57A_raw,1.14963454134249
1828,BMC57B_raw,0.9869845140955373
1828,BMC58A_raw,0.8492046266918907
1828,BMC58B_raw,1.0130329438105576
1828,BMC59A_raw,1.6875017253181634
1828,BMC59B_raw,0.7858572415494562
1828,BMC60A_raw,1.0376101492372802
1828,BMC60B_raw,0.8280883352256918
1828,BMC61B_raw,1.2440774855496461
1828,BMC62B_raw,1.2166264936922686
1829,BMC42A_raw,1.0527701036661854
1829,BMC42B_raw,1.1983159214168915
1829,BMC43A_raw,1.1917073312950328
1829,BMC47A_raw,0.9304847329688982
1829,BMC47B_raw,0.8773123075855367
1829,BMC48B_raw,1.2892361381705755
1829,BMC49A_raw,1.0306792550489792
1829,BMC51A_raw,1.0603319282614596
1829,BMC52A_raw,1.1977381789901964
1829,BMC53A_raw,0.4933148350023739
1829,BMC54A_raw,1.0308464381597024
1829,BMC54B_raw,0.5921432863953001
1829,BMC57A_raw,1.2121292715508327
1829,BMC57B_raw,0.9324931593515451
1829,BMC58A_raw,0.9105334480505279
1829,BMC58B_raw,0.8083428096798718
1829,BMC59A_raw,1.1358146427426272
1829,BMC59B_raw,0.3350469269943006
1829,BMC60A_raw,0.6056351277754947
1829,BMC60B_raw,0.6972923063102248
1829,BMC61B_raw,1.0279152122885793
1829,BMC62B_raw,1.16494242641537
1830,BMC42A_raw,0.8979860581142225
1830,BMC42B_raw,0.8972940996021633
1830,BMC43A_raw,1.2036440829768889
1830,BMC47A_raw,0.8267247420228038
1830,BMC47B_raw,0.7977615063879306
1830,BMC48B_raw,1.3118571963591201
1830,BMC49A_raw,1.0316488937103736
1830,BMC51A_raw,1.1629993655454705
1830,BMC52A_raw,1.5980948093337917
1830,BMC53A_raw,0.6921312399638763
1830,BMC54A_raw,1.1081169713981631
1830,BMC54B_raw,0.7781412536089105
1830,BMC57A_raw,1.1267017287906986
1830,BMC57B_raw,0.7865223797031453
1830,BMC58A_raw,0.6922759588190986
1830,BMC58B_raw,0.8238908484298694
1830,BMC59A_raw,1.0871320979480772
1830,BMC59B_raw,0.8603085976446494
1830,BMC60A_raw,0.9058473300762974
1830,BMC60B_raw,0.8309434491371238
1830,BMC61B_raw,1.3851757309252162
1830,BMC62B_raw,1.242685973101179
1831,BMC42A_raw,1.1743232046408425
1831,BMC42B_raw,1.0318712698941135
1831,BMC43A_raw,1.0130016414076246
1831,BMC47A_raw,1.079664159079458
1831,BMC47B_raw,1.1171429032233835
1831,BMC48B_raw,1.1393378977768638
1831,BMC49A_raw,1.4800831861423556
1831,BMC51A_raw,1.2554655896289324
1831,BMC52A_raw,1.5548803427525422
1831,BMC53A_raw,1.1560230361452524
1831,BMC54A_raw,1.2073020809335926
1831,BMC54B_raw,0.832777876909678
1831,BMC57A_raw,1.2191559892360297
1831,BMC57B_raw,0.9369030416588963
1831,BMC58A_raw,1.0044431530331246
1831,BMC58B_raw,1.0161781971771764
1831,BMC59A_raw,1.7686085457838465
1831,BMC59B_raw,0.9195254829049564
1831,BMC60A_raw,0.7903507684601045
1831,BMC60B_raw,1.0132434302317586
1831,BMC61B_raw,1.4064468272404063
1831,BMC62B_raw,1.2815912088460137
1832,BMC42A_raw,1.1632748396784625
1832,BMC42B_raw,0.8624506979337997
1832,BMC43A_raw,1.1322353229939734
1832,BMC47A_raw,1.0162365499091364
1832,BMC47B_raw,1.1972249418939527
1832,BMC48B_raw,1.6000999676870822
1832,BMC49A_raw,0.9991282040119257
1832,BMC51A_raw,1.2381210248612624
1832,BMC52A_raw,1.200460238351138
1832,BMC53A_raw,1.0757320359794493
1832,BMC54A_raw,1.12157942056414
1832,BMC54B_raw,0.7286573835172798
1832,BMC57A_raw,1.1033578256850314
1832,BMC57B_raw,1.0192421569284738
1832,BMC58A_raw,1.2441973825913548
1832,BMC58B_raw,1.1351180680650481
1832,BMC59A_raw,2.0282085251503625
1832,BMC59B_raw,0.8765807637893286
1832,BMC60A_raw,1.125857972437412
1832,BMC60B_raw,0.9906895467539896
1832,BMC61B_raw,1.6657394940819774
1832,BMC62B_raw,1.3722731540575908
1833,BMC42A_raw,1.0921866022619997
1833,BMC42B_raw,0.9972905777426374
1833,BMC43A_raw,1.0250397864363918
1833,BMC47A_raw,0.902210889231615
1833,BMC47B_raw,0.8781673178473903
1833,BMC48B_raw,0.8907003131264924
1833,BMC49A_raw,1.0862700079867098
1833,BMC51A_raw,1.076407546818224
1833,BMC52A_raw,1.3053468913246458
1833,BMC53A_raw,0.8292319474451452
1833,BMC54A_raw,0.91572290398545
1833,BMC54B_raw,0.7435503843991415
1833,BMC57A_raw,1.2111488717223837
1833,BMC57B_raw,0.9412278395482336
1833,BMC58A_raw,0.6980082325043091
1833,BMC58B_raw,0.7378027814753061
1833,BMC59A_raw,1.2818191721850578
1833,BMC59B_raw,0.6580624984620124
1833,BMC60A_raw,0.723496718806571
1833,BMC60B_raw,0.8954105526184467
1833,BMC61B_raw,1.4293127341262477
1833,BMC62B_raw,0.9968785901916506
1834,BMC42A_raw,1.0449978487332534
1834,BMC42B_raw,0.7634883560797981
1834,BMC43A_raw,1.0489659056511347
1834,BMC47A_raw,0.8694749814164842
1834,BMC47B_raw,0.8099185951739527
1834,BMC48B_raw,1.1562793208546294
1834,BMC49A_raw,0.8801765871149315
1834,BMC51A_raw,1.058277393203068
1834,BMC52A_raw,1.306565197108728
1834,BMC53A_raw,0.7644904729718677
1834,BMC54A_raw,0.9058303625061377
1834,BMC54B_raw,0.7984078072709778
1834,BMC57A_raw,1.0346120396973875
1834,BMC57B_raw,0.8053018305861619
1834,BMC58A_raw,0.655130605095071
1834,BMC58B_raw,0.7385004395616026
1834,BMC59A_raw,0.7625957217240759
1834,BMC59B_raw,0.07318718348525992
1834,BMC60A_raw,0.85828503118387
1834,BMC60B_raw,0.7634415727541034
1834,BMC61B_raw,1.0930197909621726
1834,BMC62B_raw,0.9451221612123392
1835,BMC42A_raw,0.8053923480880999
1835,BMC42B_raw,0.6308571051301638
1835,BMC43A_raw,0.9060161085902487
1835,BMC47A_raw,0.9879810250273914
1835,BMC47B_raw,0.8329114766440384
1835,BMC48B_raw,0.716030156462362
1835,BMC49A_raw,1.0191834123885783
1835,BMC51A_raw,0.9169971527843978
1835,BMC52A_raw,0.921444353362934
1835,BMC53A_raw,0.5329241146494079
1835,BMC54A_raw,0.7320141169697042
1835,BMC54B_raw,0.6001039228903147
1835,BMC57A_raw,0.8420152539591245
1835,BMC57B_raw,0.8532131970354104
1835,BMC58A_raw,0.7164560249568579
1835,BMC58B_raw,0.6061298093320155
1835,BMC59A_raw,1.2980251904708535
1835,BMC59B_raw,0.6446508378505268
1835,BMC60A_raw,0.5333739668298725
1835,BMC60B_raw,0.5582340611588551
1835,BMC61B_raw,1.134002021446376
1835,BMC62B_raw,0.6991483132549395
1836,BMC42A_raw,0.8541290274228533
1836,BMC42B_raw,0.829645101391337
1836,BMC43A_raw,0.9418900024860501
1836,BMC47A_raw,0.9448077327039002
1836,BMC47B_raw,0.6961380499376565
1836,BMC48B_raw,1.062779542746955
1836,BMC49A_raw,0.8645084884961505
1836,BMC51A_raw,1.0328183636590311
1836,BMC52A_raw,1.3538511384048493
1836,BMC53A_raw,0.9011626904818849
1836,BMC54A_raw,0.9734245709902712
1836,BMC54B_raw,0.8954024899798194
1836,BMC57A_raw,1.025253892611847
1836,BMC57B_raw,0.8435264011833298
1836,BMC58A_raw,0.6882410141190416
1836,BMC58B_raw,0.7694436139947645
1836,BMC59A_raw,1.6711937896808968
1836,BMC59B_raw,0.9532098179142552
1836,BMC60A_raw,1.0266678867026628
1836,BMC60B_raw,0.6805322667211291
1836,BMC61B_raw,1.1053711826908872
1836,BMC62B_raw,0.8674769860274498
1837,BMC42A_raw,1.0233222136951305
1837,BMC42B_raw,0.7989024359485064
1837,BMC43A_raw,0.9181669931233588
1837,BMC47A_raw,0.8015553782653799
1837,BMC47B_raw,0.6620331938108198
1837,BMC48B_raw,0.7864043873126861
1837,BMC49A_raw,1.1768069856056793
1837,BMC51A_raw,0.9692078866109682
1837,BMC52A_raw,1.370224615452806
1837,BMC53A_raw,1.0200611538864708
1837,BMC54A_raw,0.843067488453637
1837,BMC54B_raw,0.7633731151817207
1837,BMC57A_raw,0.9978003810558491
1837,BMC57B_raw,0.8685027449130961
1837,BMC58A_raw,0.8997679123415113
1837,BMC58B_raw,0.814551476887585
1837,BMC59A_raw,0.9248275475381975
1837,BMC59B_raw,0.4697046102851354
1837,BMC60A_raw,0.8387981526837447
1837,BMC60B_raw,0.8031307450313288
1837,BMC61B_raw,1.1165582852248246
1837,BMC62B_raw,1.0487527678976358
1838,BMC42A_raw,0.9638461929101222
1838,BMC42B_raw,0.7040371550990182
1838,BMC43A_raw,0.8825260964259718
1838,BMC47A_raw,0.9387281931239105
1838,BMC47B_raw,0.9932396226888262
1838,BMC48B_raw,1.1038144105277392
1838,BMC49A_raw,0.8660868890905876
1838,BMC51A_raw,0.8937685691400382
1838,BMC52A_raw,0.9542889091838711
1838,BMC53A_raw,1.1059108175264039
1838,BMC54A_raw,0.8987447778941224
1838,BMC54B_raw,0.7381286044392477
1838,BMC57A_raw,0.8640482799365042
1838,BMC57B_raw,0.7891081013992353
1838,BMC58A_raw,0.976904411846091
1838,BMC58B_raw,0.7263151911446948
1838,BMC59A_raw,1.476466150212978
1838,BMC59B_raw,0.7051998100744561
1838,BMC60A_raw,1.0210145429983257
1838,BMC60B_raw,0.7919854437747321
1838,BMC61B_raw,0.9082063209170833
1838,BMC62B_raw,0.9451776200737217
1839,BMC42A_raw,0.9163292910781985
1839,BMC42B_raw,0.8139786728274091
1839,BMC43A_raw,0.84688812644319
1839,BMC47A_raw,0.995236807273654
1839,BMC47B_raw,0.7993053252341622
1839,BMC48B_raw,0.6713335702884532
1839,BMC49A_raw,1.161607449178525
1839,BMC51A_raw,0.9880769871471762
1839,BMC52A_raw,1.3286379686164773
1839,BMC53A_raw,0.9570258658562645
1839,BMC54A_raw,0.7350887296788222
1839,BMC54B_raw,0.6858601527440731
1839,BMC57A_raw,1.1095202928984198
1839,BMC57B_raw,0.976804241057282
1839,BMC58A_raw,0.8735543631806505
1839,BMC58B_raw,0.8159355376475265
1839,BMC59A_raw,1.4115539064429363
1839,BMC59B_raw,0.5587879782889792
1839,BMC60A_raw,0.883284600239092
1839,BMC60B_raw,0.7197766698425828
1839,BMC61B_raw,1.0291084735975164
1839,BMC62B_raw,1.3206596698193214
1840,BMC42A_raw,0.8204707377892513
1840,BMC42B_raw,0.7444982696531811
1840,BMC43A_raw,1.073714898038548
1840,BMC47A_raw,0.8925542601977894
1840,BMC47B_raw,0.662398750256095
1840,BMC48B_raw,1.1041166044671882
1840,BMC49A_raw,1.214712965093657
1840,BMC51A_raw,0.9576691091544793
1840,BMC52A_raw,1.3452281253116005
1840,BMC53A_raw,0.8579944699994924
1840,BMC54A_raw,0.9444898902540927
1840,BMC54B_raw,0.71420997729749
1840,BMC57A_raw,0.8076495124426691
1840,BMC57B_raw,1.0020972631177487
1840,BMC58A_raw,0.8904341403077038
1840,BMC58B_raw,0.7720610269823882
1840,BMC59A_raw,1.4277656744224654
1840,BMC59B_raw,0.5887248343094923
1840,BMC60A_raw,1.0888847649183135
1840,BMC60B_raw,0.8061436987726196
1840,BMC61B_raw,0.6801649069095329
1840,BMC62B_raw,1.1652827081615922
1841,BMC42A_raw,0.4950513527364371
1841,BMC42B_raw,0.6041191441749184
1841,BMC43A_raw,0.8352762670632142
1841,BMC47A_raw,1.0276555327457284
1841,BMC47B_raw,1.0965707044011068
1841,BMC48B_raw,0.7984555073712901
1841,BMC49A_raw,0.5036890469477111
1841,BMC51A_raw,0.9613211177706755
1841,BMC52A_raw,0.8979677306258138
1841,BMC53A_raw,0.0016856703250744426
1841,BMC54A_raw,0.45072125980376126
1841,BMC54B_raw,0.418586178786293
1841,BMC57A_raw,0.0015278011717423372
1841,BMC57B_raw,0.46702127447089276
1841,BMC58A_raw,0.5897497025950763
1841,BMC58B_raw,0.2674650527204281
1841,BMC59A_raw,0.6327539669068541
1841,BMC59B_raw,0.45666671911991696
1841,BMC60A_raw,0.707706894238264
1841,BMC60B_raw,0.5502818085932742
1841,BMC61B_raw,0.6108247698025151
1841,BMC62B_raw,0.41431900358670143
1842,BMC42A_raw,0.9908056819128015
1842,BMC42B_raw,0.9202695162099879
1842,BMC43A_raw,0.44159714562557145
1842,BMC47A_raw,1.2699524346243527
1842,BMC47B_raw,1.0739011152643259
1842,BMC48B_raw,0.8011873500935583
1842,BMC49A_raw,1.1994999928269465
1842,BMC51A_raw,1.114293670696491
1842,BMC52A_raw,1.5885098869764551
1842,BMC53A_raw,0.7938193131024358
1842,BMC54A_raw,0.9683304214150112
1842,BMC54B_raw,0.9741307383774017
1842,BMC57A_raw,0.35228911800503604
1842,BMC57B_raw,1.1113406865947058
1842,BMC58A_raw,0.924171670904657
1842,BMC58B_raw,0.5353459671927231
1842,BMC59A_raw,1.3303934601757743
1842,BMC59B_raw,0.9141365158646922
1842,BMC60A_raw,1.1682619943795864
1842,BMC60B_raw,0.9181630994204765
1842,BMC61B_raw,0.9523390251357171
1842,BMC62B_raw,1.6443068408025832
1843,BMC42A_raw,0.9068598974430505
1843,BMC42B_raw,0.7668455609916116
1843,BMC43A_raw,0.8475826429946633
1843,BMC47A_raw,1.039569117381225
1843,BMC47B_raw,1.1426275655110394
1843,BMC48B_raw,1.0662803234206257
1843,BMC49A_raw,0.9743691649724712
1843,BMC51A_raw,0.8301994341820094
1843,BMC52A_raw,1.065454160151644
1843,BMC53A_raw,0.5076788263167629
1843,BMC54A_raw,0.826057460666018
1843,BMC54B_raw,0.664248726234893
1843,BMC57A_raw,0.47601663438714
1843,BMC57B_raw,1.0196970168151884
1843,BMC58A_raw,0.8954921157759271
1843,BMC58B_raw,0.4315775949768272
1843,BMC59A_raw,1.4926227151033857
1843,BMC59B_raw,0.6640640633828919
1843,BMC60A_raw,0.922436578270565
1843,BMC60B_raw,0.8578766104936412
1843,BMC61B_raw,0.8128930503597297
1843,BMC62B_raw,1.3076547943923504
1844,BMC42A_raw,0.810688697003211
1844,BMC42B_raw,0.9937192409141272
1844,BMC43A_raw,1.086603130664661
1844,BMC47A_raw,1.0257876467640417
1844,BMC47B_raw,1.1885120816320491
1844,BMC48B_raw,0.7816463335721856
1844,BMC49A_raw,1.0100560385517992
1844,BMC51A_raw,1.0763062739695917
1844,BMC52A_raw,1.0970052301802504
1844,BMC53A_raw,0.7460317305500236
1844,BMC54A_raw,0.8709145430609654
1844,BMC54B_raw,0.8964307789461476
1844,BMC57A_raw,0.2616872872513622
1844,BMC57B_raw,1.0098565833913984
1844,BMC58A_raw,0.8514376551401373
1844,BMC58B_raw,0.4021101192666759
1844,BMC59A_raw,1.3790408161966659
1844,BMC59B_raw,1.0191099754509712
1844,BMC60A_raw,0.9684503704351534
1844,BMC60B_raw,1.0059852439218906
1844,BMC61B_raw,0.7736033885536286
1844,BMC62B_raw,1.5536172592867963
1845,BMC42A_raw,0.7991342479422926
1845,BMC42B_raw,0.8722905328545296
1845,BMC43A_raw,1.325760313141237
1845,BMC47A_raw,0.827147855421318
1845,BMC47B_raw,1.154395403113189
1845,BMC48B_raw,0.8912707615667989
1845,BMC49A_raw,1.1155190134535355
1845,BMC51A_raw,1.1266953127487056
1845,BMC52A_raw,1.3243240184920457
1845,BMC53A_raw,0.6455321628467001
1845,BMC54A_raw,1.1585868026858654
1845,BMC54B_raw,1.1294767931072143
1845,BMC57A_raw,0.6172355744741268
1845,BMC57B_raw,0.9293483377826466
1845,BMC58A_raw,0.8071695861134628
1845,BMC58B_raw,0.6706651104011313
1845,BMC59A_raw,1.4925951141399105
1845,BMC59B_raw,1.079110018965389
1845,BMC60A_raw,1.1108371868855405
1845,BMC60B_raw,1.1543560968945281
1845,BMC61B_raw,1.0761903522606926
1845,BMC62B_raw,1.5535802024088072
1846,BMC42A_raw,0.7027428461886969
1846,BMC42B_raw,1.0675797557604454
1846,BMC43A_raw,1.111076652743718
1846,BMC47A_raw,0.775407476671399
1846,BMC47B_raw,0.9487935624822847
1846,BMC48B_raw,0.6455386556553168
1846,BMC49A_raw,0.7850305039975056
1846,BMC51A_raw,0.9209171048791903
1846,BMC52A_raw,1.1002105373366418
1846,BMC53A_raw,0.4425171930011794
1846,BMC54A_raw,0.7620273863817505
1846,BMC54B_raw,0.913458028864085
1846,BMC57A_raw,0.541377280406318
1846,BMC57B_raw,0.8720753002030132
1846,BMC58A_raw,0.8237144492735341
1846,BMC58B_raw,0.7158765676329771
1846,BMC59A_raw,1.4925814462082225
1846,BMC59B_raw,1.0356385780251398
1846,BMC60A_raw,1.0839049309403495
1846,BMC60B_raw,0.9587920335210722
1846,BMC61B_raw,0.7350280361254479
1846,BMC62B_raw,1.3464000464995598
1847,BMC42A_raw,0.9820695794801418
1847,BMC42B_raw,0.9783382092424644
1847,BMC43A_raw,1.5177153754651598
1847,BMC47A_raw,0.955729160351598
1847,BMC47B_raw,0.971785761223932
1847,BMC48B_raw,0.9792552494450019
1847,BMC49A_raw,0.9777694950520939
1847,BMC51A_raw,1.1932387750993256
1847,BMC52A_raw,1.2528160000873907
1847,BMC53A_raw,0.801438179789916
1847,BMC54A_raw,1.1053380192486781
1847,BMC54B_raw,1.2702800144251245
1847,BMC57A_raw,0.9457719322633892
1847,BMC57B_raw,0.9326113492838661
1847,BMC58A_raw,0.9777497160410287
1847,BMC58B_raw,0.9551519695544868
1847,BMC59A_raw,1.5250150423564002
1847,BMC59B_raw,1.0216990898682548
1847,BMC60A_raw,1.2132971706765296
1847,BMC60B_raw,1.2918768336108688
1847,BMC61B_raw,0.997906035995639
1847,BMC62B_raw,1.5146552828732567
1848,BMC42A_raw,0.8977883320021496
1848,BMC42B_raw,0.895355551467095
1848,BMC43A_raw,0.9921942052189123
1848,BMC47A_raw,0.6345868586782565
1848,BMC47B_raw,1.0633840592361372
1848,BMC48B_raw,0.6822766051621227
1848,BMC49A_raw,1.2232586425249492
1848,BMC51A_raw,0.9508659966173917
1848,BMC52A_raw,0.9372843164772684
1848,BMC53A_raw,0.7345965169512174
1848,BMC54A_raw,0.9513900862946583
1848,BMC54B_raw,0.9989188844992369
1848,BMC57A_raw,0.8547267453628657
1848,BMC57B_raw,0.957834282804473
1848,BMC58A_raw,0.8414859875464114
1848,BMC58B_raw,1.0901919535029236
1848,BMC59A_raw,1.4763311277767097
1848,BMC59B_raw,1.2448395247135058
1848,BMC60A_raw,1.2222336610566666
1848,BMC60B_raw,1.3422854541584333
1848,BMC61B_raw,0.9687159049727592
1848,BMC62B_raw,1.3463171165163863
1849,BMC42A_raw,0.8255290766763747
1849,BMC42B_raw,0.8381488073203263
1849,BMC43A_raw,1.1001319631544446
1849,BMC47A_raw,0.7852359037382478
1849,BMC47B_raw,1.0292076248108286
1849,BMC48B_raw,0.5922241981158423
1849,BMC49A_raw,1.1893187250606194
1849,BMC51A_raw,1.1072383589338348
1849,BMC52A_raw,1.2415879450474374
1849,BMC53A_raw,0.8728743072748963
1849,BMC54A_raw,0.9189561977099597
1849,BMC54B_raw,1.151504415752863
1849,BMC57A_raw,0.9501358981780407
1849,BMC57B_raw,0.9357171077923165
1849,BMC58A_raw,1.0265214338942512
1849,BMC58B_raw,0.9265131113520014
1849,BMC59A_raw,1.4114249921886721
1849,BMC59B_raw,1.082713503880807
1849,BMC60A_raw,1.2550552014471177
1849,BMC60B_raw,1.183208312230245
1849,BMC61B_raw,0.9192514624717925
1849,BMC62B_raw,1.1909319928745856
1850,BMC42A_raw,0.7045777717889402
1850,BMC42B_raw,0.7222404087038
1850,BMC43A_raw,0.8492977731336494
1850,BMC47A_raw,0.6199178083541661
1850,BMC47B_raw,1.0064546610966014
1850,BMC48B_raw,0.40132906928128925
1850,BMC49A_raw,0.9277512298411581
1850,BMC51A_raw,1.0045733626820577
1850,BMC52A_raw,1.273912876370959
1850,BMC53A_raw,0.9087646667715266
1850,BMC54A_raw,0.7756447289581923
1850,BMC54B_raw,1.0299464644353038
1850,BMC57A_raw,0.9678811186992344
1850,BMC57B_raw,0.8541663453784988
1850,BMC58A_raw,0.8898230280427535
1850,BMC58B_raw,0.8523280887476274
1850,BMC59A_raw,1.1842888462996888
1850,BMC59B_raw,0.9203127729226042
1850,BMC60A_raw,0.8227224195216002
1850,BMC60B_raw,1.0854996713923346
1850,BMC61B_raw,0.7584354425504635
1850,BMC62B_raw,0.9708331986912325
1851,BMC42A_raw,0.7414887229978243
1851,BMC42B_raw,0.8080197650922167
1851,BMC43A_raw,0.8615590973711451
1851,BMC47A_raw,0.8168690463701168
1851,BMC47B_raw,0.9150618051097146
1851,BMC48B_raw,0.586599056620023
1851,BMC49A_raw,0.981086265993884
1851,BMC51A_raw,0.8537170664055153
1851,BMC52A_raw,1.032947674621592
1851,BMC53A_raw,0.6699264497956158
1851,BMC54A_raw,0.7762516408580278
1851,BMC54B_raw,1.0317389588541204
1851,BMC57A_raw,0.7666266172734391
1851,BMC57B_raw,0.6891453495084345
1851,BMC58A_raw,0.7373498083906975
1851,BMC58B_raw,0.8678095855658434
1851,BMC59A_raw,0.95715679469969
1851,BMC59B_raw,0.965620895091285
1851,BMC60A_raw,0.78503707591582506
1851,BMC60B_raw,1.1110470688743797
1851,BMC61B_raw,0.9313351212337159
1851,BMC62B_raw,1.0872916774922106
1852,BMC42A_raw,0.8027655785712455
1852,BMC42B_raw,0.7439818824346268
1852,BMC43A_raw,1.0893090328480293
1852,BMC47A_raw,0.8797762767044875
1852,BMC47B_raw,0.9952369702921887
1852,BMC48B_raw,0.621460132151002
1852,BMC49A_raw,1.174774711706169
1852,BMC51A_raw,1.1419303820762596
1852,BMC52A_raw,1.049878327074287
1852,BMC53A_raw,0.6539221029158714
1852,BMC54A_raw,0.9544084932362855
1852,BMC54B_raw,1.1024067374303623
1852,BMC57A_raw,1.1289137611671054
1852,BMC57B_raw,1.0828731212520253
1852,BMC58A_raw,1.1381403996830266
1852,BMC58B_raw,0.8982656340562011
1852,BMC59A_raw,1.443834617185035
1852,BMC59B_raw,0.9217879226634963
1852,BMC60A_raw,1.222184389749269
1852,BMC60B_raw,1.260141584080261
1852,BMC61B_raw,0.6992365689955838
1852,BMC62B_raw,1.1907958438485067
1853,BMC42A_raw,0.8762817094702996
1853,BMC42B_raw,0.8301100166045435
1853,BMC43A_raw,1.3292172330726282
1853,BMC47A_raw,0.7820020963674231
1853,BMC47B_raw,1.2470346714990626
1853,BMC48B_raw,0.9256966228661672
1853,BMC49A_raw,1.1757426394618253
1853,BMC51A_raw,0.95458051338619
1853,BMC52A_raw,1.295508087646432
1853,BMC53A_raw,0.758521636866436
1853,BMC54A_raw,0.8773765679232183
1853,BMC54B_raw,1.1180683248511387
1853,BMC57A_raw,0.8642001361187421
1853,BMC57B_raw,0.9295327755486401
1853,BMC58A_raw,1.2318613128389686
1853,BMC58B_raw,1.0485795489336356
1853,BMC59A_raw,1.7358319034108214
1853,BMC59B_raw,1.220100789020481
1853,BMC60A_raw,1.1837610670440788
1853,BMC60B_raw,1.1745153863005524
1853,BMC61B_raw,0.9332877841043954
1853,BMC62B_raw,1.4625475384952868
1854,BMC42A_raw,0.876812182406744
1854,BMC42B_raw,0.9165433473375341
1854,BMC43A_raw,0.8984700261512791
1854,BMC47A_raw,0.7037846772048136
1854,BMC47B_raw,0.7551596732128735
1854,BMC48B_raw,0.5312134737779302
1854,BMC49A_raw,1.0362013770735483
1854,BMC51A_raw,1.0891422452119515
1854,BMC52A_raw,1.1603161387438852
1854,BMC53A_raw,0.3281215669803271
1854,BMC54A_raw,0.8668989254075848
1854,BMC54B_raw,0.8572246394840471
1854,BMC57A_raw,1.2596441499961002
1854,BMC57B_raw,1.1098587196362115
1854,BMC58A_raw,0.971173501409621
1854,BMC58B_raw,0.9742252370380715
1854,BMC59A_raw,1.4762564405813343
1854,BMC59B_raw,1.0274720160075141
1854,BMC60A_raw,1.0983045492215195
1854,BMC60B_raw,0.952640144190193
1854,BMC61B_raw,0.8530123537004579
1854,BMC62B_raw,1.3330617558647442
1855,BMC42A_raw,0.8773357400843511
1855,BMC42B_raw,0.9377216974281255
1855,BMC43A_raw,1.3782104142273988
1855,BMC47A_raw,0.7663940466297315
1855,BMC47B_raw,0.961202892652297
1855,BMC48B_raw,0.988386697401372
1855,BMC49A_raw,0.984309835404272
1855,BMC51A_raw,1.0203485439505815
1855,BMC52A_raw,1.0246809656903502
1855,BMC53A_raw,0.6054916127608131
1855,BMC54A_raw,0.9564871713078004
1855,BMC54B_raw,1.05250554935312
1855,BMC57A_raw,1.0255582846302254
1855,BMC57B_raw,0.9799279473486837
1855,BMC58A_raw,1.2345487372837836
1855,BMC58B_raw,1.1996973299752518
1855,BMC59A_raw,1.1842404196688425
1855,BMC59B_raw,1.2667048645074372
1855,BMC60A_raw,1.2606965997629414
1855,BMC60B_raw,1.0894602392750399
1855,BMC61B_raw,1.2198344472600833
1855,BMC62B_raw,1.3718287665040352
1856,BMC42A_raw,0.7559284879010778
1856,BMC42B_raw,0.9261708424363205
1856,BMC43A_raw,1.258891475715568
1856,BMC47A_raw,0.9867736101883952
1856,BMC47B_raw,0.9269576595950719
1856,BMC48B_raw,0.829356764414493
1856,BMC49A_raw,1.0202822762932318
1856,BMC51A_raw,1.1436809115080853
1856,BMC52A_raw,1.332886646747904
1856,BMC53A_raw,0.6065409235546326
1856,BMC54A_raw,1.1240895697616289
1856,BMC54B_raw,0.9987100123846183
1856,BMC57A_raw,1.090857551096643
1856,BMC57B_raw,1.0410610235536029
1856,BMC58A_raw,1.143115894931826
1856,BMC58B_raw,0.9452595955964079
1856,BMC59A_raw,1.2977878327307881
1856,BMC59B_raw,0.9693978159413448
1856,BMC60A_raw,1.0814656393969209
1856,BMC60B_raw,0.9910536333645688
1856,BMC61B_raw,0.9768538732020194
1856,BMC62B_raw,1.3588261540355904
1857,BMC42A_raw,0.866162854366118
1857,BMC42B_raw,0.7896043087990238
1857,BMC43A_raw,1.0075473714262861
1857,BMC47A_raw,1.0292578733970532
1857,BMC47B_raw,1.05293128191122
1857,BMC48B_raw,0.8392442563346082
1857,BMC49A_raw,0.9858839273044133
1857,BMC51A_raw,1.243468944105048
1857,BMC52A_raw,1.3659425651017303
1857,BMC53A_raw,0.5381444108908545
1857,BMC54A_raw,1.1137058490547658
1857,BMC54B_raw,1.0558565439079204
1857,BMC57A_raw,0.9187593693607069
1857,BMC57B_raw,0.8986201955475047
1857,BMC58A_raw,1.0978329504818864
1857,BMC58B_raw,1.0508257871850863
1857,BMC59A_raw,1.7520005729266572
1857,BMC59B_raw,0.9402817062663579
1857,BMC60A_raw,0.8678921480493345
1857,BMC60B_raw,0.8924962595849104
1857,BMC61B_raw,1.1306156030676942
1857,BMC62B_raw,1.0611300901819343
1858,BMC42A_raw,0.8056266886841171
1858,BMC42B_raw,6.591856437248348e-4
1858,BMC43A_raw,0.9599954955845068
1858,BMC47A_raw,0.7573962429805445
1858,BMC47B_raw,0.7554256813342308
1858,BMC48B_raw,0.8236223469269741
1858,BMC49A_raw,0.7928526783401224
1858,BMC51A_raw,0.9079040053159312
1858,BMC52A_raw,1.1838846846939506
1858,BMC53A_raw,0.2434464181548158
1858,BMC54A_raw,0.9138344473279594
1858,BMC54B_raw,0.723548175070405
1858,BMC57A_raw,0.666593114851698
1858,BMC57B_raw,0.7677758594648408
1858,BMC58A_raw,0.9595526221305252
1858,BMC58B_raw,0.9011550228619779
1858,BMC59A_raw,1.3464351630139815
1858,BMC59B_raw,0.9559227148927726
1858,BMC60A_raw,0.7840232489607312
1858,BMC60B_raw,0.6325567173853494
1858,BMC61B_raw,0.7544875092062295
1858,BMC62B_raw,1.0222608394395731
1859,BMC42A_raw,0.8549352180044489
1859,BMC42B_raw,0.44907640234466845
1859,BMC43A_raw,0.44420118797082214
1859,BMC47A_raw,0.31283620219158376
1859,BMC47B_raw,0.25182824634859463
1859,BMC48B_raw,0.5357561813636331
1859,BMC49A_raw,0.9521661509382242
1859,BMC51A_raw,1.0923616152340527
1859,BMC52A_raw,1.3862598031730726
1859,BMC53A_raw,0.5922235310309467
1859,BMC54A_raw,1.3716214935518336
1859,BMC54B_raw,1.0869759378323969
1859,BMC57A_raw,0.6519527126210233
1859,BMC57B_raw,1.0209273604682187
1859,BMC58A_raw,0.8364704752522419
1859,BMC58B_raw,0.8114302114382347
1859,BMC59A_raw,1.4437576927298608
1859,BMC59B_raw,1.046315974988407
1859,BMC60A_raw,1.7980667724928807
1859,BMC60B_raw,0.6577329017320818
1859,BMC61B_raw,0.928719580659783
1859,BMC62B_raw,0.40112147162732364
1860,BMC42A_raw,1.1609155312716792
1860,BMC42B_raw,1.0652846949763601
1860,BMC43A_raw,0.9488762298522204
1860,BMC47A_raw,0.6874655190533511
1860,BMC47B_raw,0.7898837880190699
1860,BMC48B_raw,0.5706113617935088
1860,BMC49A_raw,1.0940732303375065
1860,BMC51A_raw,1.143829361669172
1860,BMC52A_raw,1.2499056038175065
1860,BMC53A_raw,0.6630021618099052
1860,BMC54A_raw,1.4840507402454184
1860,BMC54B_raw,1.2142113918913646
1860,BMC57A_raw,0.7965370454426106
1860,BMC57B_raw,1.1423603795190063
1860,BMC58A_raw,1.0232030106850583
1860,BMC58B_raw,0.9020103939460086
1860,BMC59A_raw,1.4761916250266036
1860,BMC59B_raw,1.0770006992543972
1860,BMC60A_raw,1.665953348676654
1860,BMC60B_raw,0.9188385071256
1860,BMC61B_raw,1.0521985158283282
1860,BMC62B_raw,1.0739193492521928
1861,BMC42A_raw,1.0026037925808633
1861,BMC42B_raw,1.3060510198923203
1861,BMC43A_raw,1.009419953602264
1861,BMC47A_raw,0.913200027887809
1861,BMC47B_raw,1.11049509572492
1861,BMC48B_raw,0.8613829982704462
1861,BMC49A_raw,1.0419314030548639
1861,BMC51A_raw,0.8904918227956303
1861,BMC52A_raw,1.035769579627902
1861,BMC53A_raw,0.629146396795149
1861,BMC54A_raw,1.2839716843083442
1861,BMC54B_raw,1.1181584267154747
1861,BMC57A_raw,0.4947485298510956
1861,BMC57B_raw,1.3001377905005784
1861,BMC58A_raw,1.0395267182519714
1861,BMC58B_raw,0.9776206979052825
1861,BMC59A_raw,1.7032867660170203
1861,BMC59B_raw,0.913121750412342
1861,BMC60A_raw,1.604198912729017
1861,BMC60B_raw,0.8323495635636845
1861,BMC61B_raw,1.0327455029494137
1861,BMC62B_raw,1.0479915308719816
1862,BMC42A_raw,0.8074108164538255
1862,BMC42B_raw,1.2024106831955679
1862,BMC43A_raw,1.1061044167106258
1862,BMC47A_raw,0.9735369066124363
1862,BMC47B_raw,0.9846291012844526
1862,BMC48B_raw,0.7685969390780016
1862,BMC49A_raw,0.6185634097795346
1862,BMC51A_raw,1.0760383897958148
1862,BMC52A_raw,1.1925614393597457
1862,BMC53A_raw,0.5076429744598028
1862,BMC54A_raw,1.2735489272629015
1862,BMC54B_raw,1.0777822959937537
1862,BMC57A_raw,0.447662689265357
1862,BMC57B_raw,0.9761567685784841
1862,BMC58A_raw,0.9937255268884593
1862,BMC58B_raw,0.8727216794707325
1862,BMC59A_raw,1.330177328823813
1862,BMC59B_raw,0.6591186677809301
1862,BMC60A_raw,1.2759529297203651
1862,BMC60B_raw,0.9694805383852412
1862,BMC61B_raw,1.0439451581724886
1862,BMC62B_raw,1.242004096597642
1863,BMC42A_raw,0.9547222983801495
1863,BMC42B_raw,1.2914662723568324
1863,BMC43A_raw,0.9021749760380314
1863,BMC47A_raw,1.0516166862063347
1863,BMC47B_raw,1.1449910107013195
1863,BMC48B_raw,1.0346564295196203
1863,BMC49A_raw,0.7958924400774536
1863,BMC51A_raw,0.9559655448618175
1863,BMC52A_raw,1.148228844634165
1863,BMC53A_raw,0.5260005001371394
1863,BMC54A_raw,1.3189817064065612
1863,BMC54B_raw,1.0933284243798793
1863,BMC57A_raw,0.528518473741768
1863,BMC57B_raw,1.1219399130894405
1863,BMC58A_raw,1.1187366985749043
1863,BMC58B_raw,0.9483599346559204
1863,BMC59A_raw,1.3950553660167715
1863,BMC59B_raw,0.7495312947048898
1863,BMC60A_raw,1.2269335534928527
1863,BMC60B_raw,1.0196761648821033
1863,BMC61B_raw,1.444428919938935
1863,BMC62B_raw,1.1384485524240955
1864,BMC42A_raw,0.7715278088402345
1864,BMC42B_raw,1.1741626997955943
1864,BMC43A_raw,1.0711398735991096
1864,BMC47A_raw,1.0659625491703844
1864,BMC47B_raw,0.9274992379911454
1864,BMC48B_raw,0.9417443483381741
1864,BMC49A_raw,0.6371866012985019
1864,BMC51A_raw,0.6141648948272848
1864,BMC52A_raw,0.5596421548173286
1864,BMC53A_raw,0.5970926685747886
1864,BMC54A_raw,0.8835329891701428
1864,BMC54B_raw,0.7579740797756105
1864,BMC57A_raw,0.38502973933901596
1864,BMC57B_raw,0.990230128182931
1864,BMC58A_raw,1.1039428498124544
1864,BMC58B_raw,0.828274879088162
1864,BMC59A_raw,1.1030604048267272
1864,BMC59B_raw,0.4350341713570797
1864,BMC60A_raw,0.7045769965905866
1864,BMC60B_raw,0.6966763534913789
1864,BMC61B_raw,1.0561064798255038
1864,BMC62B_raw,0.7373683136770758
1865,BMC42A_raw,0.8454452145898151
1865,BMC42B_raw,1.1901382662571505
1865,BMC43A_raw,1.1800877764467201
1865,BMC47A_raw,1.1072776176464016
1865,BMC47B_raw,1.0535168550188498
1865,BMC48B_raw,0.8999854617647369
1865,BMC49A_raw,0.832493429490192
1865,BMC51A_raw,0.9232275534206171
1865,BMC52A_raw,1.214836122254461
1865,BMC53A_raw,0.7035811272101188
1865,BMC54A_raw,1.174943416768516
1865,BMC54B_raw,1.1806831849459087
1865,BMC57A_raw,0.2571126170276682
1865,BMC57B_raw,0.9307489349086857
1865,BMC58A_raw,0.9801808322577007
1865,BMC58B_raw,0.8436715176749513
1865,BMC59A_raw,1.3788174922145993
1865,BMC59B_raw,0.6755232520376772
1865,BMC60A_raw,0.9105824170038176
1865,BMC60B_raw,0.8587718098374821
1865,BMC61B_raw,1.1596745421337393
1865,BMC62B_raw,1.151273399545247
1866,BMC42A_raw,1.0297642748971205
1866,BMC42B_raw,1.2732703189315908
1866,BMC43A_raw,1.3855540144511311
1866,BMC47A_raw,1.0317464792025817
1866,BMC47B_raw,1.0535746334653064
1866,BMC48B_raw,0.9267305428425913
1866,BMC49A_raw,0.9394510884263328
1866,BMC51A_raw,0.851127622167842
1866,BMC52A_raw,1.0922946530367703
1866,BMC53A_raw,0.8280125462743809
1866,BMC54A_raw,1.3770760704876908
1866,BMC54B_raw,1.1118948573727498
1866,BMC57A_raw,0.4184859132986992
1866,BMC57B_raw,1.6575483812544254
1866,BMC58A_raw,1.2765625111467762
1866,BMC58B_raw,1.2358544197462835
1866,BMC59A_raw,1.443694911610302
1866,BMC59B_raw,1.0214943163056172
1866,BMC60A_raw,1.0122279818252469
1866,BMC60B_raw,0.859121819924273
1866,BMC61B_raw,1.407210740716824
1866,BMC62B_raw,1.228827488715412
1867,BMC42A_raw,1.349181023538715
1867,BMC42B_raw,1.269539995809313
1867,BMC43A_raw,1.0849526390162103
1867,BMC47A_raw,0.8763112720840776
1867,BMC47B_raw,1.0650818623059426
1867,BMC48B_raw,1.357217044761165
1867,BMC49A_raw,1.1707228272089922
1867,BMC51A_raw,1.1247374949395499
1867,BMC52A_raw,1.2194333441467016
1867,BMC53A_raw,0.6528587165353105
1867,BMC54A_raw,1.3105608002729432
1867,BMC54B_raw,1.1556389403195788
1867,BMC57A_raw,0.515876134475923
1867,BMC57B_raw,1.3562887581781913
1867,BMC58A_raw,1.7134413653571734
1867,BMC58B_raw,1.1609324837112032
1867,BMC59A_raw,2.27096843904036
1867,BMC59B_raw,1.022191058273036
1867,BMC60A_raw,1.3889747281468803
1867,BMC60B_raw,1.0836611438132548
1867,BMC61B_raw,1.1411325036356372
1867,BMC62B_raw,1.5650620517323321
1868,BMC42A_raw,1.1044242637601849
1868,BMC42B_raw,1.023466920690172
1868,BMC43A_raw,1.0976339161756703
1868,BMC47A_raw,0.9002130785846135
1868,BMC47B_raw,1.042228111929765
1868,BMC48B_raw,1.0146515880547058
1868,BMC49A_raw,0.6390295963774388
1868,BMC51A_raw,1.003057033015112
1868,BMC52A_raw,0.7831730289065182
1868,BMC53A_raw,0.7422305151859627
1868,BMC54A_raw,1.1543047618566058
1868,BMC54B_raw,0.9313505845642372
1868,BMC57A_raw,0.5166749896810827
1868,BMC57B_raw,1.4059364149512648
1868,BMC58A_raw,1.3403235865461438
1868,BMC58B_raw,1.2216838572227424
1868,BMC59A_raw,2.3520621379817888
1868,BMC59B_raw,1.1281775503484974
1868,BMC60A_raw,0.9279337334055686
1868,BMC60B_raw,0.8971545107627598
1868,BMC61B_raw,1.01862982247866
1868,BMC62B_raw,1.6684562956206501
1869,BMC42A_raw,1.0190238263481115
1869,BMC42B_raw,1.1610004844618513
1869,BMC43A_raw,1.1465492852024795
1869,BMC47A_raw,0.8973715946064832
1869,BMC47B_raw,1.019369367944012
1869,BMC48B_raw,1.5320715737299848
1869,BMC49A_raw,0.8348743208635284
1869,BMC51A_raw,0.8064028281286684
1869,BMC52A_raw,0.8945176994473143
1869,BMC53A_raw,0.5486771904932223
1869,BMC54A_raw,1.0651540218811064
1869,BMC54B_raw,1.0031778060100545
1869,BMC57A_raw,0.8085254287178198
1869,BMC57B_raw,1.067454478434821
1869,BMC58A_raw,1.4657522816787358
1869,BMC58B_raw,1.2522885746058632
1869,BMC59A_raw,2.3844923298194063
1869,BMC59B_raw,0.9332496581903418
1869,BMC60A_raw,1.2690753551424583
1869,BMC60B_raw,0.8476105466876321
1869,BMC61B_raw,1.1327537272492074
1869,BMC62B_raw,1.4614453573430568
1870,BMC42A_raw,1.0440828265382562
1870,BMC42B_raw,1.1842510397676702
1870,BMC43A_raw,1.1351547059564784
1870,BMC47A_raw,0.859183393777953
1870,BMC47B_raw,0.7788781821758182
1870,BMC48B_raw,1.4042787257706164
1870,BMC49A_raw,1.0309852309881853
1870,BMC51A_raw,1.193097406261393
1870,BMC52A_raw,0.6760994380468698
1870,BMC53A_raw,0.6558678705655586
1870,BMC54A_raw,1.2114676836894596
1870,BMC54B_raw,1.0044254608027676
1870,BMC57A_raw,0.6963582931698051
1870,BMC57B_raw,1.0925820091640135
1870,BMC58A_raw,1.435256333231111
1870,BMC58B_raw,1.252714155311502
1870,BMC59A_raw,2.4007016759828996
1870,BMC59B_raw,1.1598018665862802
1870,BMC60A_raw,1.0041277334094538
1870,BMC60B_raw,0.8728319475243554
1870,BMC61B_raw,0.9378628267101979
1870,BMC62B_raw,1.293252285206069
1871,BMC42A_raw,1.179761021489613
1871,BMC42B_raw,1.1466268840359888
1871,BMC43A_raw,1.2083431857100344
1871,BMC47A_raw,0.8831088715519809
1871,BMC47B_raw,0.973638004501425
1871,BMC48B_raw,1.0778690494357508
1871,BMC49A_raw,0.6581483448683247
1871,BMC51A_raw,1.0955240787093377
1871,BMC52A_raw,0.7561581600515828
1871,BMC53A_raw,0.834383470275881
1871,BMC54A_raw,1.1558951415281515
1871,BMC54B_raw,1.1756197170952603
1871,BMC57A_raw,0.9081917096475344
1871,BMC57B_raw,1.1177133630455007
1871,BMC58A_raw,1.373476253797892
1871,BMC58B_raw,1.3437133969286206
1871,BMC59A_raw,2.043831027425998
1871,BMC59B_raw,0.78375504963889
1871,BMC60A_raw,1.1388260018236624
1871,BMC60B_raw,0.8481631331418992
1871,BMC61B_raw,1.0314460445103828
1871,BMC62B_raw,1.4742371283173654
1872,BMC42A_raw,1.0450704352076468
1872,BMC42B_raw,1.605479758923679
1872,BMC43A_raw,1.0881803056600814
1872,BMC47A_raw,0.7748801892313816
1872,BMC47B_raw,0.8820358437592563
1872,BMC48B_raw,1.3290815344432363
1872,BMC49A_raw,1.2459887640916456
1872,BMC51A_raw,0.9351998808537787
1872,BMC52A_raw,1.0574901594399586
1872,BMC53A_raw,0.9600826848033824
1872,BMC54A_raw,1.4033899454265188
1872,BMC54B_raw,1.0635775644379375
1872,BMC57A_raw,1.104354284224115
1872,BMC57B_raw,1.2401108191725898
1872,BMC58A_raw,1.342833575596383
1872,BMC58B_raw,1.2837297855399894
1872,BMC59A_raw,2.0762634103123787
1872,BMC59B_raw,1.2216392945884071
1872,BMC60A_raw,0.863835670937536
1872,BMC60B_raw,0.8608955075978242
1872,BMC61B_raw,0.9600005975627324
1872,BMC62B_raw,1.4483045540523076
1873,BMC42A_raw,1.2669654398480443
1873,BMC42B_raw,1.5484727813243238
1873,BMC43A_raw,1.4881147290219878
1873,BMC47A_raw,0.9131895199902222
1873,BMC47B_raw,1.0424441756028953
1873,BMC48B_raw,1.3474604355568096
1873,BMC49A_raw,1.0152695052377263
1873,BMC51A_raw,1.1989151202791395
1873,BMC52A_raw,0.8381234095726039
1873,BMC53A_raw,0.9258895189158206
1873,BMC54A_raw,1.1793396893514485
1873,BMC54B_raw,0.9938364850506373
1873,BMC57A_raw,1.2522332539702825
1873,BMC57B_raw,1.0584840170532297
1873,BMC58A_raw,1.4214752147816299
1873,BMC58B_raw,1.359661115779145
1873,BMC59A_raw,2.579097242380764
1873,BMC59B_raw,1.23751326916363
1873,BMC60A_raw,1.1911760386319676
1873,BMC60B_raw,1.1107478166100466
1873,BMC61B_raw,1.1776843328277593
1873,BMC62B_raw,1.6034044989535439
1874,BMC42A_raw,1.00911212609974
1874,BMC42B_raw,1.4023086738940675
1874,BMC43A_raw,1.1379860672502375
1874,BMC47A_raw,0.8231322524404093
1874,BMC47B_raw,1.0653916643438748
1874,BMC48B_raw,1.2275150003203332
1874,BMC49A_raw,1.2298222571264423
1874,BMC51A_raw,1.2006967923789147
1874,BMC52A_raw,0.9347914741663831
1874,BMC53A_raw,1.123391896043027
1874,BMC54A_raw,1.2359981944140463
1874,BMC54B_raw,0.9665510270488888
1874,BMC57A_raw,1.4004679346456819
1874,BMC57B_raw,1.1200696057032256
1874,BMC58A_raw,1.3126251243141902
1874,BMC58B_raw,1.4054006013543112
1874,BMC59A_raw,2.287114405712125
1874,BMC59B_raw,1.14769039610576
1874,BMC60A_raw,0.9511386864291189
1874,BMC60B_raw,1.0111790727832932
1874,BMC61B_raw,1.0855311561059875
1874,BMC62B_raw,1.3964483641147958
1875,BMC42A_raw,0.9356950989679191
1875,BMC42B_raw,1.612116563266612
1875,BMC43A_raw,1.4173513298120812
1875,BMC47A_raw,0.8209612280578229
1875,BMC47B_raw,1.134163149333844
1875,BMC48B_raw,1.4447388612290206
1875,BMC49A_raw,1.284129689958601
1875,BMC51A_raw,0.9393771406345415
1875,BMC52A_raw,0.9683288828008443
1875,BMC53A_raw,1.0535901251038193
1875,BMC54A_raw,1.0453892678859331
1875,BMC54B_raw,1.0103301595174456
1875,BMC57A_raw,1.5490447490712764
1875,BMC57B_raw,0.9136889453819338
1875,BMC58A_raw,1.26619266039963
1875,BMC58B_raw,1.3906879479621268
1875,BMC59A_raw,2.31954642013281
1875,BMC59B_raw,0.9519715932921564
1875,BMC60A_raw,1.096283486527656
1875,BMC60B_raw,1.1987416563993651
1875,BMC61B_raw,1.241528395549056
1875,BMC62B_raw,1.6420438445044883
1876,BMC42A_raw,1.1085509605182609
1876,BMC42B_raw,1.327856219693983
1876,BMC43A_raw,1.1516023329826277
1876,BMC47A_raw,0.8885607076460269
1876,BMC47B_raw,0.9967188618144601
1876,BMC48B_raw,1.1254827587062526
1876,BMC49A_raw,0.9101774115851222
1876,BMC51A_raw,1.0786146006611472
1876,BMC52A_raw,0.7157069230550136
1876,BMC53A_raw,0.37554502395405853
1876,BMC54A_raw,1.2706852958616386
1876,BMC54B_raw,1.0541830612317722
1876,BMC57A_raw,1.4693801242138815
1876,BMC57B_raw,1.279954395947986
1876,BMC58A_raw,1.3760716437723333
1876,BMC58B_raw,1.3305922390453306
1876,BMC59A_raw,2.5628455857690637
1876,BMC59B_raw,0.9525624355874209
1876,BMC60A_raw,0.9588820218554632
1876,BMC60B_raw,1.2115221417256337
1876,BMC61B_raw,0.9939454557865449
1876,BMC62B_raw,1.822973033249761
1877,BMC42A_raw,0.9611637593944687
1877,BMC42B_raw,1.3663122521779447
1877,BMC43A_raw,1.225158381995384
1877,BMC47A_raw,0.9037570841705361
1877,BMC47B_raw,1.1227723645144032
1877,BMC48B_raw,1.3168934671892343
1877,BMC49A_raw,1.250056809740533
1877,BMC51A_raw,0.5651227833537356
1877,BMC52A_raw,0.5417891019951829
1877,BMC53A_raw,0.0017908529011973265
1877,BMC54A_raw,0.8211860434868523
1877,BMC54B_raw,0.6702732742594033
1877,BMC57A_raw,1.4711987063477003
1877,BMC57B_raw,0.7806238271511129
1877,BMC58A_raw,1.1575089769882123
1877,BMC58B_raw,1.164580126346852
1877,BMC59A_raw,1.4111818914659826
1877,BMC59B_raw,0.7564662922684328
1877,BMC60A_raw,0.5967956355251393
1877,BMC60B_raw,0.649624493303308
1877,BMC61B_raw,0.9221270360974687
1877,BMC62B_raw,1.3316149824155972
1878,BMC42A_raw,1.1341683520086399
1878,BMC42B_raw,1.3427738173411845
1878,BMC43A_raw,0.9589467205512526
1878,BMC47A_raw,0.8669403913864294
1878,BMC47B_raw,1.1457160935569208
1878,BMC48B_raw,0.8929877557430852
1878,BMC49A_raw,1.0364106802023465
1878,BMC51A_raw,0.8801667809676832
1878,BMC52A_raw,0.7184410932077933
1878,BMC53A_raw,0.9325554903125239
1878,BMC54A_raw,1.0465394016305563
1878,BMC54B_raw,1.0707191333073605
1878,BMC57A_raw,1.472972435653372
1878,BMC57B_raw,1.1105772270690568
1878,BMC58A_raw,1.2204292409917887
1878,BMC58B_raw,1.1800097155747775
1878,BMC59A_raw,2.1248755117821463
1878,BMC59B_raw,1.1656662599050602
1878,BMC60A_raw,0.7305920219641115
1878,BMC60B_raw,0.9621517695049223
1878,BMC61B_raw,0.9124023759378952
1878,BMC62B_raw,1.4349770885213866
1879,BMC42A_raw,1.1346495833480679
1879,BMC42B_raw,1.3955272117003308
1879,BMC43A_raw,1.2268453469185128
1879,BMC47A_raw,0.9774127729345418
1879,BMC47B_raw,0.9165951743832186
1879,BMC48B_raw,1.0323971416496218
1879,BMC49A_raw,0.947650665584433
1879,BMC51A_raw,0.8056725034960495
1879,BMC52A_raw,0.4638764178023163
1879,BMC53A_raw,0.7363103683097366
1879,BMC54A_raw,0.9455854559964835
1879,BMC54B_raw,0.8003007876239997
1879,BMC57A_raw,1.5566298285452478
1879,BMC57B_raw,0.7448554867036785
1879,BMC58A_raw,1.1112024085167451
1879,BMC58B_raw,1.1954364841804006
1879,BMC59A_raw,1.2814090989732942
1879,BMC59B_raw,0.6059052317393668
1879,BMC60A_raw,0.5834247833258434
1879,BMC60B_raw,0.5749089804415485
1879,BMC61B_raw,0.9026503923303376
1879,BMC62B_raw,1.292714919067382
1880,BMC42A_raw,1.184477344537772
1880,BMC42B_raw,0.9472103048017608
1880,BMC43A_raw,1.3249530162758443
1880,BMC47A_raw,0.8630766016518318
1880,BMC47B_raw,0.9395312267956913
1880,BMC48B_raw,0.9288939024853381
1880,BMC49A_raw,0.8050998988900259
1880,BMC51A_raw,0.9956188891022683
1880,BMC52A_raw,0.7211747190506188
1880,BMC53A_raw,1.150951746247818
1880,BMC54A_raw,1.11480936646373
1880,BMC54B_raw,0.9441714697355919
1880,BMC57A_raw,1.7224525223188385
1880,BMC57B_raw,0.9651475672535313
1880,BMC58A_raw,0.9392792862800369
1880,BMC58B_raw,1.1805888073681414
1880,BMC59A_raw,1.540929944377202
1880,BMC59B_raw,0.772989189340116
1880,BMC60A_raw,0.7615851181170974
1880,BMC60B_raw,0.762525364171399
1880,BMC61B_raw,0.8513426922620324
1880,BMC62B_raw,1.473630583097229
1881,BMC42A_raw,1.481207040170751
1881,BMC42B_raw,1.5301723597687709
1881,BMC43A_raw,1.459705268344116
1881,BMC47A_raw,0.9560078579563703
1881,BMC47B_raw,1.3062047412568751
1881,BMC48B_raw,1.059781160735121
1881,BMC49A_raw,1.3068366794910993
1881,BMC51A_raw,1.021915959074794
1881,BMC52A_raw,0.7064836023741646
1881,BMC53A_raw,1.1705366447728647
1881,BMC54A_raw,1.1489594024690797
1881,BMC54B_raw,0.9451125673564201
1881,BMC57A_raw,1.7900596458854099
1881,BMC57B_raw,1.026739653380814
1881,BMC58A_raw,1.2056884416063716
1881,BMC58B_raw,1.529066557919869
1881,BMC59A_raw,1.7193480129258296
1881,BMC59B_raw,0.8796038669771765
1881,BMC60A_raw,0.9167677532858526
1881,BMC60B_raw,1.1752506561345162
1881,BMC61B_raw,1.0804578830743516
1881,BMC62B_raw,2.8307997703203887
1882,BMC42A_raw,1.17309873019886
1882,BMC42B_raw,1.1916718379069626
1882,BMC43A_raw,1.2173017177523155
1882,BMC47A_raw,1.2377397458210593
1882,BMC47B_raw,1.2260226641441376
1882,BMC48B_raw,1.1299671319906297
1882,BMC49A_raw,0.859799590661193
1882,BMC51A_raw,1.0229555964354324
1882,BMC52A_raw,0.6112964911763075
1882,BMC53A_raw,1.027863705621348
1882,BMC54A_raw,1.0929760586125419
1882,BMC54B_raw,0.8743658562062139
1882,BMC57A_raw,1.6604755669279356
1882,BMC57B_raw,0.9171641091109362
1882,BMC58A_raw,0.9710229556212494
1882,BMC58B_raw,1.2114134067892774
1882,BMC59A_raw,1.6058013325216538
1882,BMC59B_raw,0.9559891752354361
1882,BMC60A_raw,1.015618576294162
1882,BMC60B_raw,0.8253154101861432
1882,BMC61B_raw,0.9460053768714081
1882,BMC62B_raw,2.055150721779281
1883,BMC42A_raw,1.2723954397071557
1883,BMC42B_raw,1.2378100286498042
1883,BMC43A_raw,1.522743838149671
1883,BMC47A_raw,1.0809479301334557
1883,BMC47B_raw,1.2031274687223061
1883,BMC48B_raw,0.81753992162374
1883,BMC49A_raw,1.397991367939394
1883,BMC51A_raw,0.8343256238196697
1883,BMC52A_raw,0.5963292713593464
1883,BMC53A_raw,0.7222777855258373
1883,BMC54A_raw,0.8566084187924948
1883,BMC54B_raw,0.7030309087030566
1883,BMC57A_raw,1.5963946866021297
1883,BMC57B_raw,0.8319363359873836
1883,BMC58A_raw,0.9555512196272509
1883,BMC58B_raw,1.4691563290703002
1883,BMC59A_raw,1.0867513067840864
1883,BMC59B_raw,0.7743429058332024
1883,BMC60A_raw,0.7464754646277744
1883,BMC60B_raw,1.0005406548349174
1883,BMC61B_raw,0.9674013791314018
1883,BMC62B_raw,1.3958928603621317
1884,BMC42A_raw,1.4829877622550278
1884,BMC42B_raw,1.5665677430029856
1884,BMC43A_raw,1.5726402618875812
1884,BMC47A_raw,0.9762144572111203
1884,BMC47B_raw,1.6041956473260366
1884,BMC48B_raw,1.4271730715835689
1884,BMC49A_raw,1.2373974716611917
1884,BMC51A_raw,0.430199124311968
1884,BMC52A_raw,0.7266243727219598
1884,BMC53A_raw,1.066779136857904
1884,BMC54A_raw,1.1387162046234198
1884,BMC54B_raw,1.0483530406883235
1884,BMC57A_raw,1.6804039426909374
1884,BMC57B_raw,0.9179706941469933
1884,BMC58A_raw,1.3160820550408523
1884,BMC58B_raw,1.211927842705386
1884,BMC59A_raw,1.9788551329101982
1884,BMC59B_raw,0.972279916824355
1884,BMC60A_raw,0.28918329491365036
1884,BMC60B_raw,1.1132662311012875
1884,BMC61B_raw,0.7494138116760911
1884,BMC62B_raw,1.706020727552807
1885,BMC42A_raw,1.6195584302825292
1885,BMC42B_raw,1.5577375221520513
1885,BMC43A_raw,2.07403281774119
1885,BMC47A_raw,1.487422186678966
1885,BMC47B_raw,1.443797068320511
1885,BMC48B_raw,1.5498794625147048
1885,BMC49A_raw,1.3995916640994313
1885,BMC51A_raw,0.633197841041351
1885,BMC52A_raw,0.8088671537800214
1885,BMC53A_raw,1.0319776915088077
1885,BMC54A_raw,1.093923398139572
1885,BMC54B_raw,1.1930555694515586
1885,BMC57A_raw,1.3522598580001481
1885,BMC57B_raw,1.0897709650333027
1885,BMC58A_raw,1.363314353027209
1885,BMC58B_raw,0.9545848412219117
1885,BMC59A_raw,1.897749507577058
1885,BMC59B_raw,0.8056249584737256
1885,BMC60A_raw,1.1769889127051454
1885,BMC60B_raw,1.288564741418547
1885,BMC61B_raw,1.2289398361255475
1885,BMC62B_raw,1.9902764467396736
1886,BMC42A_raw,1.5459731432955566
1886,BMC42B_raw,1.2504875591799107
1886,BMC43A_raw,1.9046818659947815
1886,BMC47A_raw,1.2972131380831937
1886,BMC47B_raw,1.5125691445375031
1886,BMC48B_raw,1.402628833415331
1886,BMC49A_raw,1.1490255983922824
1886,BMC51A_raw,0.8745365235290977
1886,BMC52A_raw,0.6969183100625667
1886,BMC53A_raw,1.015199091838941
1886,BMC54A_raw,1.1957430886500016
1886,BMC54B_raw,1.12219086869239
1886,BMC57A_raw,1.4030917215490524
1886,BMC57B_raw,1.0779464394612706
1886,BMC58A_raw,1.050070497033751
1886,BMC58B_raw,0.7880637253142688
1886,BMC59A_raw,1.1354028249791486
1886,BMC59B_raw,0.7452403648260552
1886,BMC60A_raw,1.3634704076260784
1886,BMC60B_raw,1.2887305199766692
1886,BMC61B_raw,0.8961909160061877
1886,BMC62B_raw,1.2406420537613851
1887,BMC42A_raw,1.2248738860583297
1887,BMC42B_raw,1.1835559357540528
1887,BMC43A_raw,1.7106497410863333
1887,BMC47A_raw,1.3207478765966252
1887,BMC47B_raw,1.2375711100199016
1887,BMC48B_raw,1.0459990634706524
1887,BMC49A_raw,1.6346715152423252
1887,BMC51A_raw,1.0274357998370476
1887,BMC52A_raw,0.7631567643624209
1887,BMC53A_raw,1.1980356195464879
1887,BMC54A_raw,1.1960535324378918
1887,BMC54B_raw,1.3391722356198081
1887,BMC57A_raw,1.3878916103899586
1887,BMC57B_raw,1.176378131236622
1887,BMC58A_raw,1.1442674063643805
1887,BMC58B_raw,0.7578947536973147
1887,BMC59A_raw,1.4922401162433283
1887,BMC59B_raw,0.8978279709326384
1887,BMC60A_raw,1.0956132111294854
1887,BMC60B_raw,1.2888845699731426
1887,BMC61B_raw,0.9905429166906211
1887,BMC62B_raw,1.4473585968810756
1888,BMC42A_raw,1.6090200830272021
1888,BMC42B_raw,1.495405651995801
1888,BMC43A_raw,1.7853572697958977
1888,BMC47A_raw,1.4889634623979457
1888,BMC47B_raw,1.4553071365006531
1888,BMC48B_raw,1.6570337038522296
1888,BMC49A_raw,1.2581224603695984
1888,BMC51A_raw,0.8758741077421764
1888,BMC52A_raw,0.5368196098473935
1888,BMC53A_raw,1.0541716305373872
1888,BMC54A_raw,1.185066730760664
1888,BMC54B_raw,1.3403238814302108
1888,BMC57A_raw,1.1410982098083309
1888,BMC57B_raw,1.3729260393945146
1888,BMC58A_raw,1.2384747659933868
1888,BMC58B_raw,0.8035125260844981
1888,BMC59A_raw,1.4273568249024589
1888,BMC59B_raw,0.806966376219972
1888,BMC60A_raw,1.3810863162750506
1888,BMC60B_raw,1.1763938909254203
1888,BMC61B_raw,0.9597968963778147
1888,BMC62B_raw,1.5765258159620534
1889,BMC42A_raw,1.59723006434873
1889,BMC42B_raw,1.3858596540772576
1889,BMC43A_raw,1.8357211495954104
1889,BMC47A_raw,1.2150009737661542
1889,BMC47B_raw,1.1917585053967898
1889,BMC48B_raw,1.0994381621867573
1889,BMC49A_raw,1.240812486244169
1889,BMC51A_raw,1.0797352221945686
1889,BMC52A_raw,0.7822580817217191
1889,BMC53A_raw,1.1465062441931937
1889,BMC54A_raw,1.1966420318920332
1889,BMC54B_raw,1.2116341823339285
1889,BMC57A_raw,1.4897139941733997
1889,BMC57B_raw,1.483748860718083
1889,BMC58A_raw,1.5365128807068844
1889,BMC58B_raw,1.2130584412452285
1889,BMC59A_raw,1.3624739741446346
1889,BMC59B_raw,0.8074052094040323
1889,BMC60A_raw,1.1582333338953286
1889,BMC60B_raw,1.3392237367360262
1889,BMC61B_raw,0.9081276363651181
1889,BMC62B_raw,1.5764656004693947
1890,BMC42A_raw,1.164295006180735
1890,BMC42B_raw,1.2251136550893882
1890,BMC43A_raw,1.6779657306355082
1890,BMC47A_raw,1.6122229890033435
1890,BMC47B_raw,1.3865762182022654
1890,BMC48B_raw,1.3968117258656696
1890,BMC49A_raw,1.1335122960817328
1890,BMC51A_raw,1.016898477123494
1890,BMC52A_raw,0.7836824509451812
1890,BMC53A_raw,1.147952849252814
1890,BMC54A_raw,0.9823782940394695
1890,BMC54B_raw,1.1981963651751848
1890,BMC57A_raw,1.3087688928958199
1890,BMC57B_raw,1.2266303770396108
1890,BMC58A_raw,1.2387457840204108
1890,BMC58B_raw,1.1070996371570494
1890,BMC59A_raw,1.378691010143164
1890,BMC59B_raw,0.6706596172761913
1890,BMC60A_raw,1.0902975692470054
1890,BMC60B_raw,1.1140387891374928
1890,BMC61B_raw,0.7937280891742284
1890,BMC62B_raw,1.1370800259854603
1891,BMC42A_raw,1.2886166449145016
1891,BMC42B_raw,1.055993521937928
1891,BMC43A_raw,1.3115873039045134
1891,BMC47A_raw,1.610244475634468
1891,BMC47B_raw,1.5011794914610939
1891,BMC48B_raw,0.9957165488551777
1891,BMC49A_raw,1.2961141623040098
1891,BMC51A_raw,0.9030658624313636
1891,BMC52A_raw,0.7851012827383119
1891,BMC53A_raw,1.076411414726957
1891,BMC54A_raw,0.9938930151406987
1891,BMC54B_raw,0.9968941946035259
1891,BMC57A_raw,1.3264491848385724
1891,BMC57B_raw,1.1288423161446668
1891,BMC58A_raw,1.1447695812554128
1891,BMC58B_raw,1.0617719268710653
1891,BMC59A_raw,0.7785533655069936
1891,BMC59B_raw,0.8387715757778194
1891,BMC60A_raw,0.9016414336308431
1891,BMC60B_raw,0.8637677280425299
1891,BMC61B_raw,0.8150378168485589
1891,BMC62B_raw,1.3050095877204184
1892,BMC42A_raw,1.3138606918389613
1892,BMC42B_raw,1.0526206145964006
1892,BMC43A_raw,1.2267840381274782
1892,BMC47A_raw,1.5237462664008072
1892,BMC47B_raw,1.1917828474062058
1892,BMC48B_raw,1.153488782857473
1892,BMC49A_raw,1.2247324302127216
1892,BMC51A_raw,1.0945052629771619
1892,BMC52A_raw,0.6881999657404994
1892,BMC53A_raw,1.223880733541047
1892,BMC54A_raw,0.9489212277063005
1892,BMC54B_raw,0.8964669395009527
1892,BMC57A_raw,0.7799248526643447
1892,BMC57B_raw,1.1046202904200688
1892,BMC58A_raw,1.1762293050041213
1892,BMC58B_raw,1.107446434950673
1892,BMC59A_raw,1.0380691737773957
1892,BMC59B_raw,0.6255963069395745
1892,BMC60A_raw,1.1307703192699246
1892,BMC60B_raw,1.1893394738199468
1892,BMC61B_raw,0.8781769166677567
1892,BMC62B_raw,1.2532805855773346
1893,BMC42A_raw,1.2771197333229019
1893,BMC42B_raw,1.224115103576531
1893,BMC43A_raw,1.5101901969213092
1893,BMC47A_raw,1.5474898371724466
1893,BMC47B_raw,1.4095188905198632
1893,BMC48B_raw,1.3463703221356942
1893,BMC49A_raw,0.9550502317137434
1893,BMC51A_raw,0.9041106346677467
1893,BMC52A_raw,0.9684862654402476
1893,BMC53A_raw,1.335120526903582
1893,BMC54A_raw,1.073408284356361
1893,BMC54B_raw,0.926099950861582
1893,BMC57A_raw,1.0794742405332836
1893,BMC57B_raw,1.104922050948089
1893,BMC58A_raw,1.3017870565680378
1893,BMC58B_raw,1.183473514890186
1893,BMC59A_raw,1.3138039100319614
1893,BMC59B_raw,0.7022556826508816
1893,BMC60A_raw,1.052282930152109
1893,BMC60B_raw,1.327147936340888
1893,BMC61B_raw,0.9309084646596778
1893,BMC62B_raw,1.124036356368063
1894,BMC42A_raw,1.4760130828290596
1894,BMC42B_raw,1.1409310917865818
1894,BMC43A_raw,1.6097555209633583
1894,BMC47A_raw,1.681126441863627
1894,BMC47B_raw,1.4668216426033738
1894,BMC48B_raw,1.504432143723712
1894,BMC49A_raw,1.4783550669590357
1894,BMC51A_raw,1.146662698369997
1894,BMC52A_raw,0.8879865031640327
1894,BMC53A_raw,1.1536308453221717
1894,BMC54A_raw,1.0623223174086134
1894,BMC54B_raw,0.9412811745653604
1894,BMC57A_raw,0.7977635328450831
1894,BMC57B_raw,1.0560878039769523
1894,BMC58A_raw,1.4587194013705875
1894,BMC58B_raw,1.2898654669703802
1894,BMC59A_raw,1.0705050366175053
1894,BMC59B_raw,0.5498761532111582
1894,BMC60A_raw,0.9521635581081692
1894,BMC60B_raw,1.1895024570442534
1894,BMC61B_raw,1.1197208213960974
1894,BMC62B_raw,1.291950611390351
1895,BMC42A_raw,1.4889197937112144
1895,BMC42B_raw,0.9249942668947563
1895,BMC43A_raw,1.3528418326718825
1895,BMC47A_raw,1.7133548306458275
1895,BMC47B_raw,1.3980679861368752
1895,BMC48B_raw,1.2425932893767844
1895,BMC49A_raw,1.046174174741774
1895,BMC51A_raw,0.9177879260217403
1895,BMC52A_raw,0.6589290735720625
1895,BMC53A_raw,1.1000228637896379
1895,BMC54A_raw,0.9155821904226171
1895,BMC54B_raw,0.9129934647100677
1895,BMC57A_raw,0.964684229822404
1895,BMC57B_raw,1.0440637266357338
1895,BMC58A_raw,1.3803666963181167
1895,BMC58B_raw,1.2445101586568048
1895,BMC59A_raw,1.135382259126496
1895,BMC59B_raw,0.13753959129081503
1895,BMC60A_raw,0.7321582480551234
1895,BMC60B_raw,1.3773992334731322
1895,BMC61B_raw,0.900385078715406
1895,BMC62B_raw,1.2531490484151209
1896,BMC42A_raw,1.3280628932094147
1896,BMC42B_raw,0.98745636013182
1896,BMC43A_raw,1.637100179977183
1896,BMC47A_raw,1.6360241541645568
1896,BMC47B_raw,1.3980702676577152
1896,BMC48B_raw,1.6020813372837095
1896,BMC49A_raw,1.0827667752224392
1896,BMC51A_raw,1.1222677611514473
1896,BMC52A_raw,1.0561352330780516
1896,BMC53A_raw,1.0829842831741632
1896,BMC54A_raw,1.2096975725785488
1896,BMC54B_raw,1.000668962591252
1896,BMC57A_raw,0.7323599127987497
1896,BMC57B_raw,0.921446544699428
1896,BMC58A_raw,1.3961144784126038
1896,BMC58B_raw,1.5330725207044833
1896,BMC59A_raw,1.1840396430847584
1896,BMC59B_raw,0.6421777625882911
1896,BMC60A_raw,1.0474807176757057
1896,BMC60B_raw,1.7155777160640617
1896,BMC61B_raw,1.0264900158853858
1896,BMC62B_raw,1.3047813062513194
1897,BMC42A_raw,1.5147380548582847
1897,BMC42B_raw,1.3167028511858023
1897,BMC43A_raw,1.7863411606021735
1897,BMC47A_raw,1.862297349842395
1897,BMC47B_raw,1.375152075668514
1897,BMC48B_raw,1.1998951591623435
1897,BMC49A_raw,1.3360406030116123
1897,BMC51A_raw,1.1227636008117452
1897,BMC52A_raw,1.0579742685626512
1897,BMC53A_raw,1.2864220248571294
1897,BMC54A_raw,1.2099138997819943
1897,BMC54B_raw,1.0594285606048406
1897,BMC57A_raw,1.1992501378185196
1897,BMC57B_raw,1.0322466689908152
1897,BMC58A_raw,1.3020413127349064
1897,BMC58B_raw,1.5636263576855003
1897,BMC59A_raw,1.5733106061137385
1897,BMC59B_raw,0.6883941835853148
1897,BMC60A_raw,0.9914426393096603
1897,BMC60B_raw,1.6154725928734626
1897,BMC61B_raw,0.9850320804045619
1897,BMC62B_raw,1.4855929283382008
1898,BMC42A_raw,1.3040910583085061
1898,BMC42B_raw,1.3366081146231101
1898,BMC43A_raw,1.2946785362228825
1898,BMC47A_raw,1.4568103112374182
1898,BMC47B_raw,1.5126670553534027
1898,BMC48B_raw,1.3230782241151438
1898,BMC49A_raw,1.156029201607074
1898,BMC51A_raw,1.0083539178851015
1898,BMC52A_raw,0.8610901979736548
1898,BMC53A_raw,0.9935509667646624
1898,BMC54A_raw,1.051788284511542
1898,BMC54B_raw,0.8713666688193186
1898,BMC57A_raw,0.9667219629165598
1898,BMC57B_raw,0.971004755475894
1898,BMC58A_raw,1.4589549219600784
1898,BMC58B_raw,1.5334489949368928
1898,BMC59A_raw,1.135377180507157
1898,BMC59B_raw,0.5356849181510546
1898,BMC60A_raw,0.8159162202819428
1898,BMC60B_raw,1.2899255657472495
1898,BMC61B_raw,0.9225591263833555
1898,BMC62B_raw,1.175517983361426
1899,BMC42A_raw,1.1057263166416427
1899,BMC42B_raw,1.028685838666971
1899,BMC43A_raw,1.110694982502187
1899,BMC47A_raw,1.371751197234343
1899,BMC47B_raw,1.2261758724255132
1899,BMC48B_raw,0.8765790928322211
1899,BMC49A_raw,1.1023416515643818
1899,BMC51A_raw,1.021515745098351
1899,BMC52A_raw,0.5142232082520989
1899,BMC53A_raw,1.1052343083753067
1899,BMC54A_raw,1.018027964103494
1899,BMC54B_raw,1.0608817247923652
1899,BMC57A_raw,0.6504675771897391
1899,BMC57B_raw,0.663854706569066
1899,BMC58A_raw,1.2079770479937721
1899,BMC58B_raw,1.3969659869005513
1899,BMC59A_raw,0.7785433057236302
1899,BMC59B_raw,0.765642622934219
1899,BMC60A_raw,0.6626419227385429
1899,BMC60B_raw,1.2273505881177345
1899,BMC61B_raw,0.7970937287383306
1899,BMC62B_raw,0.9171331778741562
1900,BMC42A_raw,1.2303537624376515
1900,BMC42B_raw,1.444243657333334
1900,BMC43A_raw,1.4822332497567063
1900,BMC47A_raw,1.5896824227903303
1900,BMC47B_raw,1.386607618574729
1900,BMC48B_raw,0.9909434787008716
1900,BMC49A_raw,1.1932310893924398
1900,BMC51A_raw,1.2390402937715352
1900,BMC52A_raw,0.9637337715208429
1900,BMC53A_raw,1.0880720735569525
1900,BMC54A_raw,1.233140972774447
1900,BMC54B_raw,1.0761279703396147
1900,BMC57A_raw,1.0848088625717847
1900,BMC57B_raw,0.9713741453679723
1900,BMC58A_raw,1.9610286964080617
1900,BMC58B_raw,1.716028113173399
1900,BMC59A_raw,1.4273275729745278
1900,BMC59B_raw,0.6894160625376422
1900,BMC60A_raw,0.965407081021302
1900,BMC60B_raw,1.3902034620448818
1900,BMC61B_raw,0.9443172356204114
1900,BMC62B_raw,1.2271117029326426
1901,BMC42A_raw,1.2058738913190674
1901,BMC42B_raw,1.5024470555393499
1901,BMC43A_raw,1.397011736192231
1901,BMC47A_raw,1.3535195803535751
1901,BMC47B_raw,1.1803323931982086
1901,BMC48B_raw,1.1229402190721558
1901,BMC49A_raw,1.410802414783163
1901,BMC51A_raw,1.073350405567929
1901,BMC52A_raw,1.1650929773641827
1901,BMC53A_raw,1.2185631343212326
1901,BMC54A_raw,1.0975499549361598
1901,BMC54B_raw,1.0331715876687417
1901,BMC57A_raw,1.0520849888281572
1901,BMC57B_raw,0.9961391102683599
1901,BMC58A_raw,1.710029165246151
1901,BMC58B_raw,1.7162095762969092
1901,BMC59A_raw,1.070494384672236
1901,BMC59B_raw,0.965651274265665
1901,BMC60A_raw,1.169828569701012
1901,BMC60B_raw,1.678304676532071
1901,BMC61B_raw,1.2071140270771135
1901,BMC62B_raw,1.2658238331392548
1902,BMC42A_raw,0.8580504422920014
1902,BMC42B_raw,1.2368149799343973
1902,BMC43A_raw,1.027044495613142
1902,BMC47A_raw,1.0840443092259548
1902,BMC47B_raw,1.0886525067711639
1902,BMC48B_raw,0.6055764339517667
1902,BMC49A_raw,0.9771316444219149
1902,BMC51A_raw,1.0609117716228946
1902,BMC52A_raw,0.916965481277505
1902,BMC53A_raw,0.9796577832986136
1902,BMC54A_raw,1.086394382428549
1902,BMC54B_raw,0.9464622976047048
1902,BMC57A_raw,0.7853628270106433
1902,BMC57B_raw,0.984002109726697
1902,BMC58A_raw,1.5060819162762844
1902,BMC58B_raw,1.397409409422363
1902,BMC59A_raw,1.1353715305717083
1902,BMC59B_raw,0.5827367184018627
1902,BMC60A_raw,0.7679649050121159
1902,BMC60B_raw,1.4779390337450204
1902,BMC61B_raw,0.9870721506052839
1902,BMC62B_raw,1.188288735402016
1903,BMC42A_raw,1.057339560013945
1903,BMC42B_raw,1.393077470260974
1903,BMC43A_raw,1.2385225600723906
1903,BMC47A_raw,1.1004621632927953
1903,BMC47B_raw,1.134485973062995
1903,BMC48B_raw,0.8165317838625116
1903,BMC49A_raw,0.7965196931235826
1903,BMC51A_raw,1.1379441960838577
1903,BMC52A_raw,0.7180930864272602
1903,BMC53A_raw,1.239834740649585
1903,BMC54A_raw,1.0299564300597643
1903,BMC54B_raw,0.9179107415159057
1903,BMC57A_raw,1.0198975352199375
1903,BMC57B_raw,1.0825688209500441
1903,BMC58A_raw,1.5374506383570004
1903,BMC58B_raw,1.4583075536361079
1903,BMC59A_raw,1.20024860067247
1903,BMC59B_raw,0.598357285217533
1903,BMC60A_raw,1.0477214799757366
1903,BMC60B_raw,1.2650344975891983
1903,BMC61B_raw,1.0399739619526631
1903,BMC62B_raw,1.3044959756498054
1904,BMC42A_raw,0.8710111509288775
1904,BMC42B_raw,1.0945119891023762
1904,BMC43A_raw,1.2768416767894128
1904,BMC47A_raw,1.2261124110616488
1904,BMC47B_raw,1.0886430711883777
1904,BMC48B_raw,0.7553635146994147
1904,BMC49A_raw,1.0685066020856875
1904,BMC51A_raw,1.0487352665492178
1904,BMC52A_raw,1.0705536822924941
1904,BMC53A_raw,0.8336583643572631
1904,BMC54A_raw,1.1093338519572962
1904,BMC54B_raw,0.9476269818985616
1904,BMC57A_raw,1.08739294983455
1904,BMC57B_raw,0.8489549443410275
1904,BMC58A_raw,1.4589934462542258
1904,BMC58B_raw,1.4888268170904657
1904,BMC59A_raw,0.9082953052272431
1904,BMC59B_raw,0.6753890984417175
1904,BMC60A_raw,0.8629024281055664
1904,BMC60B_raw,1.7284810775127077
1904,BMC61B_raw,1.0823966915060517
1904,BMC62B_raw,1.149473191860764
1905,BMC42A_raw,0.7592485252732992
1905,BMC42B_raw,1.1522289628196225
1905,BMC43A_raw,0.8685540845772224
1905,BMC47A_raw,0.9151745627963949
1905,BMC47B_raw,0.9511252060336735
1905,BMC48B_raw,0.8610893938231546
1905,BMC49A_raw,0.9058857597522372
1905,BMC51A_raw,1.0873859159457884
1905,BMC52A_raw,0.9215130859336773
1905,BMC53A_raw,0.8160392959308778
1905,BMC54A_raw,0.8490901595165345
1905,BMC54B_raw,0.9190160988198931
1905,BMC57A_raw,0.8034396760199325
1905,BMC57B_raw,0.8982913143896456
1905,BMC58A_raw,1.302091330942015
1905,BMC58B_raw,1.3977978450168391
1905,BMC59A_raw,1.1353680286860424
1905,BMC59B_raw,0.6296349985139149
1905,BMC60A_raw,0.9478910905259004
1905,BMC60B_raw,1.2274796929034177
1905,BMC61B_raw,1.1143275994659618
1905,BMC62B_raw,1.110695499654945
1906,BMC42A_raw,0.8964239034281422
1906,BMC42B_raw,1.2410323464616606
1906,BMC43A_raw,1.1425854917260228
1906,BMC47A_raw,1.1668577875842001
1906,BMC47B_raw,1.226142086968996
1906,BMC48B_raw,0.8965700293507974
1906,BMC49A_raw,0.9606262310707342
1906,BMC51A_raw,0.9340981073125304
1906,BMC52A_raw,0.5705874330029764
1906,BMC53A_raw,1.299677215228196
1906,BMC54A_raw,0.9397767396772546
1906,BMC54B_raw,1.0071279504134458
1906,BMC57A_raw,1.0383296192911118
1906,BMC57B_raw,0.8614843966442598
1906,BMC58A_raw,1.3334386711457236
1906,BMC58B_raw,1.4435002096436873
1906,BMC59A_raw,1.1353669867916663
1906,BMC59B_raw,0.7989328086663733
1906,BMC60A_raw,0.7744952856161549
1906,BMC60B_raw,1.302634293537865
1906,BMC61B_raw,1.0095596204409116
1906,BMC62B_raw,1.188152962284039
1907,BMC42A_raw,1.008767679721278
1907,BMC42B_raw,1.392049174138488
1907,BMC43A_raw,0.9447557003393875
1907,BMC47A_raw,1.133150364992757
1907,BMC47B_raw,1.2719708764572342
1907,BMC48B_raw,0.9408643956224151
1907,BMC49A_raw,1.1241968377217109
1907,BMC51A_raw,1.1006910063548987
1907,BMC52A_raw,0.9581129559280349
1907,BMC53A_raw,1.1709906533390553
1907,BMC54A_raw,0.7700294622928221
1907,BMC54B_raw,0.9054716243987941
1907,BMC57A_raw,0.9718425241878368
1907,BMC57B_raw,0.8615864446484176
1907,BMC58A_raw,1.3020297326264194
1907,BMC58B_raw,1.4284207054179734
1907,BMC59A_raw,1.0380489173405414
1907,BMC59B_raw,0.6455894444206997
1907,BMC60A_raw,0.8701382029413254
1907,BMC60B_raw,1.0897017719941886
1907,BMC61B_raw,1.2834244463824345
1907,BMC62B_raw,0.9169192402086411
1908,BMC42A_raw,0.6104159333198964
1908,BMC42B_raw,1.2431133060372987
1908,BMC43A_raw,0.8834302777942248
1908,BMC47A_raw,0.9400407699378651
1908,BMC47B_raw,1.1802889337830698
1908,BMC48B_raw,0.6421296379114394
1908,BMC49A_raw,0.616735122634511
1908,BMC51A_raw,1.0369126421258616
1908,BMC52A_raw,1.077493087181679
1908,BMC53A_raw,0.8559384615064293
1908,BMC54A_raw,0.6568649681274088
1908,BMC54B_raw,0.832914350005555
1908,BMC57A_raw,0.9388005054593036
1908,BMC57B_raw,0.7632037739807725
1908,BMC58A_raw,1.05100393208555
1908,BMC58B_raw,1.3373478299406962
1908,BMC59A_raw,0.940731062897758
1908,BMC59B_raw,0.7381539185051149
1908,BMC60A_raw,0.6973325021064496
1908,BMC60B_raw,1.2399986703357826
1908,BMC61B_raw,0.9260597372479421
1908,BMC62B_raw,0.8652388030459761
1909,BMC42A_raw,0.7725802082036448
1909,BMC42B_raw,0.97670725973861094
1909,BMC43A_raw,0.46081495064325934
1909,BMC47A_raw,0.8309258938962913
1909,BMC47B_raw,1.2490341018379458
1909,BMC48B_raw,0.9943341169393873
1909,BMC49A_raw,1.161357353913926
1909,BMC51A_raw,0.8194463236510158
1909,BMC52A_raw,0.8093986934333037
1909,BMC53A_raw,0.001862743387700158
1909,BMC54A_raw,0.6003044635147107
1909,BMC54B_raw,0.8479898955294866
1909,BMC57A_raw,0.8050764687104501
1909,BMC57B_raw,0.8125263734168113
1909,BMC58A_raw,0.8627343832083073
1909,BMC58B_raw,0.8359037129136596
1909,BMC59A_raw,0.5028041466716595
1909,BMC59B_raw,0.0015385181760657564
1909,BMC60A_raw,0.728559744599043
1909,BMC60B_raw,0.8391834382691876
1909,BMC61B_raw,0.9684701079231748
1909,BMC62B_raw,0.7360795013735174
1910,BMC42A_raw,0.8600458166065695
1910,BMC42B_raw,0.8949530091035508
1910,BMC43A_raw,1.1344359762524376
1910,BMC47A_raw,1.0659874436344932
1910,BMC47B_raw,1.111516709196461
1910,BMC48B_raw,0.9946811311762496
1910,BMC49A_raw,1.2162529966611577
1910,BMC51A_raw,1.152550529506201
1910,BMC52A_raw,0.6417792659216545
1910,BMC53A_raw,0.7458953561666509
1910,BMC54A_raw,0.7136443550007583
1910,BMC54B_raw,0.9069567009306915
1910,BMC57A_raw,0.7215532272070657
1910,BMC57B_raw,0.960350345039218
1910,BMC58A_raw,1.0195555860115428
1910,BMC58B_raw,1.1551476681712383
1910,BMC59A_raw,0.9731686112880629
1910,BMC59B_raw,0.4155868009894685
1910,BMC60A_raw,0.556410939717618
1910,BMC60B_raw,1.089672414611858
1910,BMC61B_raw,0.8318860645184352
1910,BMC62B_raw,1.175114468321508
1911,BMC42A_raw,0.710667565423206
1911,BMC42B_raw,1.0391096136934759
1911,BMC43A_raw,0.7362192701625108
1911,BMC47A_raw,1.2339828325512263
1911,BMC47B_raw,1.054212929882481
1911,BMC48B_raw,0.8893565286333154
1911,BMC49A_raw,0.9261464089296096
1911,BMC51A_raw,1.0374645784621512
1911,BMC52A_raw,0.67660778034543
1911,BMC53A_raw,0.9706949491357535
1911,BMC54A_raw,0.6797295832154494
1911,BMC54B_raw,0.8049795406420089
1911,BMC57A_raw,0.6883057495446847
1911,BMC57B_raw,0.9111824926905714
1911,BMC58A_raw,0.6901312909393198
1911,BMC58B_raw,0.9880209601921159
1911,BMC59A_raw,0.6163397008107686
1911,BMC59B_raw,0.44657023683249775
1911,BMC60A_raw,0.6946212388490584
1911,BMC60B_raw,1.089655341657766
1911,BMC61B_raw,0.9058785308380732
1911,BMC62B_raw,1.200911128952009
1912,BMC42A_raw,0.5362629637494346
1912,BMC42B_raw,0.6902364240263565
1912,BMC43A_raw,0.8493435923880321
1912,BMC47A_raw,0.9403178509313425
1912,BMC47B_raw,0.8823223529339103
1912,BMC48B_raw,0.8896569699557523
1912,BMC49A_raw,1.1989772239870762
1912,BMC51A_raw,0.9223287057484304
1912,BMC52A_raw,0.9148286674467839
1912,BMC53A_raw,0.7101028255577183
1912,BMC54A_raw,0.8384137566288433
1912,BMC54B_raw,0.9811140000547478
1912,BMC57A_raw,0.7725859003681446
1912,BMC57B_raw,0.8620001912636862
1912,BMC58A_raw,0.862624273491297
1912,BMC58B_raw,0.8512719120036557
1912,BMC59A_raw,1.0380451481824182
1912,BMC59B_raw,0.6008259150138795
1912,BMC60A_raw,0.8431609448602579
1912,BMC60B_raw,1.2274048297867488
1912,BMC61B_raw,0.6638092610109897
1912,BMC62B_raw,1.4591358454391967
1913,BMC42A_raw,0.5738303165831139
1913,BMC42B_raw,0.9449295757779889
1913,BMC43A_raw,0.825164407548799
1913,BMC47A_raw,0.8397351227512029
1913,BMC47B_raw,0.9854415244544997
1913,BMC48B_raw,0.819461397184668
1913,BMC49A_raw,0.8722942002355333
1913,BMC51A_raw,0.755900590028128
1913,BMC52A_raw,0.882292273024646
1913,BMC53A_raw,0.7856731773041609
1913,BMC54A_raw,0.6571955374011911
1913,BMC54B_raw,0.9669554613979304
1913,BMC57A_raw,0.7561132140862217
1913,BMC57B_raw,0.8497503223519761
1913,BMC58A_raw,0.9566813461522938
1913,BMC58B_raw,1.00334507501587
1913,BMC59A_raw,0.9245084057277375
1913,BMC59B_raw,0.47778941765924643
1913,BMC60A_raw,0.6715508598491232
1913,BMC60B_raw,1.1647568478254693
1913,BMC61B_raw,1.1066744205760435
1913,BMC62B_raw,1.3170644730239658
1914,BMC42A_raw,0.5615043332876264
1914,BMC42B_raw,0.7668136446479937
1914,BMC43A_raw,0.6382509175457074
1914,BMC47A_raw,0.8567384739871018
1914,BMC47B_raw,0.8937636234975559
1914,BMC48B_raw,0.8726152285297475
1914,BMC49A_raw,0.65444969402439
1914,BMC51A_raw,0.8072488288930798
1914,BMC52A_raw,1.0365642705963638
1914,BMC53A_raw,0.7490390578090248
1914,BMC54A_raw,0.7025811302869347
1914,BMC54B_raw,0.835508207564663
1914,BMC57A_raw,0.6891879515314067
1914,BMC57B_raw,0.812861361816721
1914,BMC58A_raw,0.6743463984942691
1914,BMC58B_raw,0.9577931553119842
1914,BMC59A_raw,0.697435774035629
1914,BMC59B_raw,0.47799775039062503
1914,BMC60A_raw,0.7452425211304667
1914,BMC60B_raw,0.8641532443223503
1914,BMC61B_raw,0.6852805511303295
1914,BMC62B_raw,1.3686818959023022
1915,BMC42A_raw,0.4243587096711305
1915,BMC42B_raw,0.7539419824380533
1915,BMC43A_raw,0.9520553772690558
1915,BMC47A_raw,0.8401819457323979
1915,BMC47B_raw,0.9625046702582056
1915,BMC48B_raw,0.8728961610029622
1915,BMC49A_raw,0.9456413442223003
1915,BMC51A_raw,0.9995642339290619
1915,BMC52A_raw,1.1061937381523115
1915,BMC53A_raw,0.5811054077183138
1915,BMC54A_raw,0.7479717761649753
1915,BMC54B_raw,0.8505753029365892
1915,BMC57A_raw,0.5717504985057981
1915,BMC57B_raw,0.7513290277397598
1915,BMC58A_raw,0.9252144930214746
1915,BMC58B_raw,0.8362139090056845
1915,BMC59A_raw,0.9731656851844611
1915,BMC59B_raw,0.6324641550368603
1915,BMC60A_raw,0.7017961490731516
1915,BMC60B_raw,1.277409176101919
1915,BMC61B_raw,0.8963862810894894
1915,BMC62B_raw,1.0975026734795703
1916,BMC42A_raw,0.6242183156881519
1916,BMC42B_raw,0.9241964580749674
1916,BMC43A_raw,1.0533139402180252
1916,BMC47A_raw,1.0253620637966063
1916,BMC47B_raw,1.180201337196044
1916,BMC48B_raw,1.1289506539901257
1916,BMC49A_raw,0.7276621866252145
1916,BMC51A_raw,1.2431752631116593
1916,BMC52A_raw,0.98853369703762906
1916,BMC53A_raw,0.9007000644616304
1916,BMC54A_raw,1.0087095354787976
1916,BMC54B_raw,1.0417121459889265
1916,BMC57A_raw,0.8243127328107406
1916,BMC57B_raw,1.0100423364851017
1916,BMC58A_raw,0.8937990556509936
1916,BMC58B_raw,1.0339175269338305
1916,BMC59A_raw,1.18401766959857
1916,BMC59B_raw,0.4475448524194287
1916,BMC60A_raw,1.08328039555072
1916,BMC60B_raw,1.3149409032358264
1916,BMC61B_raw,0.7805955224863207
1916,BMC62B_raw,1.6526726488201011
1917,BMC42A_raw,0.5994027993035368
1917,BMC42B_raw,0.6878472148447818
1917,BMC43A_raw,0.6401491711772483
1917,BMC47A_raw,0.9080367658490507
1917,BMC47B_raw,1.1114393508051172
1917,BMC48B_raw,1.1998842616592011
1917,BMC49A_raw,0.9462748216850237
1917,BMC51A_raw,0.9484892282039299
1917,BMC52A_raw,1.0411977280292386
1917,BMC53A_raw,0.8452676636346103
1917,BMC54A_raw,0.816097183138893
1917,BMC54B_raw,0.8954052255739573
1917,BMC57A_raw,0.7068189021823974
1917,BMC57B_raw,1.0347325637170763
1917,BMC58A_raw,0.956463403516902
1917,BMC58B_raw,0.9427353088862163
1917,BMC59A_raw,0.8920676993728298
1917,BMC59B_raw,0.5712489821512353
1917,BMC60A_raw,0.8486146942290759
1917,BMC60B_raw,0.9893046408757588
1917,BMC61B_raw,0.8546618827959982
1917,BMC62B_raw,1.420234195561792
1918,BMC42A_raw,0.49962861552447535
1918,BMC42B_raw,0.6985455543754662
1918,BMC43A_raw,0.6659196662992043
1918,BMC47A_raw,0.883179165028391
1918,BMC47B_raw,1.1228845699137786
1918,BMC48B_raw,0.7942849390880633
1918,BMC49A_raw,0.8191586980673679
1918,BMC51A_raw,0.9229305284102766
1918,BMC52A_raw,0.9059691945725964
1918,BMC53A_raw,0.0018802761852791004
1918,BMC54A_raw,0.804821309918521
1918,BMC54B_raw,0.8517538590934017
1918,BMC57A_raw,0.4377135127300268
1918,BMC57B_raw,0.7514491349704305
1918,BMC58A_raw,0.8623302806012908
1918,BMC58B_raw,0.9123664061351692
1918,BMC59A_raw,0.8434091024136307
1918,BMC59B_raw,0.6178279094049673
1918,BMC60A_raw,0.7734449792971574
1918,BMC60B_raw,1.00179291259184
1918,BMC61B_raw,0.5910297291013769
1918,BMC62B_raw,1.6396894691202606
1919,BMC42A_raw,0.42479050438334587
1919,BMC42B_raw,0.7254277872581015
1919,BMC43A_raw,0.7672081676814448
1919,BMC47A_raw,0.7910140156971436
1919,BMC47B_raw,0.9510032214440048
1919,BMC48B_raw,0.9269460376249361
1919,BMC49A_raw,0.5098620341578467
1919,BMC51A_raw,1.0383729506158714
1919,BMC52A_raw,0.582029509899631
1919,BMC53A_raw,0.8657979801819558
1919,BMC54A_raw,0.861558900057224
1919,BMC54B_raw,0.9402826919448686
1919,BMC57A_raw,0.7241653915757115
1919,BMC57B_raw,0.9362723274886005
1919,BMC58A_raw,0.8309181520576028
1919,BMC58B_raw,0.9428195284867094
1919,BMC59A_raw,1.200235556178899
1919,BMC59B_raw,0.772609516152828
1919,BMC60A_raw,0.7937065410013665
1919,BMC60B_raw,0.976712229081094
1919,BMC61B_raw,1.0556753192065496
1919,BMC62B_raw,1.4330840554322066
1920,BMC42A_raw,0.5498648354773784
1920,BMC42B_raw,0.6715831076420662
1920,BMC43A_raw,0.7302157513641052
1920,BMC47A_raw,0.6230189165265745
1920,BMC47B_raw,0.7791256937302313
1920,BMC48B_raw,0.8212539236022017
1920,BMC49A_raw,0.8925394079487754
1920,BMC51A_raw,0.9743387788216761
1920,BMC52A_raw,0.9771559177030312
1920,BMC53A_raw,0.5463753269291126
1920,BMC54A_raw,0.8502790630912845
1920,BMC54B_raw,0.9112942724653297
1920,BMC57A_raw,0.6738715525456808
1920,BMC57B_raw,0.8500697117082165
1920,BMC58A_raw,0.6270654431222322
1920,BMC58B_raw,0.8059916179848544
1920,BMC59A_raw,0.8920666408657899
1920,BMC59B_raw,0.5874283379668507
1920,BMC60A_raw,0.7399373772155577
1920,BMC60B_raw,0.8138952667600119
1920,BMC61B_raw,0.83418753152934
1920,BMC62B_raw,1.4201439146053498
1921,BMC42A_raw,0.4999994141472318
1921,BMC42B_raw,0.7797515915063374
1921,BMC43A_raw,0.9326036503815598
1921,BMC47A_raw,0.918174023049296
1921,BMC47B_raw,1.214504322755142
1921,BMC48B_raw,0.9981605128449355
1921,BMC49A_raw,1.0203605125713884
1921,BMC51A_raw,1.1154243421812808
1921,BMC52A_raw,1.0128809450127942
1921,BMC53A_raw,0.8486668921986048
1921,BMC54A_raw,0.8956839319709127
1921,BMC54B_raw,0.8969774105096519
1921,BMC57A_raw,0.5561272321488955
1921,BMC57B_raw,0.9363409299958787
1921,BMC58A_raw,0.9562079322634413
1921,BMC58B_raw,0.9276864977260438
1921,BMC59A_raw,1.2975510385427844
1921,BMC59B_raw,0.7577874109785542
1921,BMC60A_raw,0.7918856752689135
1921,BMC60B_raw,1.0267182821120897
1921,BMC61B_raw,1.2251748481878353
1921,BMC62B_raw,1.6008569565058122
1922,BMC42A_raw,0.550132483931457
1922,BMC42B_raw,0.7011966409894796
1922,BMC43A_raw,0.42893237052189837
1922,BMC47A_raw,0.8765487426376403
1922,BMC47B_raw,0.9967974357364635
1922,BMC48B_raw,0.9719416536341646
1922,BMC49A_raw,0.8201817379433903
1922,BMC51A_raw,1.218051239573671
1922,BMC52A_raw,0.8939672924897784
1922,BMC53A_raw,0.96277315574614
1922,BMC54A_raw,0.9184147689130924
1922,BMC54B_raw,0.9561941598166358
1922,BMC57A_raw,0.8260280761851034
1922,BMC57B_raw,1.2690268212505003
1922,BMC58A_raw,0.7523718943698433
1922,BMC58B_raw,0.8668860347842651
1922,BMC59A_raw,0.9245048265478186
1922,BMC59B_raw,0.7580994587065899
1922,BMC60A_raw,0.9702851493771933
1922,BMC60B_raw,0.8639089761387534
1922,BMC61B_raw,0.8874015308442389
1922,BMC62B_raw,1.9881214591566239
1923,BMC42A_raw,0.5502642557582268
1923,BMC42B_raw,0.8348154706563573
1923,BMC43A_raw,0.7956045442390804
1923,BMC47A_raw,0.8264711996874293
1923,BMC47B_raw,0.9509552752561099
1923,BMC48B_raw,0.7777749354261715
1923,BMC49A_raw,0.8386583939521903
1923,BMC51A_raw,1.0257696181049645
1923,BMC52A_raw,0.7919223479163866
1923,BMC53A_raw,0.9637191160326963
1923,BMC54A_raw,0.8390936478382534
1923,BMC54B_raw,0.824134808176704
1923,BMC57A_raw,0.9443235576713715
1923,BMC57B_raw,1.7988621131189615
1923,BMC58A_raw,0.9247224489865292
1923,BMC58B_raw,0.8669155603114641
1923,BMC59A_raw,1.2651115051369015
1923,BMC59B_raw,0.7119763359859179
1923,BMC60A_raw,0.6320903251611275
1923,BMC60B_raw,1.0141088771268236
1923,BMC61B_raw,1.183469623127886
1923,BMC62B_raw,2.1171789383495545
1924,BMC42A_raw,0.10007176467860734
1924,BMC42B_raw,0.38612629154155637
1924,BMC43A_raw,0.3160426972960326
1924,BMC47A_raw,0.7679202333220485
1924,BMC47B_raw,0.824914091278615
1924,BMC48B_raw,0.6807442981999539
1924,BMC49A_raw,0.49240050138582303
1924,BMC51A_raw,0.39749934093307615
1924,BMC52A_raw,0.17239549114985964
1924,BMC53A_raw,0.0018914911488792532
1924,BMC54A_raw,0.3628710632360453
1924,BMC54B_raw,0.5152907132085125
1924,BMC57A_raw,0.539774726087518
1924,BMC57B_raw,1.2444464112276106
1924,BMC58A_raw,0.5798671044466538
1924,BMC58B_raw,0.5931716914634003
1924,BMC59A_raw,0.42170372426580993
1924,BMC59B_raw,0.0015484036921412363
1924,BMC60A_raw,0.4945930994981112
1924,BMC60B_raw,0.45069422421168664
1924,BMC61B_raw,0.6130032358904396
1924,BMC62B_raw,1.3813037480705928
1925,BMC42A_raw,0.42540480713691564
1925,BMC42B_raw,0.6926980117397687
1925,BMC43A_raw,0.6200876508704598
1925,BMC47A_raw,1.232861458904081
1925,BMC47B_raw,1.031128649289549
1925,BMC48B_raw,0.8489553545432806
1925,BMC49A_raw,0.8756312190884175
1925,BMC51A_raw,1.1797081307522437
1925,BMC52A_raw,0.7250551762641805
1925,BMC53A_raw,1.060263802833275
1925,BMC54A_raw,0.8051618135031638
1925,BMC54B_raw,0.8247892221363852
1925,BMC57A_raw,0.7930234613322645
1925,BMC57B_raw,1.6017931319742336
1925,BMC58A_raw,0.7522023563757699
1925,BMC58B_raw,0.7452892645735215
1925,BMC59A_raw,1.2164527591133385
1925,BMC59B_raw,0.38725724907462333
1925,BMC60A_raw,0.7148046009350402
1925,BMC60B_raw,1.0140134857036784
1925,BMC61B_raw,1.0465577531789996
1925,BMC62B_raw,1.8847342837330934
1926,BMC42A_raw,0.27532588822979137
1926,BMC42B_raw,0.40558839711822614
1926,BMC43A_raw,0.48138662251361786
1926,BMC47A_raw,0.6422067119487594
1926,BMC47B_raw,0.9394598241744224
1926,BMC48B_raw,0.5484335543076825
1926,BMC49A_raw,0.5839197003755652
1926,BMC51A_raw,0.6411595109909624
1926,BMC52A_raw,0.6396084011982114
1926,BMC53A_raw,0.07580627132784021
1926,BMC54A_raw,0.646429247894004
1926,BMC54B_raw,0.76617099570338
1926,BMC57A_raw,0.5738371761731481
1926,BMC57B_raw,1.2075244060639514
1926,BMC58A_raw,0.8304919324240416
1926,BMC58B_raw,0.8061516968051193
1926,BMC59A_raw,1.054258828186358
1926,BMC59B_raw,0.0015496506525942925
1926,BMC60A_raw,0.7350393479870326
1926,BMC60B_raw,1.05151760547072
1926,BMC61B_raw,0.7612921568733977
1926,BMC62B_raw,1.7039750465346297
1927,BMC42A_raw,0.5883315412669721
1927,BMC42B_raw,0.47356594982993705
1927,BMC43A_raw,0.6974750182494509
1927,BMC47A_raw,0.9217225379914933
1927,BMC47B_raw,0.8821633352276654
1927,BMC48B_raw,0.8051760941564704
1927,BMC49A_raw,0.7118505563580465
1927,BMC51A_raw,1.11563503222249
1927,BMC52A_raw,0.9693620535419247
1927,BMC53A_raw,0.9295187716215498
1927,BMC54A_raw,0.8506044089788861
1927,BMC54B_raw,0.8991174792041513
1927,BMC57A_raw,0.6752855351008126
1927,BMC57B_raw,1.4786195504928095
1927,BMC58A_raw,0.7990891925579515
1927,BMC58B_raw,0.790961849444499
1927,BMC59A_raw,1.4921814320154643
1927,BMC59B_raw,0.8216424410033671
1927,BMC60A_raw,0.7867083907687422
1927,BMC60B_raw,0.9388072630255385
1927,BMC61B_raw,0.9623848995886244
1927,BMC62B_raw,1.4715883245093746
1928,BMC42A_raw,0.4632601514774446
1928,BMC42B_raw,0.7505081895676533
1928,BMC43A_raw,0.6601261671437699
1928,BMC47A_raw,0.9308742373492217
1928,BMC47B_raw,0.9279768099510707
1928,BMC48B_raw,0.7788392133589888
1928,BMC49A_raw,0.7850760387523178
1928,BMC51A_raw,1.2438815985492286
1928,BMC52A_raw,0.8493263271721531
1928,BMC53A_raw,0.6835641722246503
1928,BMC54A_raw,0.7485649156177729
1928,BMC54B_raw,0.8109805867242474
1928,BMC57A_raw,0.506597027618768
1928,BMC57B_raw,1.515599052096906
1928,BMC58A_raw,0.8303591224961386
1928,BMC58B_raw,0.7909809610573137
1928,BMC59A_raw,1.5570586096794603
1928,BMC59B_raw,0.7754417014109621
1928,BMC60A_raw,1.2259821772684945
1928,BMC60B_raw,1.1390266423949074
1928,BMC61B_raw,0.9202651444419929
1928,BMC62B_raw,1.7426396353899327
1929,BMC42A_raw,0.6637386436996725
1929,BMC42B_raw,0.6277293458108663
1929,BMC43A_raw,0.8260315813214392
1929,BMC47A_raw,0.9146572696184359
1929,BMC47B_raw,0.9394197698904729
1929,BMC48B_raw,0.6285469380874211
1929,BMC49A_raw,0.8218127003286401
1929,BMC51A_raw,1.5131831116039405
1929,BMC52A_raw,0.9198773917038359
1929,BMC53A_raw,0.8552672419875782
1929,BMC54A_raw,0.7939656657299067
1929,BMC54B_raw,0.9587807376467644
1929,BMC57A_raw,0.8445428194686105
1929,BMC57B_raw,1.2322021265952574
1929,BMC58A_raw,0.657966694491652
1929,BMC58B_raw,0.836633215082273
1929,BMC59A_raw,1.4921809314198764
1929,BMC59B_raw,0.8533220765233728
1929,BMC60A_raw,0.9002192224882977
1929,BMC60B_raw,1.1890300695674356
1929,BMC61B_raw,1.0579809947902643
1929,BMC62B_raw,1.497353338737329
1930,BMC42A_raw,0.7139917523159646
1930,BMC42B_raw,0.714034303101566
1930,BMC43A_raw,0.59791969637149045
1930,BMC47A_raw,0.9916719951032079
1930,BMC47B_raw,1.1914418157236337
1930,BMC48B_raw,0.513594337245631
1930,BMC49A_raw,0.895099995814805
1930,BMC51A_raw,1.1797700257622816
1930,BMC52A_raw,0.8341919978055249
1930,BMC53A_raw,0.6468128839787752
1930,BMC54A_raw,0.8053398719111328
1930,BMC54B_raw,0.8263218684500078
1930,BMC57A_raw,0.6758003771039846
1930,BMC57B_raw,1.3061388521944188
1930,BMC58A_raw,0.8928809554263579
1930,BMC58B_raw,1.0191924640061605
1930,BMC59A_raw,1.3786452323696539
1930,BMC59B_raw,0.7450092931865785
1930,BMC60A_raw,0.9306729386302655
1930,BMC60B_raw,1.2139957559693186
1930,BMC61B_raw,0.867708325255044
1930,BMC62B_raw,1.2649839484899048
1931,BMC42A_raw,0.30069472122184515
1931,BMC42B_raw,0.657618935797192
1931,BMC43A_raw,0.36932328250641105
1931,BMC47A_raw,0.8058684486613287
1931,BMC47B_raw,0.8477441396126145
1931,BMC48B_raw,0.6377291969344849
1931,BMC49A_raw,0.45680278772891636
1931,BMC51A_raw,1.025882397267118
1931,BMC52A_raw,0.34803322884864035
1931,BMC53A_raw,0.8378394185292309
1931,BMC54A_raw,0.5898484260706511
1931,BMC54B_raw,0.6642417928667975
1931,BMC57A_raw,0.7097593119061139
1931,BMC57B_raw,1.330784139481123
1931,BMC58A_raw,0.8771430076456516
1931,BMC58B_raw,1.1409088319720873
1931,BMC59A_raw,1.7030321361445238
1931,BMC59B_raw,0.6521371594778854
1931,BMC60A_raw,0.9506297084300501
1931,BMC60B_raw,1.113810047434555
1931,BMC61B_raw,1.0054570618567287
1931,BMC62B_raw,1.2262395499080196
1932,BMC42A_raw,0.6265849104220363
1932,BMC42B_raw,0.3976926419547332
1932,BMC43A_raw,0.3442215726679661
1932,BMC47A_raw,0.6792025088170216
1932,BMC47B_raw,0.9050106105756104
1932,BMC48B_raw,0.5138568381055866
1932,BMC49A_raw,0.8041792181840073
1932,BMC51A_raw,1.4490461650506103
1932,BMC52A_raw,0.7666632423691976
1932,BMC53A_raw,0.7623852360944824
1932,BMC54A_raw,0.6919619905902408
1932,BMC54B_raw,0.8416630792582717
1932,BMC57A_raw,0.8282433857266427
1932,BMC57B_raw,1.0104085164954948
1932,BMC58A_raw,0.642139719122626
1932,BMC58B_raw,0.8214687230861836
1932,BMC59A_raw,1.8490061216847267
1932,BMC59B_raw,0.8698531854971119
1932,BMC60A_raw,0.8035802164276447
1932,BMC60B_raw,1.163802483918503
1932,BMC61B_raw,0.6774822780890015
1932,BMC62B_raw,1.0971437988882533
1933,BMC42A_raw,0.7144622964995908
1933,BMC42B_raw,0.6538840293401214
1933,BMC43A_raw,0.6636593303617914
1933,BMC47A_raw,0.9432156541718976
1933,BMC47B_raw,1.1341100719661759
1933,BMC48B_raw,0.558295178838257
1933,BMC49A_raw,0.8226636995113427
1933,BMC51A_raw,1.5387903409036854
1933,BMC52A_raw,0.593181423234776
1933,BMC53A_raw,0.744018151009669
1933,BMC54A_raw,0.7940811682735783
1933,BMC54B_raw,0.9158033032114669
1933,BMC57A_raw,0.7946148415186253
1933,BMC57B_raw,0.9241504019814779
1933,BMC58A_raw,0.9709577224908309
1933,BMC58B_raw,1.064883871740836
1933,BMC59A_raw,1.913883354646932
1933,BMC59B_raw,1.1188137561679619
1933,BMC60A_raw,0.907051279238769
1933,BMC60B_raw,1.1011684320257265
1933,BMC61B_raw,0.8575888368505443
1933,BMC62B_raw,1.1745704392877505
1934,BMC42A_raw,0.6268565766398091
1934,BMC42B_raw,0.50282000245984515
1934,BMC43A_raw,0.6004946382628096
1934,BMC47A_raw,0.8505039479560734
1934,BMC47B_raw,1.191370161857659
1934,BMC48B_raw,0.6027543156769117
1934,BMC49A_raw,0.859440066692476
1934,BMC51A_raw,1.2694809086090595
1934,BMC52A_raw,0.331905453804418
1934,BMC53A_raw,0.7638032011188484
1934,BMC54A_raw,0.7600729470708594
1934,BMC54B_raw,0.7535728222125913
1934,BMC57A_raw,0.6933244728646305
1934,BMC57B_raw,1.158261205128995
1934,BMC58A_raw,0.9865334580730976
1934,BMC58B_raw,1.293092044366357
1934,BMC59A_raw,1.9625412557044997
1934,BMC59B_raw,0.870522136275011
1934,BMC60A_raw,1.062410452009526
1934,BMC60B_raw,1.3138164546767976
1934,BMC61B_raw,0.8895035313329532
1934,BMC62B_raw,1.458509611334348
1935,BMC42A_raw,0.8276277708595582
1935,BMC42B_raw,0.6842128092418328
1935,BMC43A_raw,0.6395176516577014
1935,BMC47A_raw,0.919385410786217
1935,BMC47B_raw,0.8706032339575377
1935,BMC48B_raw,0.39011365688333294
1935,BMC49A_raw,0.6584555635553787
1935,BMC51A_raw,1.846480364478545
1935,BMC52A_raw,0.7695932077727619
1935,BMC53A_raw,0.8600718513674909
1935,BMC54A_raw,0.7941294906353007
1935,BMC54B_raw,0.9164078391750379
1935,BMC57A_raw,0.930264118806841
1935,BMC57B_raw,1.0103895338342295
1935,BMC58A_raw,0.7985530944131636
1935,BMC58B_raw,0.9584219701013253
1935,BMC59A_raw,1.5570574277286962
1935,BMC59B_raw,1.1663226049266466
1935,BMC60A_raw,1.1446424895606127
1935,BMC60B_raw,1.101037166332482
1935,BMC61B_raw,0.6884212265675266
1935,BMC62B_raw,1.2906965704104914
1936,BMC42A_raw,0.8779733508831493
1936,BMC42B_raw,0.6608801648164848
1936,BMC43A_raw,0.7042361006384747
1936,BMC47A_raw,0.9543292439375163
1936,BMC47B_raw,1.0653268611189881
1936,BMC48B_raw,0.78928634124458
1936,BMC49A_raw,0.896447053936959
1936,BMC51A_raw,1.910549247011632
1936,BMC52A_raw,0.8756327790403814
1936,BMC53A_raw,1.090425623111238
1936,BMC54A_raw,0.9756718500113598
1936,BMC54B_raw,1.1089144010835537
1936,BMC57A_raw,0.8120315028929196
1936,BMC57B_raw,1.1459175740690444
1936,BMC58A_raw,1.2525229674087566
1936,BMC58B_raw,1.308337458541976
1936,BMC59A_raw,1.9625410361480302
1936,BMC59B_raw,1.1823221620527065
1936,BMC60A_raw,1.0084150192136276
1936,BMC60B_raw,1.2886353951754104
1936,BMC61B_raw,0.9639468057022523
1936,BMC62B_raw,1.5100921321046377
1937,BMC42A_raw,0.7150716901206874
1937,BMC42B_raw,0.7407152613604728
1937,BMC43A_raw,0.5127320000092901
1937,BMC47A_raw,0.8955386841771567
1937,BMC47B_raw,1.0767651027196463
1937,BMC48B_raw,0.647549022426423
1937,BMC49A_raw,0.4208810782225501
1937,BMC51A_raw,1.7566325980113309
1937,BMC52A_raw,0.6663077314299873
1937,BMC53A_raw,0.976536836669816
1937,BMC54A_raw,0.7374455825116596
1937,BMC54B_raw,0.7986708801507805
1937,BMC57A_raw,0.8121910378422761
1937,BMC57B_raw,1.0719740943976996
1937,BMC58A_raw,1.127171661885799
1937,BMC58B_raw,1.0801503875041438
1937,BMC59A_raw,1.427302519443456
1937,BMC59B_raw,1.1360804909691131
1937,BMC60A_raw,0.9867039893380217
1937,BMC60B_raw,1.263535261853548
1937,BMC61B_raw,0.6038869493467584
1937,BMC62B_raw,1.3939104844946055
1938,BMC42A_raw,0.7528642878704563
1938,BMC42B_raw,0.7519396827240783
1938,BMC43A_raw,0.577456832164673
1938,BMC47A_raw,0.9305603303591685
1938,BMC47B_raw,1.1454766881870677
1938,BMC48B_raw,0.48799668005081936
1938,BMC49A_raw,0.9883864425658492
1938,BMC51A_raw,1.4873236510714134
1938,BMC52A_raw,0.561793065758463
1938,BMC53A_raw,1.2457400207173681
1938,BMC54A_raw,0.8736106773139496
1938,BMC54B_raw,0.8580985454146692
1938,BMC57A_raw,0.9646604648892468
1938,BMC57B_raw,1.0226733573423648
1938,BMC58A_raw,1.0488032118253148
1938,BMC58B_raw,1.1714415294805303
1938,BMC59A_raw,1.9301022230445266
1938,BMC59B_raw,1.1520761476367671
1938,BMC60A_raw,1.0791891596405125
1938,BMC60B_raw,1.213418316060568
1938,BMC61B_raw,0.7629231367959252
1938,BMC62B_raw,1.38098375112205
1939,BMC42A_raw,0.5396645918448152
1939,BMC42B_raw,0.6938326330721889
1939,BMC43A_raw,0.4881675368040266
1939,BMC47A_raw,0.6922036025170474
1939,BMC47B_raw,0.7101842428209768
1939,BMC48B_raw,0.603485329442735
1939,BMC49A_raw,0.7506142926622353
1939,BMC51A_raw,1.3975260780797527
1939,BMC52A_raw,0.5273255088362714
1939,BMC53A_raw,1.1317749464788107
1939,BMC54A_raw,0.7715179316691992
1939,BMC54B_raw,0.8139631974972881
1939,BMC57A_raw,0.7447875701081634
1939,BMC57B_raw,1.133547534599729
1939,BMC58A_raw,1.3774103029554636
1939,BMC58B_raw,1.2475192073210435
1939,BMC59A_raw,1.8003474278764358
1939,BMC59B_raw,1.3082514299095154
1939,BMC60A_raw,0.8086581611581491
1939,BMC60B_raw,1.1883241256216417
1939,BMC61B_raw,0.6888546437592513
1939,BMC62B_raw,1.4067763630857446
1940,BMC42A_raw,0.8284928271756877
1940,BMC42B_raw,0.6352997443166613
1940,BMC43A_raw,0.41154302374859725
1940,BMC47A_raw,0.7100112432141413
1940,BMC47B_raw,1.0767136956644865
1940,BMC48B_raw,0.4882288349435795
1940,BMC49A_raw,0.6042900024295353
1940,BMC51A_raw,1.2051638195446193
1940,BMC52A_raw,0.6511581314945377
1940,BMC53A_raw,0.8255986519105163
1940,BMC54A_raw,0.8849952972151198
1940,BMC54B_raw,0.9474424928134462
1940,BMC57A_raw,0.998871032566326
1940,BMC57B_raw,0.8871085275212633
1940,BMC58A_raw,1.5181464451222435
1940,BMC58B_raw,1.3083828448102237
1940,BMC59A_raw,1.475960500304352
1940,BMC59B_raw,1.3087387186998616
1940,BMC60A_raw,1.0150973472372204
1940,BMC60B_raw,1.2883110383764558
1940,BMC61B_raw,0.7949502297329378
1940,BMC62B_raw,1.1873541492797703
1941,BMC42A_raw,0.6654407350703756
1941,BMC42B_raw,0.6636676494376138
1941,BMC43A_raw,0.6308744813485754
1941,BMC47A_raw,0.8905656970082955
1941,BMC47B_raw,1.1110589833936635
1941,BMC48B_raw,0.6836813953016714
1941,BMC49A_raw,0.7692683122279814
1941,BMC51A_raw,1.6410127832073915
1941,BMC52A_raw,0.58146300898918
1941,BMC53A_raw,0.9992975482555894
1941,BMC54A_raw,0.8736665451392956
1941,BMC54B_raw,0.8884907468069797
1941,BMC57A_raw,0.7619828908039585
1941,BMC57B_raw,0.997977963249368
1941,BMC58A_raw,1.2050186907586322
1941,BMC58B_raw,1.0497551313675697
1941,BMC59A_raw,2.5464373664891586
1941,BMC59B_raw,1.2157080432079697
1941,BMC60A_raw,0.9624559209685669
1941,BMC60B_raw,1.1256358641052457
1941,BMC61B_raw,0.7526620456613003
1941,BMC62B_raw,1.3938312257291832
1942,BMC42A_raw,0.7534819059049661
1942,BMC42B_raw,0.6834442765303435
1942,BMC43A_raw,0.7475807443748185
1942,BMC47A_raw,0.797201232866821
1942,BMC47B_raw,0.9277764745093653
1942,BMC48B_raw,0.8969869876560085
1942,BMC49A_raw,1.0075972106603273
1942,BMC51A_raw,1.4358292730959865
1942,BMC52A_raw,0.5998004187474696
1942,BMC53A_raw,1.1156012327047138
1942,BMC54A_raw,0.9644549019496529
1942,BMC54B_raw,0.9183752262955969
1942,BMC57A_raw,0.9992122312029571
1942,BMC57B_raw,0.9979573711241126
1942,BMC58A_raw,1.3457441479986096
1942,BMC58B_raw,1.2627549430973497
1942,BMC59A_raw,2.4166826384744313
1942,BMC59B_raw,1.6527261044789279
1942,BMC60A_raw,1.2201160847867565
1942,BMC60B_raw,1.4632310742748413
1942,BMC61B_raw,1.0496353670307343
1942,BMC62B_raw,1.3292839099258036
1943,BMC42A_raw,0.7033914045523201
1943,BMC42B_raw,0.7121234353305572
1943,BMC43A_raw,0.5032450830829452
1943,BMC47A_raw,0.7551386381437548
1943,BMC47B_raw,0.9621228760048905
1943,BMC48B_raw,0.8971960821227768
1943,BMC49A_raw,0.8429008391105127
1943,BMC51A_raw,1.9229053790874178
1943,BMC52A_raw,0.6711622623998817
1943,BMC53A_raw,0.9048299539508673
1943,BMC54A_raw,0.953124705292047
1943,BMC54B_raw,0.8890058884117965
1943,BMC57A_raw,0.8977438402610981
1943,BMC57B_raw,1.4414622411667075
1943,BMC58A_raw,1.4864439119070805
1943,BMC58B_raw,1.232331744341446
1943,BMC59A_raw,2.238269885946637
1943,BMC59B_raw,1.2633966136008223
1943,BMC60A_raw,1.1054244172806111
1943,BMC60B_raw,1.5881889314666997
1943,BMC61B_raw,0.9861578909644317
1943,BMC62B_raw,1.716431007955212
1944,BMC42A_raw,0.4899598558382661
1944,BMC42B_raw,0.8291827567917459
1944,BMC43A_raw,0.5554817152732918
1944,BMC47A_raw,0.7645385359765879
1944,BMC47B_raw,1.0308290422059732
1944,BMC48B_raw,0.5864226128255737
1944,BMC49A_raw,0.6048193778098444
1944,BMC51A_raw,1.5510759012997992
1944,BMC52A_raw,0.601222775552666
1944,BMC53A_raw,1.0212492629281011
1944,BMC54A_raw,0.9758336300556779
1944,BMC54B_raw,0.7410482391240639
1944,BMC57A_raw,1.1520045815146034
1944,BMC57B_raw,1.2196703688343544
1944,BMC58A_raw,1.0169487055796864
1944,BMC58B_raw,1.0649810255129333
1944,BMC59A_raw,1.7354701903605017
1944,BMC59B_raw,1.5135105332258973
1944,BMC60A_raw,0.9393287282767017
1944,BMC60B_raw,1.438028319786546
1944,BMC61B_raw,1.1665816355542076
1944,BMC62B_raw,1.4066805778230325
1945,BMC42A_raw,0.7790653161465527
1945,BMC42B_raw,0.7257364276035086
1945,BMC43A_raw,0.7112985296351579
1945,BMC47A_raw,1.0405577408473305
1945,BMC47B_raw,1.3973230224959439
1945,BMC48B_raw,0.7731903324913861
1945,BMC49A_raw,0.9532503209185944
1945,BMC51A_raw,1.9227338502147022
1945,BMC52A_raw,0.655039357738293
1945,BMC53A_raw,1.1378719150601284
1945,BMC54A_raw,1.0439303343445925
1945,BMC54B_raw,0.9932820836730599
1945,BMC57A_raw,1.236900768040695
1945,BMC57B_raw,1.0594856117570468
1945,BMC58A_raw,1.3297356079551377
1945,BMC58B_raw,1.2171234472089516
1945,BMC59A_raw,1.4110833004408214
1945,BMC59B_raw,1.6233249133432532
1945,BMC60A_raw,1.3304592756216116
1945,BMC60B_raw,1.4129245647708704
1945,BMC61B_raw,1.1137031337476622
1945,BMC62B_raw,1.2776107646110777
1946,BMC42A_raw,0.691242777934012
1946,BMC42B_raw,0.8346919536090236
1946,BMC43A_raw,0.8286260963774197
1946,BMC47A_raw,0.9556108441286826
1946,BMC47B_raw,1.2942204070317214
1946,BMC48B_raw,1.0667151563082673
1946,BMC49A_raw,1.1368049673331053
1946,BMC51A_raw,2.1405426262444482
1946,BMC52A_raw,0.8330467655254553
1946,BMC53A_raw,1.042363895201663
1946,BMC54A_raw,1.2595416203705923
1946,BMC54B_raw,1.008384902346722
1946,BMC57A_raw,0.8642650206483575
1946,BMC57B_raw,1.4167175704055126
1946,BMC58A_raw,1.4703977621131756
1946,BMC58B_raw,1.3388371102582721
1946,BMC59A_raw,1.9625412428902818
1946,BMC59B_raw,1.920591601002548
1946,BMC60A_raw,1.442713902881467
1946,BMC60B_raw,1.7003963638695758
1946,BMC61B_raw,1.410874129074814
1946,BMC62B_raw,1.5744093554524128
1947,BMC42A_raw,0.46510910828973495
1947,BMC42B_raw,0.926522137204692
1947,BMC43A_raw,0.6999439729227203
1947,BMC47A_raw,0.9566739375941242
1947,BMC47B_raw,1.2827458225678394
1947,BMC48B_raw,1.0758515980718295
1947,BMC49A_raw,1.2287359632010688
1947,BMC51A_raw,1.6405753826356113
1947,BMC52A_raw,0.76303177349339
1947,BMC53A_raw,0.8114428269698998
1947,BMC54A_raw,1.1801256593565077
1947,BMC54B_raw,0.8751599138150143
1947,BMC57A_raw,1.0847249448659015
1947,BMC57B_raw,1.2318952788883146
1947,BMC58A_raw,1.2982119899987612
1947,BMC58B_raw,1.27798105445836
1947,BMC59A_raw,1.8490059077722314
1947,BMC59B_raw,1.8744263384387452
1947,BMC60A_raw,1.1120410047426914
1947,BMC60B_raw,1.500247939357824
1947,BMC61B_raw,1.177646466745297
1947,BMC62B_raw,1.4066267693089811
1948,BMC42A_raw,0.5154916854416437
1948,BMC42B_raw,0.7597249952940257
1948,BMC43A_raw,0.5839482557680908
1948,BMC47A_raw,0.862837881933593
1948,BMC47B_raw,1.0651193967039905
1948,BMC48B_raw,0.9604843845505002
1948,BMC49A_raw,1.0455552637804675
1948,BMC51A_raw,1.8968199614628214
1948,BMC52A_raw,0.781675274923187
1948,BMC53A_raw,0.9088419732772582
1948,BMC54A_raw,1.361698838107884
1948,BMC54B_raw,0.9495804893917007
1948,BMC57A_raw,1.0340239289847288
1948,BMC57B_raw,1.2564981814384513
1948,BMC58A_raw,1.2824542133718047
1948,BMC58B_raw,1.1410537464410389
1948,BMC59A_raw,2.659973586059164
1948,BMC59B_raw,1.9063543077606855
1948,BMC60A_raw,1.5638315525336932
1948,BMC60B_raw,1.5501503798296135
1948,BMC61B_raw,1.2732902383791016
1948,BMC62B_raw,1.1872299377748115
1949,BMC42A_raw,0.6036194647024999
1949,BMC42B_raw,0.6994202950143998
1949,BMC43A_raw,0.7535005953300206
1949,BMC47A_raw,0.8465423044284885
1949,BMC47B_raw,1.202534035415545
1949,BMC48B_raw,0.9784950154123823
1949,BMC49A_raw,1.1191524694583628
1949,BMC51A_raw,1.9608005112776785
1949,BMC52A_raw,0.8181407961558121
1949,BMC53A_raw,1.0064092941957574
1949,BMC54A_raw,1.2709319800807284
1949,BMC54B_raw,0.7568971458112462
1949,BMC57A_raw,1.1867470871283725
1949,BMC57B_raw,1.3426897365346728
1949,BMC58A_raw,1.0790400374679483
1949,BMC58B_raw,1.0041258448863002
1949,BMC59A_raw,2.027419038440382
1949,BMC59B_raw,1.422464046843186
1949,BMC60A_raw,1.1205380386760408
1949,BMC60B_raw,1.162532970910661
1949,BMC61B_raw,1.0612050270574012
1949,BMC62B_raw,1.0839793525404493
1950,BMC42A_raw,0.691780632162027
1950,BMC42B_raw,0.773641051558589
1950,BMC43A_raw,0.8193912185324722
1950,BMC47A_raw,0.7264407491575068
1950,BMC47B_raw,1.0078211289855672
1950,BMC48B_raw,0.8630519138135373
1950,BMC49A_raw,0.8808194533441384
1950,BMC51A_raw,1.7941016841658033
1950,BMC52A_raw,0.9615183609651001
1950,BMC53A_raw,0.9104348426044913
1950,BMC54A_raw,1.4752026338065283
1950,BMC54B_raw,0.8016298309943382
1950,BMC57A_raw,1.1699490670120867
1950,BMC57B_raw,1.5274181146221713
1950,BMC58A_raw,1.125852214725809
1950,BMC58B_raw,1.171477591508724
1950,BMC59A_raw,2.092296611982181
1950,BMC59B_raw,1.5324332866035686
1950,BMC60A_raw,1.694892153065031
1950,BMC60B_raw,1.499939021662865
1950,BMC61B_raw,1.2311455249875078
1950,BMC62B_raw,1.1226794292242075
1951,BMC42A_raw,0.729653973050594
1951,BMC42B_raw,1.0107598622712481
1951,BMC43A_raw,0.7682441941422569
1951,BMC47A_raw,0.8225220900493186
1951,BMC47B_raw,0.9963518376874279
1951,BMC48B_raw,0.8810479669461129
1951,BMC49A_raw,1.2664264688513827
1951,BMC51A_raw,1.9990338470931541
1951,BMC52A_raw,1.0339096856025165
1951,BMC53A_raw,1.046944049596602
1951,BMC54A_raw,1.418475952996619
1951,BMC54B_raw,1.0097201753134635
1951,BMC57A_raw,1.2040162876038352
1951,BMC57B_raw,1.515053848937618
1951,BMC58A_raw,1.4071869505076349
1951,BMC58B_raw,1.2931858080414529
1951,BMC59A_raw,2.919483891004158
1951,BMC59B_raw,1.5955512778209537
1951,BMC60A_raw,1.683310363397039
1951,BMC60B_raw,1.499835002009277
1951,BMC61B_raw,1.1463738443312108
1951,BMC62B_raw,1.4065587389706802
1952,BMC42A_raw,0.8556195006386978
1952,BMC42B_raw,0.8872308486328647
1952,BMC43A_raw,0.8734135840835304
1952,BMC47A_raw,0.9361712776828786
1952,BMC47B_raw,1.2139254167453621
1952,BMC48B_raw,0.9969686875072773
1952,BMC49A_raw,1.0096662321350078
1952,BMC51A_raw,1.7426514024630277
1952,BMC52A_raw,0.9101497519413795
1952,BMC53A_raw,1.2030928110071724
1952,BMC54A_raw,1.1234413688232094
1952,BMC54B_raw,0.965419652674033
1952,BMC57A_raw,1.4076890705152987
1952,BMC57B_raw,0.9607356673354928
1952,BMC58A_raw,1.2663527400875891
1952,BMC58B_raw,1.2171117122499697
1952,BMC59A_raw,2.124735689500991
1952,BMC59B_raw,1.5961193990576317
1952,BMC60A_raw,1.199975969760959
1952,BMC60B_raw,1.2122821700347262
1952,BMC61B_raw,1.1146588585399122
1952,BMC62B_raw,1.3549261001637791
1953,BMC42A_raw,0.7425165665058607
1953,BMC42B_raw,0.7992188495216934
1953,BMC43A_raw,0.8222140120645935
1953,BMC47A_raw,0.6769211825834607
1953,BMC47B_raw,1.0077700747702503
1953,BMC48B_raw,0.9615821510402107
1953,BMC49A_raw,0.6426381481291286
1953,BMC51A_raw,1.306915213673054
1953,BMC52A_raw,0.911167667510515
1953,BMC53A_raw,1.0293429919918382
1953,BMC54A_raw,1.0553610242416953
1953,BMC54B_raw,0.7576738729293595
1953,BMC57A_raw,1.2212774114057718
1953,BMC57B_raw,1.0099716589328762
1953,BMC58A_raw,1.016116285567658
1953,BMC58B_raw,1.0801820950974137
1953,BMC59A_raw,1.9138842382468606
1953,BMC59B_raw,1.4244943848865965
1953,BMC60A_raw,1.3835371183323646
1953,BMC60B_raw,1.1372160861327771
1953,BMC61B_raw,0.8493601986851306
1953,BMC62B_raw,0.9677932217034474
1954,BMC42A_raw,0.8937055338335774
1954,BMC42B_raw,0.892840177603949
1954,BMC43A_raw,1.0714173086851069
1954,BMC47A_raw,0.7472364917489365
1954,BMC47B_raw,1.3284016422306288
1954,BMC48B_raw,1.2289689507695778
1954,BMC49A_raw,1.0100515984047074
1954,BMC51A_raw,2.088382654051517
1954,BMC52A_raw,1.1268123324605763
1954,BMC53A_raw,1.088549501359087
1954,BMC54A_raw,1.2369357316955347
1954,BMC54B_raw,1.0996436309876882
1954,BMC57A_raw,1.5776714602627466
1954,BMC57B_raw,1.0222547564422402
1954,BMC58A_raw,1.1879660464394288
1954,BMC58B_raw,1.308383265609642
1954,BMC59A_raw,2.5302200934870944
1954,BMC59B_raw,1.4876359094678024
1954,BMC60A_raw,1.7716479911917065
1954,BMC60B_raw,1.5245123040847623
1954,BMC61B_raw,1.0830548732414507
1954,BMC62B_raw,1.3677988900939186
1955,BMC42A_raw,0.6420780747006127
1955,BMC42B_raw,0.8042429624473479
1955,BMC43A_raw,0.8110324855594225
1955,BMC47A_raw,0.7481319417429769
1955,BMC47B_raw,1.2138636099497404
1955,BMC48B_raw,1.6033694230613913
1955,BMC49A_raw,0.8449290575372412
1955,BMC51A_raw,1.7551648134301274
1955,BMC52A_raw,0.8773797491836185
1955,BMC53A_raw,0.85602786393927
1955,BMC54A_raw,1.0667206240121334
1955,BMC54B_raw,1.0850506537406295
1955,BMC57A_raw,1.4760577088335045
1955,BMC57B_raw,1.194643167549628
1955,BMC58A_raw,1.1878576956093807
1955,BMC58B_raw,1.2475214788589826
1955,BMC59A_raw,2.3842461068233134
1955,BMC59B_raw,1.8014580682094556
1955,BMC60A_raw,1.8931332358919808
1955,BMC60B_raw,1.4619292570617544
1955,BMC61B_raw,0.9875992876510579
1955,BMC62B_raw,1.2000365200082095
1956,BMC42A_raw,0.8184877903172769
1956,BMC42B_raw,0.797578388779732
1956,BMC43A_raw,0.8774540212440317
1956,BMC47A_raw,0.6793574087384208
1956,BMC47B_raw,1.0077186491801549
1956,BMC48B_raw,1.577007436807953
1956,BMC49A_raw,0.8818289645060887
1956,BMC51A_raw,1.9856539347959579
1956,BMC52A_raw,1.003824283231583
1956,BMC53A_raw,1.187789068748877
1956,BMC54A_raw,0.9532438393968746
1956,BMC54B_raw,0.9366416420620155
1956,BMC57A_raw,1.6119697343723027
1956,BMC57B_raw,1.3670191455951655
1956,BMC58A_raw,1.000210011892152
1956,BMC58B_raw,0.9736694882367716
1956,BMC59A_raw,1.8490073864025438
1956,BMC59B_raw,1.2222886473650894
1956,BMC60A_raw,1.9940035090204293
1956,BMC60B_raw,1.2494238391191734
1956,BMC61B_raw,0.870880162153011
1956,BMC62B_raw,1.0709884822832592
1957,BMC42A_raw,0.692695484777414
1957,BMC42B_raw,0.6713041576316814
1957,BMC43A_raw,0.8129156584491665
1957,BMC47A_raw,0.6801833077267636
1957,BMC47B_raw,1.1794687296060549
1957,BMC48B_raw,1.4169584953363463
1957,BMC49A_raw,0.845241590833415
1957,BMC51A_raw,1.8318171289677296
1957,BMC52A_raw,0.9151994344182329
1957,BMC53A_raw,0.9939239717203908
1957,BMC54A_raw,1.1007736770007508
1957,BMC54B_raw,0.9517382957904825
1957,BMC57A_raw,1.2388083327460315
1957,BMC57B_raw,1.5147523089052508
1957,BMC58A_raw,1.093879998152699
1957,BMC58B_raw,1.1105845404403174
1957,BMC59A_raw,1.5246202980196455
1957,BMC59B_raw,1.4265041229888775
1957,BMC60A_raw,1.4714289435029002
1957,BMC60B_raw,1.2868152892224338
1957,BMC61B_raw,1.0834045947945312
1957,BMC62B_raw,1.548400155340549
1958,BMC42A_raw,0.9195661897396897
1958,BMC42B_raw,0.8025112958806626
1958,BMC43A_raw,0.9582572191816737
1958,BMC47A_raw,1.0564475232132482
1958,BMC47B_raw,1.2596052485624496
1958,BMC48B_raw,1.7025233568404334
1958,BMC49A_raw,1.2129589308144795
1958,BMC51A_raw,1.6267609193508614
1958,BMC52A_raw,0.8623042859518063
1958,BMC53A_raw,1.150820992654049
1958,BMC54A_raw,1.2142591126458808
1958,BMC54B_raw,1.1453333282827152
1958,BMC57A_raw,1.4256317684386135
1958,BMC57B_raw,1.7856205208574136
1958,BMC58A_raw,1.4531653365785577
1958,BMC58B_raw,1.2627105622275332
1958,BMC59A_raw,2.4329050153030995
1958,BMC59B_raw,1.6622241582491788
1958,BMC60A_raw,2.21577457737334
1958,BMC60B_raw,1.4990956630316503
1958,BMC61B_raw,0.9241766107890826
1958,BMC62B_raw,1.509673842722344
1959,BMC42A_raw,0.3401762817183086
1959,BMC42B_raw,0.49038426203258545
1959,BMC43A_raw,0.3942639962837784
1959,BMC47A_raw,0.48079488224303335
1959,BMC47B_raw,1.1107237767875084
1959,BMC48B_raw,1.3195362832780764
1959,BMC49A_raw,0.9926001005700338
1959,BMC51A_raw,1.6138539363871993
1959,BMC52A_raw,0.5575100176896172
1959,BMC53A_raw,0.0019522159279083376
1959,BMC54A_raw,0.8624664393550348
1959,BMC54B_raw,0.7587766222533304
1959,BMC57A_raw,1.527623400819261
1959,BMC57B_raw,1.4530735726793371
1959,BMC58A_raw,1.2499209129567856
1959,BMC58B_raw,1.2018480430825427
1959,BMC59A_raw,1.6705949784919132
1959,BMC59B_raw,1.3490681841207348
1959,BMC60A_raw,1.3366866851104695
1959,BMC60B_raw,1.0617837216891992
1959,BMC61B_raw,0.7861618317485666
1959,BMC62B_raw,0.9806323660825024
1960,BMC42A_raw,0.756086222387554
1960,BMC42B_raw,0.6496523821349982
1960,BMC43A_raw,0.6841904346282642
1960,BMC47A_raw,0.6914520775992374
1960,BMC47B_raw,1.3855182538923367
1960,BMC48B_raw,1.560622295873938
1960,BMC49A_raw,1.2133949284379033
1960,BMC51A_raw,1.6906007040046387
1960,BMC52A_raw,1.0622156372020177
1960,BMC53A_raw,0.7033990727380296
1960,BMC54A_raw,1.066736669879947
1960,BMC54B_raw,1.071464751543058
1960,BMC57A_raw,1.2052490602908144
1960,BMC57B_raw,1.4899619897980751
1960,BMC58A_raw,1.1404490919823078
1960,BMC58B_raw,1.1866253505192528
1960,BMC59A_raw,1.5732789610561442
1960,BMC59B_raw,1.6633846636705845
1960,BMC60A_raw,1.4581096938972458
1960,BMC60B_raw,1.486390982003893
1960,BMC61B_raw,0.8499904844416323
1960,BMC62B_raw,1.0967483015848822
1961,BMC42A_raw,0.2268673919662053
1961,BMC42B_raw,0.4375191300661725
1961,BMC43A_raw,0.28980459634395517
1961,BMC47A_raw,0.7624216590676586
1961,BMC47B_raw,1.0419834259948904
1961,BMC48B_raw,1.2309466536961118
1961,BMC49A_raw,0.8826255245065842
1961,BMC51A_raw,1.3319062918622404
1961,BMC52A_raw,0.27034587403298116
1961,BMC53A_raw,0.0019555553709168154
1961,BMC54A_raw,0.6241551699401175
1961,BMC54B_raw,0.6251660495421316
1961,BMC57A_raw,1.205370216126886
1961,BMC57B_raw,0.9481227585204773
1961,BMC58A_raw,1.04661842397246
1961,BMC58B_raw,1.1409763553572618
1961,BMC59A_raw,1.329988569042409
1961,BMC59B_raw,0.8476794141428268
1961,BMC60A_raw,1.2227410423679428
1961,BMC60B_raw,0.9866930945308667
1961,BMC61B_raw,0.7756934710116175
1961,BMC62B_raw,0.619333747748512
1962,BMC42A_raw,0.8698169535431416
1962,BMC42B_raw,0.5882339050167931
1962,BMC43A_raw,0.6594208134674957
1962,BMC47A_raw,0.9651896191763605
1962,BMC47B_raw,1.2938692460567254
1962,BMC48B_raw,1.8468479757439118
1962,BMC49A_raw,1.0666933648832302
1962,BMC51A_raw,2.0361533137634296
1962,BMC52A_raw,0.7938659380711841
1962,BMC53A_raw,0.8024615358220206
1962,BMC54A_raw,0.9646040608149155
1962,BMC54B_raw,1.086847912136394
1962,BMC57A_raw,1.2224674415161765
1962,BMC57B_raw,1.2682209306531382
1962,BMC58A_raw,1.1558616574550087
1962,BMC58B_raw,1.217030748834682
1962,BMC59A_raw,1.83278936392084
1962,BMC59B_raw,1.3504765960317071
1962,BMC60A_raw,1.303363186902838
1962,BMC60B_raw,1.59857789653677
1962,BMC61B_raw,0.7545155775274518
1962,BMC62B_raw,0.7999644880844378
1963,BMC42A_raw,1.1095333775465703
1963,BMC42B_raw,0.814767061429538
1963,BMC43A_raw,0.9638882134118015
1963,BMC47A_raw,0.9839767848332381
1963,BMC47B_raw,1.5457463691368252
1963,BMC48B_raw,2.355947848729335
1963,BMC49A_raw,1.4347688380268826
1963,BMC51A_raw,1.8567532572614232
1963,BMC52A_raw,1.1740109181873577
1963,BMC53A_raw,0.8619116566514595
1963,BMC54A_raw,1.2256147278785916
1963,BMC54B_raw,1.7274396488540624
1963,BMC57A_raw,1.0018405427135177
1963,BMC57B_raw,1.5144204989738073
1963,BMC58A_raw,1.1713751435548712
1963,BMC58B_raw,1.4908489815949009
1963,BMC59A_raw,2.205835279577071
1963,BMC59B_raw,1.6965349116767015
1963,BMC60A_raw,1.2414253316272708
1963,BMC60B_raw,1.361191139341452
1963,BMC61B_raw,1.2966169478626954
1963,BMC62B_raw,1.3031546209641924
1964,BMC42A_raw,1.1349555710865473
1964,BMC42B_raw,0.9487132338638751
1964,BMC43A_raw,1.0840015702017605
1964,BMC47A_raw,1.1347656653948448
1964,BMC47B_raw,1.6258681487903848
1964,BMC48B_raw,1.9726737480053227
1964,BMC49A_raw,1.1222569567525986
1964,BMC51A_raw,2.1255286319180167
1964,BMC52A_raw,1.0848574680270238
1964,BMC53A_raw,0.9998836283426403
1964,BMC54A_raw,1.3844902172917477
1964,BMC54B_raw,1.534194054413019
1964,BMC57A_raw,1.358555854851916
1964,BMC57B_raw,1.7236652362478977
1964,BMC58A_raw,1.1712689952766062
1964,BMC58B_raw,1.338708750001787
1964,BMC59A_raw,1.800351096922473
1964,BMC59B_raw,1.3199834353054503
1964,BMC60A_raw,1.3727858366528463
1964,BMC60B_raw,1.460989882418492
1964,BMC61B_raw,1.1266763368376733
1964,BMC62B_raw,1.1483127321749105
1965,BMC42A_raw,1.2991280844735127
1965,BMC42B_raw,0.9515448783461472
1965,BMC43A_raw,0.9264615846342426
1965,BMC47A_raw,1.0217079665024218
1965,BMC47B_raw,1.6945375604155262
1965,BMC48B_raw,1.5535090958100195
1965,BMC49A_raw,1.1224496709492082
1965,BMC51A_raw,1.8565190364688253
1965,BMC52A_raw,1.2489113864993444
1965,BMC53A_raw,1.2361994959158866
1965,BMC54A_raw,1.5774096993877682
1965,BMC54B_raw,1.340858631358821
1965,BMC57A_raw,1.2907472280305148
1965,BMC57B_raw,2.129876209740641
1965,BMC58A_raw,1.1243164503998746
1965,BMC58B_raw,1.338695496572831
1965,BMC59A_raw,2.4491266044924362
1965,BMC59B_raw,0.9903292885084123
1965,BMC60A_raw,0.9857161326326935
1965,BMC60B_raw,0.9364644506214216
1965,BMC61B_raw,1.4563132122213571
1965,BMC62B_raw,1.006376336432073
1966,BMC42A_raw,1.438128682981839
1966,BMC42B_raw,0.9354759685866157
1966,BMC43A_raw,0.9540612125713961
1966,BMC47A_raw,1.075928715921847
1966,BMC47B_raw,1.408273785256347
1966,BMC48B_raw,1.839643452891212
1966,BMC49A_raw,0.7729659473646568
1966,BMC51A_raw,1.843598296305264
1966,BMC52A_raw,1.0509212148533496
1966,BMC53A_raw,1.1390539602280276
1966,BMC54A_raw,1.8384176415132738
1966,BMC54B_raw,1.4156659032453014
1966,BMC57A_raw,1.4607146201108985
1966,BMC57B_raw,2.3021472716480793
1966,BMC58A_raw,1.1710570687917274
1966,BMC58B_raw,1.4147432653868288
1966,BMC59A_raw,3.3411930542603736
1966,BMC59B_raw,1.2422693976830752
1966,BMC60A_raw,1.1170862011762448
1966,BMC60B_raw,1.1361615008120673
1966,BMC61B_raw,1.4139246764920483
1966,BMC62B_raw,1.4579409573174813
1967,BMC42A_raw,1.425769293976851
1967,BMC42B_raw,1.0709296019977694
1967,BMC43A_raw,0.9153943642533914
1967,BMC47A_raw,1.5100006052228327
1967,BMC47B_raw,1.786072467373034
1967,BMC48B_raw,2.099116404662766
1967,BMC49A_raw,0.8651321324261425
1967,BMC51A_raw,2.714013167003249
1967,BMC52A_raw,1.1427229644755668
1967,BMC53A_raw,1.4151963060844102
1967,BMC54A_raw,2.076727594909755
1967,BMC54B_raw,1.6693645310471066
1967,BMC57A_raw,1.6986562443512083
1967,BMC57B_raw,2.917581205588861
1967,BMC58A_raw,1.7798459713282828
1967,BMC58B_raw,2.0536379229371273
1967,BMC59A_raw,4.427892395634687
1967,BMC59B_raw,1.8247192895830795
1967,BMC60A_raw,1.116357323341898
1967,BMC60B_raw,1.485642262101853
1967,BMC61B_raw,1.5203745889348623
1967,BMC62B_raw,1.7804767065962717
1968,BMC42A_raw,1.6784180833177949
1968,BMC42B_raw,1.159639845910663
1968,BMC43A_raw,1.0758719341090703
1968,BMC47A_raw,1.4235299253848686
1968,BMC47B_raw,1.7745925931323612
1968,BMC48B_raw,1.6260826343620238
1968,BMC49A_raw,1.2518910076359855
1968,BMC51A_raw,2.278600925094624
1968,BMC52A_raw,1.3618165131945204
1968,BMC53A_raw,1.5934436817833457
1968,BMC54A_raw,2.5420001622063038
1968,BMC54B_raw,1.7442725893310604
1968,BMC57A_raw,1.970613084622259
1968,BMC57B_raw,3.2129066532052617
1968,BMC58A_raw,1.6547951932601273
1968,BMC58B_raw,1.8862840132343872
1968,BMC59A_raw,4.054847100627945
1968,BMC59B_raw,1.5263669587283433
1968,BMC60A_raw,1.2576255012574624
1968,BMC60B_raw,1.3606999088184804
1968,BMC61B_raw,2.137224280677502
1968,BMC62B_raw,1.5353235931014837
1969,BMC42A_raw,1.7039614377871424
1969,BMC42B_raw,1.4299848526504522
1969,BMC43A_raw,1.1037508912273066
1969,BMC47A_raw,1.434226477690356
1969,BMC47B_raw,2.0722303289998276
1969,BMC48B_raw,1.7694541939724127
1969,BMC49A_raw,0.9759016048994371
1969,BMC51A_raw,2.508859968310566
1969,BMC52A_raw,1.4177760173109184
1969,BMC53A_raw,1.614480177629448
1969,BMC54A_raw,2.269637530874364
1969,BMC54B_raw,1.5955373810862299
1969,BMC57A_raw,2.0557294210186954
1969,BMC57B_raw,2.9912090079729023
1969,BMC58A_raw,2.247821080690083
1969,BMC58B_raw,2.5860057771433893
1969,BMC59A_raw,3.2276587632455453
1969,BMC59B_raw,1.731525285742406
1969,BMC60A_raw,0.8311225919511942
1969,BMC60B_raw,1.3606013566145692
1969,BMC61B_raw,1.563185158227344
1969,BMC62B_raw,1.535308696679797
1970,BMC42A_raw,1.7926339731600416
1970,BMC42B_raw,1.099540517201154
1970,BMC43A_raw,0.7855311028109326
1970,BMC47A_raw,1.1346891009295579
1970,BMC47B_raw,1.7172882187492529
1970,BMC48B_raw,1.3676306517579695
1970,BMC49A_raw,0.6445703419579406
1970,BMC51A_raw,2.828685238559033
1970,BMC52A_raw,1.2373041349499596
1970,BMC53A_raw,1.5173174086062875
1970,BMC54A_raw,2.6781649094357625
1970,BMC54B_raw,1.491479629871162
1970,BMC57A_raw,1.376265361619552
1970,BMC57B_raw,2.3510217113445893
1970,BMC58A_raw,1.9198410218195292
1970,BMC58B_raw,1.7645485612149248
1970,BMC59A_raw,2.0436435388156555
1970,BMC59B_raw,1.3542016235996985
1970,BMC60A_raw,0.8407237086889006
1970,BMC60B_raw,1.0110157888066833
1970,BMC61B_raw,1.5420545183859675
1970,BMC62B_raw,1.2385564348501694
1971,BMC42A_raw,1.9949750141036193
1971,BMC42B_raw,1.4096151845783793
1971,BMC43A_raw,0.9997513613756774
1971,BMC47A_raw,1.5178516642988167
1971,BMC47B_raw,2.1294005055389813
1971,BMC48B_raw,1.3768978714051752
1971,BMC49A_raw,1.086740812245193
1971,BMC51A_raw,3.276455257510353
1971,BMC52A_raw,1.4025285709314925
1971,BMC53A_raw,1.4397103973456773
1971,BMC54A_raw,2.734897272651667
1971,BMC54B_raw,1.626063064519702
1971,BMC57A_raw,1.733218508088113
1971,BMC57B_raw,2.6217155505808396
1971,BMC58A_raw,1.888454300941978
1971,BMC58B_raw,1.9470654206019862
1971,BMC59A_raw,2.7410778540196357
1971,BMC59B_raw,1.3861686885779447
1971,BMC60A_raw,0.9920362319303379
1971,BMC60B_raw,1.298000178175005
1971,BMC61B_raw,1.6591840939118694
1971,BMC62B_raw,1.161135559160582
1972,BMC42A_raw,1.6796118546454848
1972,BMC42B_raw,1.4425843873506945
1972,BMC43A_raw,0.7340298992089783
1972,BMC47A_raw,1.4487357233462748
1972,BMC47B_raw,1.8660552028347157
1972,BMC48B_raw,1.0195060890486192
1972,BMC49A_raw,1.4000993375194268
1972,BMC51A_raw,2.2908105175614746
1972,BMC52A_raw,0.8934484415565427
1972,BMC53A_raw,1.2435382242203594
1972,BMC54A_raw,2.9278054335062365
1972,BMC54B_raw,1.492120574591426
1972,BMC57A_raw,1.1895607095313154
1972,BMC57B_raw,2.092365243593016
1972,BMC58A_raw,1.7634394500088377
1972,BMC58B_raw,1.931831051922886
1972,BMC59A_raw,2.9194916454633084
1972,BMC59B_raw,1.3236130834130633
1972,BMC60A_raw,0.7486203539171554
1972,BMC60B_raw,0.9484697362517149
1972,BMC61B_raw,1.7444226270122436
1972,BMC62B_raw,0.9418010141744727
1973,BMC42A_raw,1.4651835252545438
1973,BMC42B_raw,1.1863668052601102
1973,BMC43A_raw,0.7215494157013502
1973,BMC47A_raw,1.3705427685892313
1973,BMC47B_raw,2.072086728729418
1973,BMC48B_raw,1.1181480260074914
1973,BMC49A_raw,1.1239474537495608
1973,BMC51A_raw,2.149894869471487
1973,BMC52A_raw,1.1499142144006846
1973,BMC53A_raw,1.3236082719136606
1973,BMC54A_raw,2.156127874095121
1973,BMC54B_raw,1.5372116795236312
1973,BMC57A_raw,1.6145335466703559
1973,BMC57B_raw,1.8953605112946847
1973,BMC58A_raw,1.7632812798847572
1973,BMC58B_raw,1.855752287413896
1973,BMC59A_raw,3.0979054948813016
1973,BMC59B_raw,1.4816915449016883
1973,BMC60A_raw,0.9402501646417654
1973,BMC60B_raw,1.1605431404374058
1973,BMC61B_raw,1.574371138808418
1973,BMC62B_raw,1.186916114355476
1974,BMC42A_raw,1.8823348964452222
1974,BMC42B_raw,1.3155705315942234
1974,BMC43A_raw,0.9498452415019512
1974,BMC47A_raw,1.4079951461078979
1974,BMC47B_raw,1.5797956365955443
1974,BMC48B_raw,0.6442084970531279
1974,BMC49A_raw,1.0319882632008028
1974,BMC51A_raw,2.0729780852562274
1974,BMC52A_raw,1.352095017216559
1974,BMC53A_raw,1.6608477956817456
1974,BMC54A_raw,2.0539874144487422
1974,BMC54B_raw,1.5076824701961256
1974,BMC57A_raw,1.4446970726209334
1974,BMC57B_raw,3.7659538487484725
1974,BMC58A_raw,1.794329028078697
1974,BMC58B_raw,1.7340423032431873
1974,BMC59A_raw,3.487171641450718
1974,BMC59B_raw,0.8514746735630172
1974,BMC60A_raw,0.7375915021709134
1974,BMC60B_raw,0.9483319260310227
1974,BMC61B_raw,1.8936626896747468
1974,BMC62B_raw,1.04499244033869
1975,BMC42A_raw,1.7310420983486785
1975,BMC42B_raw,1.4261054361073027
1975,BMC43A_raw,0.950989989362049
1975,BMC47A_raw,1.3920110823516703
1975,BMC47B_raw,1.95753890097115
1975,BMC48B_raw,0.9217988996017231
1975,BMC49A_raw,1.1980372166597215
1975,BMC51A_raw,2.379930927822833
1975,BMC52A_raw,1.353496076144209
1975,BMC53A_raw,1.7809788454828566
1975,BMC54A_raw,1.883759572896416
1975,BMC54B_raw,1.552792653939283
1975,BMC57A_raw,1.6147875923695971
1975,BMC57B_raw,3.8765600418049235
1975,BMC58A_raw,1.8565743142352646
1975,BMC58B_raw,2.053445518331836
1975,BMC59A_raw,4.022412561270044
1975,BMC59B_raw,1.0725925263773055
1975,BMC60A_raw,0.6058690918897438
1975,BMC60B_raw,0.9482629812729875
1975,BMC61B_raw,1.7342317546165968
1975,BMC62B_raw,1.3030031302404925
1976,BMC42A_raw,1.7313462322150852
1976,BMC42B_raw,1.3815916670908204
1976,BMC43A_raw,0.9521380849690759
1976,BMC47A_raw,1.411727796890429
1976,BMC47B_raw,1.797241378671597
1976,BMC48B_raw,0.9130708537650141
1976,BMC49A_raw,0.9032811296155363
1976,BMC51A_raw,1.7144620752602566
1976,BMC52A_raw,1.263349216194162
1976,BMC53A_raw,1.4061775294289962
1976,BMC54A_raw,2.1447529174381503
1976,BMC54B_raw,1.6128541041120736
1976,BMC57A_raw,1.0199445013228103
1976,BMC57B_raw,3.9256265135537065
1976,BMC58A_raw,1.8408082861016846
1976,BMC58B_raw,2.068630033169561
1976,BMC59A_raw,3.535830946572995
1976,BMC59B_raw,1.4674271328582362
1976,BMC60A_raw,0.6963265946039049
1976,BMC60B_raw,1.1852425200637424
1976,BMC61B_raw,2.4685625496481705
1976,BMC62B_raw,1.1352793433831585
1977,BMC42A_raw,0.7331072532176561
1977,BMC42B_raw,0.9952835980084467
1977,BMC43A_raw,0.26853225611399173
1977,BMC47A_raw,1.1541468581194452
1977,BMC47B_raw,1.5110302268242348
1977,BMC48B_raw,0.5999081903510752
1977,BMC49A_raw,0.8112395963131569
1977,BMC51A_raw,1.4073023552185724
1977,BMC52A_raw,0.6781478821346889
1977,BMC53A_raw,0.2775078478299709
1977,BMC54A_raw,1.7702640289004332
1977,BMC54B_raw,1.194956574844019
1977,BMC57A_raw,1.3260288515132674
1977,BMC57B_raw,2.2273022161402074
1977,BMC58A_raw,1.4818743404813641
1977,BMC58B_raw,0.0015210319795908099
1977,BMC59A_raw,2.8708356674479294
1977,BMC59B_raw,1.0101856311700022
1977,BMC60A_raw,0.4538522635791797
1977,BMC60B_raw,0.44911185838344275
1977,BMC61B_raw,1.5110569980359942
1977,BMC62B_raw,0.7224438374921172
1978,BMC42A_raw,1.213631375470287
1978,BMC42B_raw,1.0568765518954102
1978,BMC43A_raw,0.8334583537639655
1978,BMC47A_raw,1.1019340439190177
1978,BMC47B_raw,1.7513910051505388
1978,BMC48B_raw,0.8239556238446426
1978,BMC49A_raw,1.032651587185637
1978,BMC51A_raw,2.264329448811035
1978,BMC52A_raw,1.357694774938585
1978,BMC53A_raw,1.289513575046938
1978,BMC54A_raw,1.7475598627183444
1978,BMC54B_raw,1.359546197044719
1978,BMC57A_raw,0.9350907368650822
1978,BMC57B_raw,2.2641261801951216
1978,BMC58A_raw,1.715701452304158
1978,BMC58B_raw,2.0381563818664836
1978,BMC59A_raw,2.7735196407768448
1978,BMC59B_raw,1.5947407321964366
1978,BMC60A_raw,0.6753308163513536
1978,BMC60B_raw,0.8482606672434467
1978,BMC61B_raw,1.9155835749172951
1978,BMC62B_raw,1.3932717770104146
1979,BMC42A_raw,1.163266747215862
1979,BMC42B_raw,0.8734602031729422
1979,BMC43A_raw,0.9959798322322235
1979,BMC47A_raw,1.220028876231614
1979,BMC47B_raw,1.4995309780359745
1979,BMC48B_raw,0.5643686339274673
1979,BMC49A_raw,0.5717373273019308
1979,BMC51A_raw,1.8420458605030905
1979,BMC52A_raw,1.3774596049594436
1979,BMC53A_raw,1.588428972219693
1979,BMC54A_raw,1.5432918409911105
1979,BMC54B_raw,1.105794420700894
1979,BMC57A_raw,1.3772361646467621
1979,BMC57B_raw,2.1409880116637248
1979,BMC58A_raw,1.3100552779937142
1979,BMC58B_raw,2.2814883725218613
1979,BMC59A_raw,2.4815705976343034
1979,BMC59B_raw,1.4373333393012016
1979,BMC60A_raw,0.4734574846162807
1979,BMC60B_raw,0.9230400085886521
1979,BMC61B_raw,1.734810586509311
1979,BMC62B_raw,1.3416568839407104
1980,BMC42A_raw,1.4163980649482153
1980,BMC42B_raw,1.0334609124365517
1980,BMC43A_raw,1.0645679221765674
1980,BMC47A_raw,1.2935283152693497
1980,BMC47B_raw,1.6025243737307293
1980,BMC48B_raw,0.9498058022748818
1980,BMC49A_raw,1.3096704228787326
1980,BMC51A_raw,1.752387287958068
1980,BMC52A_raw,1.6178824374006022
1980,BMC53A_raw,1.728869696472226
1980,BMC54A_raw,2.439750107033431
1980,BMC54B_raw,1.3003243770537978
1980,BMC57A_raw,1.3263251340873665
1980,BMC57B_raw,3.974199386739201
1980,BMC58A_raw,1.9805025077145872
1980,BMC58B_raw,2.0685220075412203
1980,BMC59A_raw,3.3087613229975426
1980,BMC59B_raw,1.832826657314915
1980,BMC60A_raw,1.0369629204346982
1980,BMC60B_raw,1.1474797148660434
1980,BMC61B_raw,2.0329816776546736
1980,BMC62B_raw,1.3674455644869459
1981,BMC42A_raw,1.3913477901724962
1981,BMC42B_raw,1.0956671958138333
1981,BMC43A_raw,0.9849120319699063
1981,BMC47A_raw,1.0254205800670282
1981,BMC47B_raw,1.488032516065455
1981,BMC48B_raw,0.7170110909855054
1981,BMC49A_raw,1.106938542711577
1981,BMC51A_raw,1.8162241173996951
1981,BMC52A_raw,1.4907181636877842
1981,BMC53A_raw,1.551324946995598
1981,BMC54A_raw,2.0766133318285456
1981,BMC54B_raw,1.2856429758487873
1981,BMC57A_raw,1.4454597631598753
1981,BMC57B_raw,3.752572349042766
1981,BMC58A_raw,2.0582919969144604
1981,BMC58B_raw,2.129332363403838
1981,BMC59A_raw,2.562668492787871
1981,BMC59B_raw,1.5331418766328404
1981,BMC60A_raw,0.7646873414068044
1981,BMC60B_raw,0.9478490109906625
1981,BMC61B_raw,1.7457392498923927
1981,BMC62B_raw,1.715741661663295
1982,BMC42A_raw,1.340986806165392
1982,BMC42B_raw,1.1681218344085287
1982,BMC43A_raw,0.9050623771222702
1982,BMC47A_raw,1.0988595223040796
1982,BMC47B_raw,1.705484584325697
1982,BMC48B_raw,1.0399227976590097
1982,BMC49A_raw,1.1440165913215121
1982,BMC51A_raw,2.1102630503968896
1982,BMC52A_raw,1.768591786947916
1982,BMC53A_raw,1.691968419979215
1982,BMC54A_raw,2.473766121970681
1982,BMC54B_raw,1.3905739188326813
1982,BMC57A_raw,1.309511145241839
1982,BMC57B_raw,3.03884297443163
1982,BMC58A_raw,1.9177835132973728
1982,BMC58B_raw,2.1597222099502322
1982,BMC59A_raw,2.3031581286435228
1982,BMC59B_raw,1.565283241427876
1982,BMC60A_raw,1.0860247582946259
1982,BMC60B_raw,1.109900257621095
1982,BMC61B_raw,1.9162107479252026
1982,BMC62B_raw,1.7286264118984975
1983,BMC42A_raw,1.2273428869827878
1983,BMC42B_raw,0.9034367509193449
1983,BMC43A_raw,1.3119140640195863
1983,BMC47A_raw,1.2085752685330293
1983,BMC47B_raw,1.877145075150377
1983,BMC48B_raw,1.138818027729007
1983,BMC49A_raw,1.439472630210139
1983,BMC51A_raw,1.777620294318711
1983,BMC52A_raw,1.493780894399155
1983,BMC53A_raw,1.3746355803443697
1983,BMC54A_raw,1.7702079089810194
1983,BMC54B_raw,1.2113930943521658
1983,BMC57A_raw,1.751809273146515
1983,BMC57B_raw,2.9772048184955135
1983,BMC58A_raw,1.7773001234315804
1983,BMC58B_raw,1.56653772706319
1983,BMC59A_raw,2.822180132914767
1983,BMC59B_raw,1.581629653478116
1983,BMC60A_raw,1.155741622427941
1983,BMC60B_raw,1.1721688440964704
1983,BMC61B_raw,1.7886077480671994
1983,BMC62B_raw,2.2446141629569305
1984,BMC42A_raw,1.3161426774585996
1984,BMC42B_raw,0.9956497678865112
1984,BMC43A_raw,1.0833140934846512
1984,BMC47A_raw,1.137960948245916
1984,BMC47B_raw,1.9457873342567162
1984,BMC48B_raw,1.0942541800289438
1984,BMC49A_raw,1.4396980056426585
1984,BMC51A_raw,2.4680448776408297
1984,BMC52A_raw,1.421470441870465
1984,BMC53A_raw,1.4754870501970072
1984,BMC54A_raw,1.8836718349192345
1984,BMC54B_raw,1.3013917014767047
1984,BMC57A_raw,1.819970069913831
1984,BMC57B_raw,3.309235244278791
1984,BMC58A_raw,1.4030072438009242
1984,BMC58B_raw,1.5969340205987246
1984,BMC59A_raw,2.9519360179073777
1984,BMC59B_raw,1.4239485680917008
1984,BMC60A_raw,1.6673207449215388
1984,BMC60B_raw,1.1471455403290927
1984,BMC61B_raw,2.1507606836924604
1984,BMC62B_raw,2.5799932185804866
1985,BMC42A_raw,1.5948342788861938
1985,BMC42B_raw,1.0883875672038241
1985,BMC43A_raw,1.3693590351411107
1985,BMC47A_raw,1.1847243844479467
1985,BMC47B_raw,2.575262057640441
1985,BMC48B_raw,0.9689250126395385
1985,BMC49A_raw,1.4214623021129817
1985,BMC51A_raw,3.0305093644617016
1985,BMC52A_raw,1.6446826359895315
1985,BMC53A_raw,1.8958000437440086
1985,BMC54A_raw,1.9177027286972406
1985,BMC54B_raw,1.3615031770933563
1985,BMC57A_raw,2.5855604555971934
1985,BMC57B_raw,3.6535394388711047
1985,BMC58A_raw,1.8705105689516535
1985,BMC58B_raw,1.5512859028761201
1985,BMC59A_raw,3.162789102742132
1985,BMC59B_raw,1.9942026023320645
1985,BMC60A_raw,1.4154009043357492
1985,BMC60B_raw,1.533572027794381
1985,BMC61B_raw,1.778246369101322
1985,BMC62B_raw,2.4638715723924376
1986,BMC42A_raw,1.1773437497487396
1986,BMC42B_raw,1.4720594662714659
1986,BMC43A_raw,1.0723965078445008
1986,BMC47A_raw,1.1138882763518718
1986,BMC47B_raw,2.140291753722538
1986,BMC48B_raw,0.7807175429782152
1986,BMC49A_raw,1.7355620243025927
1986,BMC51A_raw,2.7745883473225557
1986,BMC52A_raw,1.701863541215924
1986,BMC53A_raw,1.4979437162678453
1986,BMC54A_raw,2.06520585233853
1986,BMC54B_raw,1.2121338245915674
1986,BMC57A_raw,1.5820655916559594
1986,BMC57B_raw,2.410989891543341
1986,BMC58A_raw,1.9326897924116766
1986,BMC58B_raw,1.6425151838520973
1986,BMC59A_raw,3.0492535787218533
1986,BMC59B_raw,1.424912299039024
1986,BMC60A_raw,2.247288011648834
1986,BMC60B_raw,1.5334603535909144
1986,BMC61B_raw,2.2149982780993365
1986,BMC62B_raw,2.3993510043965562
1987,BMC42A_raw,0.6584138146397961
1987,BMC42B_raw,0.7733042187104575
1987,BMC43A_raw,0.8426614242328879
1987,BMC47A_raw,0.5894427141037178
1987,BMC47B_raw,1.1559663876144233
1987,BMC48B_raw,0.46675237544999976
1987,BMC49A_raw,0.2215955581798414
1987,BMC51A_raw,1.419166474884669
1987,BMC52A_raw,0.8888384057217777
1987,BMC53A_raw,0.9395015123704401
1987,BMC54A_raw,1.2822353213800752
1987,BMC54B_raw,0.823220811350495
1987,BMC57A_raw,0.9016700370089167
1987,BMC57B_raw,1.562158109025018
1987,BMC58A_raw,1.1221076957345526
1987,BMC58B_raw,0.3802065337255694
1987,BMC59A_raw,1.5084076009084026
1987,BMC59B_raw,0.8393988055059315
1987,BMC60A_raw,0.8422506744254752
1987,BMC60B_raw,0.7978399693049955
1987,BMC61B_raw,1.2034359192779907
1987,BMC62B_raw,0.967471674112974
1988,BMC42A_raw,0.6838558284933733
1988,BMC42B_raw,0.7553938709610304
1988,BMC43A_raw,0.843697982555049
1988,BMC47A_raw,0.8989931231740873
1988,BMC47B_raw,1.3276215172007706
1988,BMC48B_raw,0.6733691046548536
1988,BMC49A_raw,0.8126431309455733
1988,BMC51A_raw,1.6747624006779558
1988,BMC52A_raw,0.9453580418391029
1988,BMC53A_raw,1.3004045427917563
1988,BMC54A_raw,1.5091702204834587
1988,BMC54B_raw,0.9581236428246611
1988,BMC57A_raw,1.224995003637721
1988,BMC57B_raw,1.5866930090182971
1988,BMC58A_raw,1.1531753985884683
1988,BMC58B_raw,1.0037311480527333
1988,BMC59A_raw,1.6543827998366551
1988,BMC59B_raw,1.26744546649236
1988,BMC60A_raw,0.8517915195740047
1988,BMC60B_raw,1.1966728131474968
1988,BMC61B_raw,1.8532248869823251
1988,BMC62B_raw,0.9932621433438652
1989,BMC42A_raw,1.1019583960185617
1989,BMC42B_raw,0.969699293871523
1989,BMC43A_raw,1.103608416436283
1989,BMC47A_raw,1.0729939679320581
1989,BMC47B_raw,1.442046615835451
1989,BMC48B_raw,0.7633431073127536
1989,BMC49A_raw,1.3299856515528632
1989,BMC51A_raw,2.275482258917982
1989,BMC52A_raw,1.2246573781153611
1989,BMC53A_raw,1.4216381993967102
1989,BMC54A_raw,1.293566303861212
1989,BMC54B_raw,1.2128703525920943
1989,BMC57A_raw,1.1059743788743714
1989,BMC57B_raw,1.6973218446948963
1989,BMC58A_raw,1.3244763429712725
1989,BMC58B_raw,1.566406805907965
1989,BMC59A_raw,2.432916279647237
1989,BMC59B_raw,1.141086540825561
1989,BMC60A_raw,0.8513075702215487
1989,BMC60B_raw,1.047012473505152
1989,BMC61B_raw,1.4805664900978333
1989,BMC62B_raw,1.6382231217406895
1990,BMC42A_raw,0.7981078888062851
1990,BMC42B_raw,1.1041989105084609
1990,BMC43A_raw,0.8457793889110822
1990,BMC47A_raw,1.0198317643826273
1990,BMC47B_raw,1.3390200434406694
1990,BMC48B_raw,0.7365866665250044
1990,BMC49A_raw,1.2562918126440903
1990,BMC51A_raw,1.9813294665894734
1990,BMC52A_raw,1.188762652587155
1990,BMC53A_raw,1.062116985395928
1990,BMC54A_raw,1.713397045218207
1990,BMC54B_raw,1.0333943720533076
1990,BMC57A_raw,0.9358885596867889
1990,BMC57B_raw,1.3405824060966343
1990,BMC58A_raw,1.0594875269469066
1990,BMC58B_raw,1.8401217232589722
1990,BMC59A_raw,1.9463333422865643
1990,BMC59B_raw,1.34757139204363
1990,BMC60A_raw,0.8107866536610244
1990,BMC60B_raw,1.2463526745140792
1990,BMC61B_raw,1.5872068333279536
1990,BMC62B_raw,1.3544245271804454
1991,BMC42A_raw,1.0009749629032647
1991,BMC42B_raw,1.1683558591079586
1991,BMC43A_raw,1.1336517836451023
1991,BMC47A_raw,0.7476885259615946
1991,BMC47B_raw,1.2016637969392399
1991,BMC48B_raw,0.7008320069732883
1991,BMC49A_raw,0.9238866245726799
1991,BMC51A_raw,1.763906822379866
1991,BMC52A_raw,1.2457603986602175
1991,BMC53A_raw,1.2836373842610898
1991,BMC54A_raw,1.5885697762790423
1991,BMC54B_raw,1.0635621303466534
1991,BMC57A_raw,1.0040216202726304
1991,BMC57B_raw,1.1314535685138445
1991,BMC58A_raw,1.1217113413735205
1991,BMC58B_raw,1.5359475236851554
1991,BMC59A_raw,1.9625531085143095
1991,BMC59B_raw,1.9030967118792916
1991,BMC60A_raw,0.8703533189194141
1991,BMC60B_raw,1.0967105091746499
1991,BMC61B_raw,1.66190389288253
1991,BMC62B_raw,1.3415134708387548
1992,BMC42A_raw,0.7223472337705016
1992,BMC42B_raw,0.8355055547392004
1992,BMC43A_raw,0.8615471577746999
1992,BMC47A_raw,0.8126327270905599
1992,BMC47B_raw,1.464859966134563
1992,BMC48B_raw,0.6920214392828508
1992,BMC49A_raw,0.5174562972065818
1992,BMC51A_raw,1.6104181516767457
1992,BMC52A_raw,1.0981365255186712
1992,BMC53A_raw,1.1442035762637701
1992,BMC54A_raw,2.0424335292830773
1992,BMC54B_raw,0.9888623819751843
1992,BMC57A_raw,0.8679420137778777
1992,BMC57B_raw,1.278981110223252
1992,BMC58A_raw,1.3085478294005113
1992,BMC58B_raw,2.007348311510293
1992,BMC59A_raw,1.913895081132285
1992,BMC59B_raw,1.4119404053658586
1992,BMC60A_raw,0.9998429979220876
1992,BMC60B_raw,0.9720135552807659
1992,BMC61B_raw,2.056234232397727
1992,BMC62B_raw,1.2512083322271705
1993,BMC42A_raw,0.7604968396434885
1993,BMC42B_raw,0.786839750019347
1993,BMC43A_raw,1.0406142246895247
1993,BMC47A_raw,0.9600461314366158
1993,BMC47B_raw,1.4190584640623372
1993,BMC48B_raw,0.8899665446164304
1993,BMC49A_raw,1.0350720046274733
1993,BMC51A_raw,1.8020166039693126
1993,BMC52A_raw,1.3042086481790063
1993,BMC53A_raw,1.5670732160127736
1993,BMC54A_raw,1.4296940624376702
1993,BMC54B_raw,0.9740754141659901
1993,BMC57A_raw,0.9020399604275137
1993,BMC57B_raw,1.0944669987124336
1993,BMC58A_raw,1.2461261892826994
1993,BMC58B_raw,1.3838339499560646
1993,BMC59A_raw,1.6057257980478123
1993,BMC59B_raw,1.2219792427985425
1993,BMC60A_raw,0.9792960726592876
1993,BMC60B_raw,1.0342468336555026
1993,BMC61B_raw,2.152288779725857
1993,BMC62B_raw,1.4317825774701622
1994,BMC42A_raw,0.6845653329157084
1994,BMC42B_raw,0.901862609922063
1994,BMC43A_raw,0.8911030257862924
1994,BMC47A_raw,0.796565689865158
1994,BMC47B_raw,1.1214944846617991
1994,BMC48B_raw,0.8811997723445482
1994,BMC49A_raw,0.6655058173408634
1994,BMC51A_raw,1.546310181195388
1994,BMC52A_raw,1.2122920027776476
1994,BMC53A_raw,1.4678577697353115
1994,BMC54A_raw,1.7133521590301262
1994,BMC54B_raw,0.9442934824611879
1994,BMC57A_raw,0.919121534663622
1994,BMC57B_raw,1.1682025114222268
1994,BMC58A_raw,1.4484940819716792
1994,BMC58B_raw,1.5054680727304122
1994,BMC59A_raw,1.7030427932392904
1994,BMC59B_raw,1.3335187768517132
1994,BMC60A_raw,0.9687604592251583
1994,BMC60B_raw,0.8348131900640628
1994,BMC61B_raw,1.9499976711064366
1994,BMC62B_raw,1.8058361263879597
1995,BMC42A_raw,1.090421864506215
1995,BMC42B_raw,1.3361814611299885
1995,BMC43A_raw,0.974567749325068
1995,BMC47A_raw,0.6693076110712683
1995,BMC47B_raw,1.602107176214092
1995,BMC48B_raw,0.6745583443819008
1995,BMC49A_raw,0.9799230711815405
1995,BMC51A_raw,1.776223536448852
1995,BMC52A_raw,1.269544167200742
1995,BMC53A_raw,1.4087235985256428
1995,BMC54A_raw,1.4977548040814461
1995,BMC54B_raw,0.9744665607936216
1995,BMC57A_raw,1.2596215678974938
1995,BMC57B_raw,1.0697828782590915
1995,BMC58A_raw,1.1680375312011426
1995,BMC58B_raw,1.2925550009093836
1995,BMC59A_raw,2.076090604067293
1995,BMC59B_raw,1.7309841825215908
1995,BMC60A_raw,0.9282926452928493
1995,BMC60B_raw,1.4078660568066708
1995,BMC61B_raw,1.8968665491888175
1995,BMC62B_raw,1.857415242021751
1996,BMC42A_raw,1.141336086365999
1996,BMC42B_raw,1.1957678107856367
1996,BMC43A_raw,0.9895233180273089
1996,BMC47A_raw,0.8171362359739243
1996,BMC47B_raw,1.3388806216804476
1996,BMC48B_raw,0.8906427463941011
1996,BMC49A_raw,1.07253336278339
1996,BMC51A_raw,1.9038848137241222
1996,BMC52A_raw,1.0278904017332595
1996,BMC53A_raw,1.5710470855746994
1996,BMC54A_raw,1.46370509490648
1996,BMC54B_raw,0.7797295677781187
1996,BMC57A_raw,0.6979452160214416
1996,BMC57B_raw,1.0328506591529727
1996,BMC58A_raw,1.5105289127524715
1996,BMC58B_raw,1.292536365545784
1996,BMC59A_raw,1.2326789992858893
1996,BMC59B_raw,1.397964159325974
1996,BMC60A_raw,0.7382296510564271
1996,BMC60B_raw,0.89698212780569
1996,BMC61B_raw,1.3641447835023803
1996,BMC62B_raw,1.8960948726541003
1997,BMC42A_raw,1.5854625115596799
1997,BMC42B_raw,1.788563271645866
1997,BMC43A_raw,1.1146002211951143
1997,BMC47A_raw,0.8918231446149801
1997,BMC47B_raw,1.9796780220331165
1997,BMC48B_raw,0.7558886628382816
1997,BMC49A_raw,1.202161542399202
1997,BMC51A_raw,1.903760258545972
1997,BMC52A_raw,1.3095666635337921
1997,BMC53A_raw,2.0360247238953333
1997,BMC54A_raw,1.5317740647142803
1997,BMC54B_raw,1.2298199429039811
1997,BMC57A_raw,1.3619353950985085
1997,BMC57B_raw,1.1680560973443508
1997,BMC58A_raw,1.5726803871189607
1997,BMC58B_raw,1.4141664208613478
1997,BMC59A_raw,2.157188604449669
1997,BMC59B_raw,1.3507627330330272
1997,BMC60A_raw,0.8774062252319845
1997,BMC60B_raw,0.99657429805163
1997,BMC61B_raw,2.025059435709622
1997,BMC62B_raw,2.3862210775509554
1998,BMC42A_raw,1.116358158758069
1998,BMC42B_raw,1.389424795977364
1998,BMC43A_raw,1.1022126188596963
1998,BMC47A_raw,0.8470291166448636
1998,BMC47B_raw,1.5104795664796513
1998,BMC48B_raw,0.6390682021893587
1998,BMC49A_raw,1.4058198901226107
1998,BMC51A_raw,1.9675161300878532
1998,BMC52A_raw,1.1423655925648215
1998,BMC53A_raw,1.8561659963512789
1998,BMC54A_raw,1.5771492725708298
1998,BMC54B_raw,1.2450670605606264
1998,BMC57A_raw,1.25987431572944
1998,BMC57B_raw,1.0204695143074367
1998,BMC58A_raw,1.9929246048538498
1998,BMC58B_raw,1.1860579041783015
1998,BMC59A_raw,1.8652385747406226
1998,BMC59B_raw,1.923500545876593
1998,BMC60A_raw,1.0762186145977366
1998,BMC60B_raw,1.3328211580064793
1998,BMC61B_raw,1.8973078913986863
1998,BMC62B_raw,1.9476554026268944
1999,BMC42A_raw,1.1165507220088045
1999,BMC42B_raw,1.216720983422224
1999,BMC43A_raw,1.020819858056417
1999,BMC47A_raw,0.7283532490496992
1999,BMC47B_raw,1.4189107327853738
1999,BMC48B_raw,0.477172212507401
1999,BMC49A_raw,1.1100279794872154
1999,BMC51A_raw,1.609680650965259
1999,BMC52A_raw,0.6748756693801797
1999,BMC53A_raw,1.5548455965585468
1999,BMC54A_raw,1.4863679779648544
1999,BMC54B_raw,1.14028963600848
1999,BMC57A_raw,1.311037637374173
1999,BMC57B_raw,0.9958382558649773
1999,BMC58A_raw,1.6191088758993681
1999,BMC58B_raw,1.0643955202383995
1999,BMC59A_raw,1.4110937633769782
1999,BMC59B_raw,1.2721659090330613
1999,BMC60A_raw,0.8465541971606628
1999,BMC60B_raw,0.8718756511389358
1999,BMC61B_raw,1.854815271032988
1999,BMC62B_raw,1.8057575310480738
2000,BMC42A_raw,1.2055751590715764
2000,BMC42B_raw,1.1055766895227743
2000,BMC43A_raw,1.0082841905270337
2000,BMC47A_raw,0.7016716971436683
2000,BMC47B_raw,1.4760992667296133
2000,BMC48B_raw,0.46828810430122336
2000,BMC49A_raw,1.0916948055525764
2000,BMC51A_raw,1.3924104680848792
2000,BMC52A_raw,0.24395567324887793
2000,BMC53A_raw,1.2328044435888545
2000,BMC54A_raw,1.3275104298415552
2000,BMC54B_raw,1.03547013661348
2000,BMC57A_raw,0.8173245804945113
2000,BMC57B_raw,0.7130395559341042
2000,BMC58A_raw,1.8836053304964866
2000,BMC58B_raw,0.9427366450469264
2000,BMC59A_raw,1.2651187553863734
2000,BMC59B_raw,1.2885035968092171
2000,BMC60A_raw,0.726638085721007
2000,BMC60B_raw,0.7970854748505615
2000,BMC61B_raw,1.8123159443354593
2000,BMC62B_raw,1.7025566033575839
2001,BMC42A_raw,1.180398183172241
2001,BMC42B_raw,1.014695475335356
2001,BMC43A_raw,1.0925230354946378
2001,BMC47A_raw,0.8598241464475762
2001,BMC47B_raw,1.6934798577916979
2001,BMC48B_raw,0.6936032136328072
2001,BMC49A_raw,1.2584172996988623
2001,BMC51A_raw,1.6350173268156356
2001,BMC52A_raw,0.3193472060693649
2001,BMC53A_raw,1.436120170789621
2001,BMC54A_raw,1.1800011938918313
2001,BMC54B_raw,1.2758343537933405
2001,BMC57A_raw,1.1068672335566734
2001,BMC57B_raw,0.9834617133305471
2001,BMC58A_raw,1.4476025034111133
2001,BMC58B_raw,0.9275177499355624
2001,BMC59A_raw,1.346216333877834
2001,BMC59B_raw,1.3207651138386238
2001,BMC60A_raw,0.6466487379321624
2001,BMC60B_raw,0.6973990689070867
2001,BMC61B_raw,1.6631948813174435
2001,BMC62B_raw,1.2124161510365077
2002,BMC42A_raw,1.2567696280743703
2002,BMC42B_raw,1.0491756448599312
2002,BMC43A_raw,1.08004594770149
2002,BMC47A_raw,0.7314102075546867
2002,BMC47B_raw,1.5790281512907158
2002,BMC48B_raw,0.8739825669478185
2002,BMC49A_raw,1.2215921159174428
2002,BMC51A_raw,1.8392742658648618
2002,BMC52A_raw,1.034246046994504
2002,BMC53A_raw,1.4778271555033666
2002,BMC54A_raw,1.486337460511484
2002,BMC54B_raw,1.2310510993078865
2002,BMC57A_raw,1.447537827651458
2002,BMC57B_raw,1.3890815835666899
2002,BMC58A_raw,1.9610956110175362
2002,BMC58B_raw,1.0643491666329392
2002,BMC59A_raw,1.8490203303617785
2002,BMC59B_raw,1.7032491792569704
2002,BMC60A_raw,0.6562345461604787
2002,BMC60B_raw,0.6599904083772679
2002,BMC61B_raw,1.8978945362226418
2002,BMC62B_raw,1.6122415362966898
2003,BMC42A_raw,1.1300180722898556
2003,BMC42B_raw,1.0733365655363547
2003,BMC43A_raw,0.9982169613030181
2003,BMC47A_raw,0.7973344335814655
2003,BMC47B_raw,1.0526671740406388
2003,BMC48B_raw,1.4239634901935427
2003,BMC49A_raw,1.3143382305085787
2003,BMC51A_raw,1.6348036133474775
2003,BMC52A_raw,1.5812036813893684
2003,BMC53A_raw,1.681696046133477
2003,BMC54A_raw,1.293445082815338
2003,BMC54B_raw,1.3964713391292134
2003,BMC57A_raw,1.9926253648668442
2003,BMC57B_raw,1.51194593063761
2003,BMC58A_raw,2.1009893215373707
2003,BMC58B_raw,0.9426955558315002
2003,BMC59A_raw,1.7679232396336733
2003,BMC59B_raw,1.3375827116976375
2003,BMC60A_raw,0.5664353556210444
2003,BMC60B_raw,0.3237453382859991
2003,BMC61B_raw,1.450188636190575
2003,BMC62B_raw,1.6767166608293482
2004,BMC42A_raw,1.625474859036688
2004,BMC42B_raw,1.0976404189884286
2004,BMC43A_raw,1.1382871162203072
2004,BMC47A_raw,0.9098654728420771
2004,BMC47B_raw,1.2242764553349423
2004,BMC48B_raw,1.2260028166874433
2004,BMC49A_raw,1.0553345237339267
2004,BMC51A_raw,1.6474678586123777
2004,BMC52A_raw,1.1682827335471277
2004,BMC53A_raw,1.4803390135203087
2004,BMC54A_raw,1.7018897091949128
2004,BMC54B_raw,1.3216564954171053
2004,BMC57A_raw,1.515858195247092
2004,BMC57B_raw,1.2783398483999857
2004,BMC58A_raw,2.925565239538113
2004,BMC58B_raw,1.0947273011025551
2004,BMC59A_raw,2.2707274721234305
2004,BMC59B_raw,1.8318343142460152
2004,BMC60A_raw,0.7250349539205524
2004,BMC60B_raw,1.0583212721482356
2004,BMC61B_raw,1.5782682080249513
2004,BMC62B_raw,1.3800548292062136
2005,BMC42A_raw,1.9940904331592884
2005,BMC42B_raw,1.3338034551068698
2005,BMC43A_raw,1.3621039788316907
2005,BMC47A_raw,1.1156867792005603
2005,BMC47B_raw,1.5560627097826492
2005,BMC48B_raw,1.7673374386580663
2005,BMC49A_raw,1.666572814994121
2005,BMC51A_raw,2.107088655186672
2005,BMC52A_raw,1.6410569856690076
2005,BMC53A_raw,1.6439649328583044
2005,BMC54A_raw,1.588419447771553
2005,BMC54B_raw,1.4871609057935975
2005,BMC57A_raw,1.6351912855385773
2005,BMC57B_raw,1.6224404200791507
2005,BMC58A_raw,2.44294370036827
2005,BMC58B_raw,1.4900238086095816
2005,BMC59A_raw,2.384264239896771
2005,BMC59B_raw,1.9917984614644215
2005,BMC60A_raw,0.8239009124863937
2005,BMC60B_raw,1.3570427361012614
2005,BMC61B_raw,1.9729874183542124
2005,BMC62B_raw,1.9217419428109535
2006,BMC42A_raw,1.0289757370174313
2006,BMC42B_raw,1.1254477345769818
2006,BMC43A_raw,1.4194865214953662
2006,BMC47A_raw,1.1079465735840124
2006,BMC47B_raw,1.5674771597329689
2006,BMC48B_raw,1.695634134478088
2006,BMC49A_raw,1.5927467517836726
2006,BMC51A_raw,2.068642804366057
2006,BMC52A_raw,2.020397140429873
2006,BMC53A_raw,1.97037445197934
2006,BMC54A_raw,1.7699408892687265
2006,BMC54B_raw,1.6076569764156798
2006,BMC57A_raw,1.3286808749205343
2006,BMC57B_raw,1.5363376651557514
2006,BMC58A_raw,2.7850225179049053
2006,BMC58B_raw,1.4595939109299807
2006,BMC59A_raw,3.081702588298095
2006,BMC59B_raw,2.1040515870377128
2006,BMC60A_raw,0.8234476444771172
2006,BMC60B_raw,1.7926600847042455
2006,BMC61B_raw,1.898480223844794
2006,BMC62B_raw,1.8959303249355324
2007,BMC42A_raw,2.820642313884122
2007,BMC42B_raw,1.1927223971599636
2007,BMC43A_raw,1.128661556112391
2007,BMC47A_raw,1.2307149772633412
2007,BMC47B_raw,1.2470952342539485
2007,BMC48B_raw,1.3622668478591824
2007,BMC49A_raw,1.296620284635704
2007,BMC51A_raw,2.0429705474482764
2007,BMC52A_raw,1.0395961063374788
2007,BMC53A_raw,0.8132177131681397
2007,BMC54A_raw,1.55436043580624
2007,BMC54B_raw,1.0970320725188059
2007,BMC57A_raw,1.1754493334912621
2007,BMC57B_raw,1.6714654822622732
2007,BMC58A_raw,1.944677423048419
2007,BMC58B_raw,1.1859027844104666
2007,BMC59A_raw,2.0923142085443165
2007,BMC59B_raw,1.6104637131483492
2007,BMC60A_raw,0.8229949728362086
2007,BMC60B_raw,1.506222945308946
2007,BMC61B_raw,1.1199763651756898
2007,BMC62B_raw,0.8770213976269048
2008,BMC42A_raw,2.78300568758908
2008,BMC42B_raw,1.2497204758346503
2008,BMC43A_raw,1.2835560850967636
2008,BMC47A_raw,1.1951050971403656
2008,BMC47B_raw,1.2813967318530897
2008,BMC48B_raw,0.9836095051660547
2008,BMC49A_raw,1.3523967877140202
2008,BMC51A_raw,2.183282163324381
2008,BMC52A_raw,1.589390702346699
2008,BMC53A_raw,1.668517636808985
2008,BMC54A_raw,1.5316584644965765
2008,BMC54B_raw,1.382837519406137
2008,BMC57A_raw,1.397003238237053
2008,BMC57B_raw,1.966347752429821
2008,BMC58A_raw,2.7689776195908027
2008,BMC58B_raw,1.3683294388302607
2008,BMC59A_raw,2.2707289739032532
2008,BMC59B_raw,1.9778730774060718
2008,BMC60A_raw,0.7630819383578871
2008,BMC60B_raw,1.643032881997154
2008,BMC61B_raw,1.5680877960223036
2008,BMC62B_raw,1.6250549867191317
2009,BMC42A_raw,1.9954671343160586
2009,BMC42B_raw,1.2856353129051703
2009,BMC43A_raw,1.480750518479411
2009,BMC47A_raw,0.9817454051375902
2009,BMC47B_raw,1.212729445350454
2009,BMC48B_raw,0.8394410090654776
2009,BMC49A_raw,1.185844515987381
2009,BMC51A_raw,1.583095364728389
2009,BMC52A_raw,1.2690421915922718
2009,BMC53A_raw,1.5273853937779018
2009,BMC54A_raw,1.4749201838021093
2009,BMC54B_raw,1.187674120078165
2009,BMC57A_raw,1.9763792427574465
2009,BMC57B_raw,2.617590989190151
2009,BMC58A_raw,1.928781432838357
2009,BMC58B_raw,1.3226991923147913
2009,BMC59A_raw,2.1247538912232518
2009,BMC59B_raw,1.4519957237149002
2009,BMC60A_raw,0.7626630203649135
2009,BMC60B_raw,1.2446314227864679
2009,BMC61B_raw,1.3868512204691879
2009,BMC62B_raw,1.4960694132422734
2010,BMC42A_raw,2.033948110334647
2010,BMC42B_raw,1.1820685515562728
2010,BMC43A_raw,1.3987037221609815
2010,BMC47A_raw,1.2827572209392355
2010,BMC47B_raw,1.3957587396492301
2010,BMC48B_raw,0.7042273429683058
2010,BMC49A_raw,1.5566593138250115
2010,BMC51A_raw,2.0042721069384353
2010,BMC52A_raw,1.5926886223115755
2010,BMC53A_raw,1.7528976308929682
2010,BMC54A_raw,1.5656736844285783
2010,BMC54B_raw,1.4134646273161628
2010,BMC57A_raw,1.737965695561796
2010,BMC57B_raw,2.703502061641882
2010,BMC58A_raw,2.706278404993367
2010,BMC58B_raw,1.3378831438537442
2010,BMC59A_raw,2.4815831993571322
2010,BMC59B_raw,1.739793494630162
2010,BMC60A_raw,0.7127481865134546
2010,BMC60B_raw,1.3689950766281391
2010,BMC61B_raw,1.6430119525933329
2010,BMC62B_raw,1.753997227258611
2011,BMC42A_raw,2.21230044472414
2011,BMC42B_raw,1.2934469258318815
2011,BMC43A_raw,1.1483915366862978
2011,BMC47A_raw,0.6375995610674666
2011,BMC47B_raw,0.915235759766708
2011,BMC48B_raw,0.7224692142961723
2011,BMC49A_raw,1.3715527965486884
2011,BMC51A_raw,2.05520215277318
2011,BMC52A_raw,1.7841453832646683
2011,BMC53A_raw,1.4687965614627143
2011,BMC54A_raw,1.4181728851015238
2011,BMC54B_raw,1.4588670993275026
2011,BMC57A_raw,2.453760970133227
2011,BMC57B_raw,3.7110158450976027
2011,BMC58A_raw,2.2861380625116405
2011,BMC58B_raw,1.1402247070552514
2011,BMC59A_raw,2.4329251075808007
2011,BMC59B_raw,2.8261276878409
2011,BMC60A_raw,0.9003405611800279
2011,BMC60B_raw,1.070227471314912
2011,BMC61B_raw,1.5791202408804754
2011,BMC62B_raw,2.1795806227261654
2012,BMC42A_raw,2.047367094744574
2012,BMC42B_raw,1.1568379624912688
2012,BMC43A_raw,1.3321429635733193
2012,BMC47A_raw,1.1267729494375132
2012,BMC47B_raw,1.2355468481754515
2012,BMC48B_raw,0.8310521807989096
2012,BMC49A_raw,1.872271022260033
2012,BMC51A_raw,2.1188899452712424
2012,BMC52A_raw,1.6530001820901636
2012,BMC53A_raw,1.6946445044424712
2012,BMC54A_raw,1.508925522250204
2012,BMC54B_raw,1.5343735003282786
2012,BMC57A_raw,1.8404424973360998
2012,BMC57B_raw,3.6125597456777903
2012,BMC58A_raw,3.1101190589162955
2012,BMC58B_raw,1.474669140850485
2012,BMC59A_raw,4.654997475629762
2012,BMC59B_raw,2.2041693473867023
2012,BMC60A_raw,1.0580620406723482
2012,BMC60B_raw,1.5305629605598823
2012,BMC61B_raw,1.6859475398156483
2012,BMC62B_raw,2.901783395362102
